 4.14069E+03,-9.14883E+02, 5.52186E+03, 3.60424E+03,-5.79522E+03,-2.04911E+03,
 4.14069E+03,-9.14883E+02, 5.52186E+03, 3.60424E+03,-5.79522E+03,-2.04911E+03,
 4.14069E+03,-9.14883E+02, 5.52186E+03, 3.60424E+03,-5.79522E+03,-2.04911E+03,
 4.14069E+03,-9.14883E+02, 5.52186E+03, 3.60424E+03,-5.79522E+03,-2.04911E+03,
 4.14069E+03,-9.14883E+02, 5.52186E+03, 3.60424E+03,-5.79522E+03,-2.04911E+03,
 4.14069E+03,-9.14883E+02, 5.52186E+03, 3.60424E+03,-5.79522E+03,-2.04911E+03,
 4.14069E+03,-9.14883E+02, 5.52186E+03, 3.60424E+03,-5.79522E+03,-2.04911E+03,
 4.14069E+03,-9.14883E+02, 5.52186E+03, 3.60424E+03,-5.79522E+03,-2.04911E+03,
 4.14069E+03,-9.14883E+02, 5.52186E+03, 3.60424E+03,-5.79522E+03,-2.04911E+03,
 4.14069E+03,-9.14883E+02, 5.52186E+03, 3.60424E+03,-5.79522E+03,-2.04911E+03,
 4.13513E+03,-9.15967E+02, 5.51958E+03, 3.59679E+03,-5.79160E+03,-2.04375E+03,
 4.11707E+03,-9.05657E+02, 5.52294E+03, 3.55580E+03,-5.76088E+03,-2.04502E+03,
 4.09898E+03,-8.87095E+02, 5.55782E+03, 3.52320E+03,-5.73595E+03,-2.02466E+03,
 4.08951E+03,-8.83857E+02, 5.59443E+03, 3.49910E+03,-5.69530E+03,-1.97218E+03,
 4.05745E+03,-8.70052E+02, 5.60070E+03, 3.45433E+03,-5.62088E+03,-1.92799E+03,
 4.01588E+03,-8.38026E+02, 5.57202E+03, 3.36401E+03,-5.50908E+03,-1.87103E+03,
 3.94011E+03,-7.83917E+02, 5.51747E+03, 3.20253E+03,-5.32278E+03,-1.82916E+03,
 3.84692E+03,-7.20021E+02, 5.47467E+03, 3.02478E+03,-5.11461E+03,-1.79635E+03,
 3.71986E+03,-6.00396E+02, 5.45162E+03, 2.84232E+03,-4.91419E+03,-1.76985E+03,
 3.55344E+03,-4.49386E+02, 5.44166E+03, 2.65997E+03,-4.71742E+03,-1.77027E+03,
 3.40598E+03,-3.01812E+02, 5.43491E+03, 2.45211E+03,-4.46521E+03,-1.77470E+03,
 3.32026E+03,-2.22707E+02, 5.38252E+03, 2.21842E+03,-4.20156E+03,-1.80352E+03,
 3.25766E+03,-2.12210E+02, 5.22891E+03, 1.94691E+03,-3.90574E+03,-1.83895E+03,
 3.20378E+03,-2.29879E+02, 5.02007E+03, 1.68585E+03,-3.62943E+03,-1.89261E+03,
 3.24622E+03,-3.23098E+02, 4.83401E+03, 1.48279E+03,-3.42500E+03,-1.93794E+03,
 3.38620E+03,-5.37352E+02, 4.73701E+03, 1.36234E+03,-3.30665E+03,-2.00571E+03,
 3.61553E+03,-8.34888E+02, 4.67266E+03, 1.33531E+03,-3.26875E+03,-2.05594E+03,
 3.93864E+03,-1.21214E+03, 4.61644E+03, 1.36467E+03,-3.28196E+03,-2.04708E+03,
 4.32018E+03,-1.70538E+03, 4.54338E+03, 1.42298E+03,-3.31526E+03,-1.99392E+03,
 4.82383E+03,-2.31651E+03, 4.42450E+03, 1.51319E+03,-3.39585E+03,-1.94146E+03,
 5.34316E+03,-2.97968E+03, 4.27852E+03, 1.69232E+03,-3.61955E+03,-1.92268E+03,
 5.80372E+03,-3.56248E+03, 4.18633E+03, 2.01080E+03,-3.93305E+03,-1.91853E+03,
 6.27599E+03,-4.06950E+03, 4.24374E+03, 2.40216E+03,-4.29238E+03,-1.93621E+03,
 6.71360E+03,-4.49740E+03, 4.39206E+03, 2.74778E+03,-4.62612E+03,-1.91990E+03,
 7.08082E+03,-4.87592E+03, 4.51215E+03, 3.01100E+03,-4.86655E+03,-1.88925E+03,
 7.36591E+03,-5.16097E+03, 4.62287E+03, 3.21815E+03,-5.03652E+03,-1.82690E+03,
 7.56540E+03,-5.34476E+03, 4.74909E+03, 3.43582E+03,-5.22782E+03,-1.73889E+03,
 7.65897E+03,-5.41589E+03, 4.88898E+03, 3.66133E+03,-5.45573E+03,-1.72843E+03,
 7.69867E+03,-5.36420E+03, 5.06575E+03, 3.84425E+03,-5.63511E+03,-1.79833E+03,
 7.64485E+03,-5.18318E+03, 5.33020E+03, 4.00083E+03,-5.75141E+03,-1.80304E+03,
 7.51737E+03,-4.83766E+03, 5.67831E+03, 4.08474E+03,-5.72495E+03,-1.73178E+03,
 7.34323E+03,-4.45503E+03, 6.01404E+03, 4.08265E+03,-5.61893E+03,-1.61658E+03,
 7.08830E+03,-4.05511E+03, 6.29792E+03, 4.01583E+03,-5.49116E+03,-1.49498E+03,
 6.90133E+03,-3.72067E+03, 6.53844E+03, 3.95141E+03,-5.36298E+03,-1.39498E+03,
 6.74334E+03,-3.40188E+03, 6.86933E+03, 3.98232E+03,-5.34520E+03,-1.28792E+03,
 6.56796E+03,-3.08052E+03, 7.15034E+03, 4.10154E+03,-5.39578E+03,-1.18862E+03,
 6.45221E+03,-2.83702E+03, 7.35033E+03, 4.23318E+03,-5.47888E+03,-1.15437E+03,
 6.37327E+03,-2.66915E+03, 7.44437E+03, 4.31177E+03,-5.47183E+03,-1.05739E+03,
 6.35496E+03,-2.60319E+03, 7.46893E+03, 4.44534E+03,-5.51180E+03,-8.65319E+02,
 6.30214E+03,-2.58595E+03, 7.39581E+03, 4.61694E+03,-5.64324E+03,-7.46701E+02,
 6.28852E+03,-2.71564E+03, 7.21433E+03, 4.85247E+03,-5.90124E+03,-7.72287E+02,
 6.38652E+03,-2.98831E+03, 7.02278E+03, 5.10255E+03,-6.23503E+03,-8.23360E+02,
 6.59436E+03,-3.38585E+03, 6.74614E+03, 5.34550E+03,-6.52617E+03,-8.63991E+02,
 6.78599E+03,-3.83199E+03, 6.40420E+03, 5.59645E+03,-6.78788E+03,-8.87400E+02,
 6.93481E+03,-4.25916E+03, 5.94376E+03, 5.78018E+03,-6.99861E+03,-9.73421E+02,
 7.00849E+03,-4.59615E+03, 5.41806E+03, 5.82881E+03,-7.08204E+03,-1.13647E+03,
 7.00230E+03,-4.86471E+03, 4.89458E+03, 5.70012E+03,-6.97450E+03,-1.27428E+03,
 6.92476E+03,-5.05370E+03, 4.38790E+03, 5.46929E+03,-6.79199E+03,-1.43149E+03,
 6.75232E+03,-5.16759E+03, 3.88391E+03, 5.09546E+03,-6.46594E+03,-1.67063E+03,
 6.57816E+03,-5.23422E+03, 3.38703E+03, 4.58227E+03,-5.94050E+03,-1.83956E+03,
 6.37400E+03,-5.25666E+03, 2.94325E+03, 3.90757E+03,-5.18491E+03,-1.78210E+03,
 6.08850E+03,-5.22853E+03, 2.44756E+03, 3.14078E+03,-4.26069E+03,-1.62484E+03,
 5.67707E+03,-5.06334E+03, 1.90395E+03, 2.36587E+03,-3.31639E+03,-1.47288E+03,
 5.14536E+03,-4.70073E+03, 1.45906E+03, 1.53689E+03,-2.30839E+03,-1.37995E+03,
 4.48630E+03,-4.19413E+03, 1.07592E+03, 5.81342E+02,-1.04361E+03,-1.10757E+03,
 3.95978E+03,-3.81995E+03, 6.77489E+02, 0.00000E+00, 0.00000E+00,-6.24536E+02,
 3.51900E+03,-3.57134E+03, 6.48798E+01, 0.00000E+00, 0.00000E+00, 0.00000E+00,
 3.10896E+03,-3.33104E+03, 0.00000E+00,-6.96167E+02, 7.12576E+02, 0.00000E+00,
 2.82040E+03,-3.14063E+03, 0.00000E+00,-9.39817E+02, 1.37085E+03, 0.00000E+00,
 2.63021E+03,-3.05837E+03, 0.00000E+00,-9.94977E+02, 1.79031E+03, 2.55101E+02,
 2.51031E+03,-3.02862E+03, 0.00000E+00,-9.19332E+02, 1.94638E+03, 8.99094E+02,
 2.43335E+03,-2.95631E+03, 0.00000E+00,-7.71442E+02, 2.00387E+03, 1.32954E+03,
 2.46584E+03,-2.94697E+03, 0.00000E+00,-5.25395E+02, 1.96149E+03, 1.69801E+03,
 2.61476E+03,-3.11387E+03, 0.00000E+00,-8.23296E+01, 1.79659E+03, 2.09940E+03,
 2.94413E+03,-3.53483E+03, 0.00000E+00, 0.00000E+00, 1.39762E+03, 2.41618E+03,
 3.19573E+03,-3.93679E+03,-1.21419E+02, 0.00000E+00, 5.24046E+02, 2.64380E+03,
 3.41089E+03,-4.17452E+03,-2.72912E+02, 0.00000E+00, 0.00000E+00, 2.67300E+03,
 3.70396E+03,-4.52577E+03,-4.18952E+02, 5.50210E+02, 0.00000E+00, 2.57396E+03,
 3.86147E+03,-4.84284E+03,-7.55187E+02, 8.06406E+02, 0.00000E+00, 2.23709E+03,
 3.79167E+03,-4.93335E+03,-1.18484E+03, 6.60836E+02, 0.00000E+00, 1.76835E+03,
 3.59926E+03,-4.88513E+03,-1.51970E+03, 4.48309E+02, 0.00000E+00, 1.36265E+03,
 3.34309E+03,-4.77231E+03,-1.77429E+03, 3.77880E+02, 0.00000E+00, 9.86046E+02,
 3.02856E+03,-4.63609E+03,-2.08026E+03, 2.77457E+02, 0.00000E+00, 4.53412E+02,
 2.69778E+03,-4.46449E+03,-2.32134E+03, 1.54959E+02, 0.00000E+00, 0.00000E+00,
 2.29967E+03,-4.09390E+03,-2.37589E+03, 9.09885E+01, 0.00000E+00, 0.00000E+00,
 1.90272E+03,-3.60322E+03,-2.28532E+03, 2.61026E+02, 0.00000E+00, 0.00000E+00,
 1.41393E+03,-3.08907E+03,-2.23286E+03, 6.34202E+02, 0.00000E+00, 0.00000E+00,
 8.78553E+02,-2.46247E+03,-2.16591E+03, 9.02414E+02, 0.00000E+00, 0.00000E+00,
 5.96818E+02,-1.93143E+03,-1.83680E+03, 1.41800E+03,-1.23620E+02, 0.00000E+00,
 7.37992E+02,-1.73135E+03,-1.23892E+03, 2.21424E+03,-1.10926E+03, 0.00000E+00,
 1.09850E+03,-1.76054E+03,-5.99451E+02, 3.05515E+03,-2.04290E+03, 4.70250E+02,
 1.58791E+03,-2.00609E+03, 0.00000E+00, 3.85291E+03,-2.95418E+03, 1.08314E+03,
 2.21154E+03,-2.38003E+03, 0.00000E+00, 4.78419E+03,-3.84659E+03, 1.88492E+03,
 2.82358E+03,-2.74646E+03, 1.25629E+03, 5.65082E+03,-4.64756E+03, 2.44795E+03,
 3.48872E+03,-3.26004E+03, 1.76502E+03, 6.41704E+03,-5.40571E+03, 2.84724E+03,
 4.25210E+03,-3.89055E+03, 2.14001E+03, 6.96241E+03,-5.92472E+03, 3.04767E+03,
 5.10999E+03,-4.69208E+03, 2.35887E+03, 7.32765E+03,-6.25411E+03, 3.29401E+03,
 6.09835E+03,-5.71298E+03, 2.50293E+03, 7.76643E+03,-6.70938E+03, 3.47918E+03,
 6.77947E+03,-6.57626E+03, 2.03688E+03, 7.94786E+03,-7.06230E+03, 3.34481E+03,
 7.05287E+03,-7.16649E+03, 0.00000E+00, 7.97917E+03,-7.28435E+03, 3.19339E+03,
 7.14304E+03,-7.64099E+03, 0.00000E+00, 7.92364E+03,-7.33573E+03, 3.05208E+03,
 6.97033E+03,-7.88013E+03, 0.00000E+00, 7.72531E+03,-7.15253E+03, 2.88989E+03,
 6.45858E+03,-7.79036E+03,-3.13547E+02, 7.23183E+03,-6.78417E+03, 2.54370E+03,
 5.84723E+03,-7.56533E+03,-1.15630E+03, 6.70708E+03,-6.43565E+03, 1.72961E+03,
 5.14111E+03,-7.12556E+03,-1.88294E+03, 6.28448E+03,-6.14767E+03, 8.25024E+02,
 4.34200E+03,-6.61302E+03,-2.62676E+03, 6.05979E+03,-5.99377E+03, 4.61197E+02,
 3.51715E+03,-6.03705E+03,-3.25722E+03, 5.94923E+03,-5.96763E+03, 0.00000E+00,
 2.50780E+03,-5.16013E+03,-3.69951E+03, 5.69151E+03,-5.80265E+03, 0.00000E+00,
 1.70851E+03,-4.41472E+03,-3.77630E+03, 5.54485E+03,-5.58686E+03, 3.32665E+02,
 1.12534E+03,-3.76777E+03,-3.65802E+03, 5.40472E+03,-5.24683E+03, 1.22775E+03,
 4.85074E+02,-2.97491E+03,-3.47456E+03, 5.20270E+03,-4.81585E+03, 2.01439E+03,
 1.02245E+02,-2.44822E+03,-3.10357E+03, 5.20702E+03,-4.57642E+03, 2.52552E+03,
 2.32099E+02,-2.47215E+03,-2.55614E+03, 5.58101E+03,-4.64942E+03, 3.06640E+03,
 7.01669E+02,-2.83401E+03,-1.97555E+03, 6.08053E+03,-4.65799E+03, 4.01291E+03,
 1.44990E+03,-3.49805E+03,-1.51311E+03, 6.59578E+03,-4.60945E+03, 5.04771E+03,
 2.29063E+03,-4.24487E+03,-1.05159E+03, 7.07695E+03,-4.52669E+03, 6.06413E+03,
 3.10096E+03,-4.92789E+03,-5.61082E+02, 7.48949E+03,-4.37836E+03, 7.09275E+03,
 3.90163E+03,-5.64500E+03,-1.97687E+02, 7.99934E+03,-4.30017E+03, 8.07961E+03,
 4.45555E+03,-6.24946E+03,-3.07730E+02, 8.43873E+03,-4.20730E+03, 8.99072E+03,
 4.95014E+03,-6.91446E+03,-8.29506E+02, 8.87816E+03,-4.26389E+03, 9.67987E+03,
 5.51909E+03,-7.73274E+03,-1.35449E+03, 9.49121E+03,-4.56337E+03, 1.02695E+04,
 5.79505E+03,-8.25749E+03,-1.94280E+03, 9.90508E+03,-4.82134E+03, 1.06931E+04,
 5.49493E+03,-8.29616E+03,-2.72951E+03, 1.00574E+04,-4.87692E+03, 1.09151E+04,
 4.80348E+03,-7.94569E+03,-3.66398E+03, 1.01249E+04,-5.02401E+03, 1.09242E+04,
 3.84548E+03,-7.25257E+03,-4.58465E+03, 9.98974E+03,-5.05172E+03, 1.07370E+04,
 2.55536E+03,-6.21443E+03,-5.43865E+03, 9.61750E+03,-4.97528E+03, 1.02264E+04,
 1.18744E+03,-5.06969E+03,-6.39532E+03, 9.09200E+03,-4.83687E+03, 9.50999E+03,
 0.00000E+00,-3.70978E+03,-7.38332E+03, 8.40787E+03,-4.55662E+03, 8.73415E+03,
 0.00000E+00,-2.10876E+03,-8.04269E+03, 7.82315E+03,-4.37439E+03, 7.94981E+03,
 0.00000E+00, 0.00000E+00,-8.28435E+03, 7.21514E+03,-4.08116E+03, 7.24928E+03,
-2.37259E+03, 0.00000E+00,-8.32767E+03, 6.35797E+03,-3.58130E+03, 6.50902E+03,
-3.85589E+03, 0.00000E+00,-8.31433E+03, 5.51891E+03,-2.98356E+03, 5.91891E+03,
-4.62914E+03, 6.17167E+02,-8.23584E+03, 4.62079E+03,-2.28662E+03, 5.49704E+03,
-4.92352E+03, 1.14042E+03,-7.86032E+03, 3.52881E+03,-1.28528E+03, 5.17523E+03,
-4.87053E+03, 1.32295E+03,-7.30055E+03, 2.59323E+03,-4.32260E+02, 4.87442E+03,
-4.32887E+03, 1.06612E+03,-6.70452E+03, 2.08232E+03, 0.00000E+00, 4.80780E+03,
-3.43062E+03, 6.19704E+02,-5.85940E+03, 2.01428E+03, 0.00000E+00, 5.09073E+03,
-2.20263E+03, 0.00000E+00,-4.87625E+03, 2.17277E+03, 0.00000E+00, 5.58832E+03,
-3.81816E+02, 0.00000E+00,-3.91149E+03, 2.16673E+03, 0.00000E+00, 5.99359E+03,
 0.00000E+00,-1.49444E+03,-3.06480E+03, 2.04620E+03, 0.00000E+00, 6.28616E+03,
 5.05812E+02,-2.49392E+03,-2.42504E+03, 2.12493E+03, 0.00000E+00, 6.61878E+03,
 1.43642E+03,-3.22739E+03,-1.88437E+03, 2.26237E+03, 0.00000E+00, 6.83806E+03,
 2.18023E+03,-3.82117E+03,-1.32081E+03, 2.35908E+03, 0.00000E+00, 6.91444E+03,
 2.95512E+03,-4.43731E+03,-9.64169E+02, 2.83167E+03, 0.00000E+00, 6.79539E+03,
 3.52469E+03,-4.93393E+03,-8.52043E+02, 3.17518E+03, 0.00000E+00, 6.51300E+03,
 3.67701E+03,-5.16287E+03,-9.40747E+02, 3.04390E+03, 0.00000E+00, 6.08125E+03,
 3.56546E+03,-5.28489E+03,-1.35495E+03, 2.60028E+03, 0.00000E+00, 5.31498E+03,
 3.12169E+03,-5.18980E+03,-1.93160E+03, 1.83558E+03, 0.00000E+00, 4.13213E+03,
 2.53425E+03,-4.92265E+03,-2.54667E+03, 4.32033E+02, 3.89274E+02, 3.03684E+03,
 1.94150E+03,-4.50026E+03,-3.11402E+03, 0.00000E+00, 1.27428E+03, 2.18707E+03,
 1.48243E+03,-4.18549E+03,-3.63445E+03,-4.19135E+02, 1.98145E+03, 1.43294E+03,
 1.33017E+03,-4.20607E+03,-4.15260E+03,-1.27541E+03, 2.64892E+03, 7.83795E+02,
 1.21294E+03,-4.26324E+03,-4.65216E+03,-2.14933E+03, 3.32905E+03, 1.40156E+02,
 9.01181E+02,-4.18905E+03,-5.12992E+03,-3.28502E+03, 4.40893E+03, 0.00000E+00,
 5.70005E+02,-4.08455E+03,-5.48378E+03,-4.32632E+03, 5.49898E+03, 0.00000E+00,
 4.07789E+02,-4.07192E+03,-5.68024E+03,-4.96429E+03, 6.30308E+03, 0.00000E+00,
 3.70695E+02,-3.95557E+03,-5.56284E+03,-5.36565E+03, 7.00890E+03, 0.00000E+00,
 6.10123E+02,-3.92205E+03,-5.23429E+03,-5.34088E+03, 7.45655E+03, 6.78410E+02,
 1.03893E+03,-4.12416E+03,-4.88309E+03,-5.01640E+03, 7.63949E+03, 1.57894E+03,
 1.50511E+03,-4.57828E+03,-4.73204E+03,-4.39464E+03, 7.48025E+03, 2.44476E+03,
 1.85991E+03,-4.91044E+03,-4.49801E+03,-3.52640E+03, 6.90960E+03, 3.32964E+03,
 1.88854E+03,-4.74638E+03,-4.06675E+03,-2.48351E+03, 6.19120E+03, 4.21796E+03,
 1.85336E+03,-4.47988E+03,-3.61195E+03,-1.27126E+03, 5.38153E+03, 5.32830E+03,
 1.98613E+03,-4.26064E+03,-3.02243E+03, 0.00000E+00, 4.30568E+03, 6.49726E+03,
 2.10876E+03,-3.98688E+03,-2.54905E+03, 0.00000E+00, 3.04322E+03, 7.48176E+03,
 2.21100E+03,-3.77638E+03,-2.15317E+03, 0.00000E+00, 4.76749E+02, 8.29285E+03,
 2.34775E+03,-3.78425E+03,-1.93517E+03, 2.88897E+03, 0.00000E+00, 8.87399E+03,
 2.23434E+03,-3.86514E+03,-2.12464E+03, 4.35839E+03, 0.00000E+00, 9.16251E+03,
 1.94139E+03,-3.78165E+03,-2.43688E+03, 5.21727E+03,-2.00738E+01, 9.25412E+03,
 1.52990E+03,-3.30597E+03,-2.58456E+03, 5.61638E+03,-4.04775E+02, 9.23880E+03,
 1.08035E+03,-2.68571E+03,-2.72496E+03, 5.58004E+03,-3.60673E+02, 9.18492E+03,
 8.32951E+02,-2.52068E+03,-3.06026E+03, 5.28255E+03,-1.23985E+02, 8.99476E+03,
 5.72622E+02,-2.58889E+03,-3.60541E+03, 4.78465E+03, 0.00000E+00, 8.67570E+03,
 2.12066E+02,-2.76764E+03,-4.36426E+03, 4.15772E+03, 0.00000E+00, 8.23547E+03,
 9.22384E+01,-3.21853E+03,-4.94690E+03, 3.89522E+03, 0.00000E+00, 7.78871E+03,
 0.00000E+00,-3.59252E+03,-5.48393E+03, 3.76834E+03, 0.00000E+00, 7.47119E+03,
 0.00000E+00,-3.62129E+03,-5.94120E+03, 3.06302E+03, 0.00000E+00, 7.27215E+03,
 0.00000E+00,-3.38970E+03,-6.02437E+03, 2.28704E+03, 0.00000E+00, 7.40707E+03,
 0.00000E+00,-3.09659E+03,-5.96222E+03, 1.76503E+03, 0.00000E+00, 7.62597E+03,
 0.00000E+00,-3.08034E+03,-5.90340E+03, 1.76012E+03, 0.00000E+00, 7.80419E+03,
 0.00000E+00,-3.33842E+03,-5.85610E+03, 2.59607E+03, 0.00000E+00, 7.95873E+03,
 0.00000E+00,-3.57745E+03,-5.69921E+03, 3.47801E+03, 0.00000E+00, 8.22478E+03,
 2.12738E+02,-3.75803E+03,-5.16485E+03, 4.43582E+03, 0.00000E+00, 8.52360E+03,
 9.19338E+02,-3.85542E+03,-4.24515E+03, 5.26297E+03,-2.50286E+02, 8.81494E+03,
 1.41625E+03,-3.62345E+03,-3.23750E+03, 5.58123E+03,-4.18071E+02, 9.02886E+03,
 1.86570E+03,-3.34831E+03,-2.18557E+03, 5.65928E+03,-3.93493E+02, 9.11198E+03,
 2.48362E+03,-3.46185E+03,-1.13151E+03, 5.91478E+03,-7.39988E+02, 9.10314E+03,
 3.06364E+03,-3.72936E+03,-2.32327E+02, 5.96589E+03,-9.91446E+02, 8.60176E+03,
 3.70070E+03,-4.11203E+03, 0.00000E+00, 5.67458E+03,-1.04690E+03, 7.89797E+03,
 4.55220E+03,-4.57727E+03, 2.19254E+02, 5.17888E+03,-7.60675E+02, 7.25134E+03,
 5.27885E+03,-4.84405E+03, 2.36249E+03, 4.30479E+03,-5.35305E+00, 6.59090E+03,
 5.73521E+03,-4.94716E+03, 3.18617E+03, 3.06130E+03, 0.00000E+00, 5.78480E+03,
 5.73515E+03,-4.80240E+03, 3.53738E+03, 0.00000E+00, 2.15437E+03, 4.69855E+03,
 5.29927E+03,-4.42931E+03, 3.47549E+03,-2.78334E+02, 3.39616E+03, 3.44564E+03,
 4.84996E+03,-4.31743E+03, 3.08580E+03,-1.91964E+03, 4.44401E+03, 2.14378E+03,
 4.31870E+03,-4.20917E+03, 2.47242E+03,-3.40032E+03, 5.34331E+03, 8.80115E+02,
 3.48074E+03,-3.70477E+03, 1.86449E+03,-4.84292E+03, 6.27538E+03, 0.00000E+00,
 2.69994E+03,-3.12431E+03, 1.14903E+03,-5.92005E+03, 7.00021E+03, 0.00000E+00,
 1.76599E+03,-2.34013E+03, 0.00000E+00,-6.59803E+03, 7.45719E+03, 0.00000E+00,
 1.64775E+02,-1.03715E+03,-1.19623E+02,-7.26048E+03, 7.73747E+03,-2.22547E+03,
-5.20382E+02, 0.00000E+00,-1.23934E+03,-7.68488E+03, 7.68263E+03,-3.25228E+03,
-2.26572E+03, 3.95083E+02,-2.18086E+03,-7.85152E+03, 7.38147E+03,-4.15945E+03,
-3.39572E+03, 1.47820E+03,-2.76340E+03,-7.60344E+03, 6.76126E+03,-4.67385E+03,
-4.04740E+03, 2.15498E+03,-3.07825E+03,-7.04156E+03, 5.97869E+03,-4.82496E+03,
-4.64793E+03, 3.04126E+03,-3.08790E+03,-6.27768E+03, 5.11069E+03,-4.76005E+03,
-5.17373E+03, 3.96822E+03,-2.83886E+03,-5.40379E+03, 4.17053E+03,-4.56182E+03,
-5.57207E+03, 4.68711E+03,-2.67056E+03,-4.47061E+03, 3.15707E+03,-4.39928E+03,
-6.17588E+03, 5.45639E+03,-2.60780E+03,-3.91484E+03, 2.43298E+03,-4.49116E+03,
-6.72615E+03, 6.08019E+03,-2.56788E+03,-3.62134E+03, 1.93039E+03,-4.52818E+03,
-6.83846E+03, 6.43155E+03,-2.25304E+03,-3.03415E+03, 1.38348E+03,-4.22398E+03,
-6.70318E+03, 6.72332E+03,-1.10024E+03,-2.40904E+03, 9.12566E+02,-3.60066E+03,
-6.57765E+03, 6.94042E+03, 0.00000E+00,-1.63849E+03, 4.58765E+02,-2.71493E+03,
-6.63610E+03, 7.14435E+03, 0.00000E+00,-1.07677E+03, 2.36555E+02,-1.96795E+03,
-7.08877E+03, 7.51461E+03, 0.00000E+00,-6.50579E+02, 1.17083E+02,-1.42592E+03,
-7.74576E+03, 7.90904E+03,-2.17713E+02,-5.92804E+02, 2.25004E+02,-1.03182E+03,
-8.55412E+03, 8.34046E+03,-2.69585E+03,-9.78656E+02, 6.79644E+02,-8.08366E+02,
-9.49162E+03, 8.93968E+03,-3.69475E+03,-1.39874E+03, 1.36456E+03,-1.89703E+02,
-1.01331E+04, 9.36276E+03,-4.35942E+03,-1.52730E+03, 1.93530E+03, 2.42925E+02,
-1.06295E+04, 9.70394E+03,-4.87267E+03,-1.44954E+03, 2.28361E+03, 9.64847E+02,
-1.13083E+04, 1.00970E+04,-5.63442E+03,-1.58392E+03, 2.59444E+03, 1.29735E+03,
-1.17922E+04, 1.01153E+04,-6.49079E+03,-1.89184E+03, 2.80906E+03, 1.20176E+03,
-1.20241E+04, 9.83146E+03,-7.38783E+03,-2.44499E+03, 3.17050E+03, 9.02613E+02,
-1.21437E+04, 9.60815E+03,-8.03742E+03,-2.76373E+03, 3.40801E+03, 7.24819E+02,
-1.18525E+04, 9.27261E+03,-8.18512E+03,-2.94978E+03, 3.59901E+03, 6.27172E+02,
-1.11719E+04, 8.74306E+03,-7.86322E+03,-2.99590E+03, 3.64575E+03, 5.60240E+02,
-1.00421E+04, 7.88946E+03,-7.24796E+03,-2.82887E+03, 3.46931E+03, 5.96395E+02,
-8.51601E+03, 6.55606E+03,-6.41760E+03,-2.53203E+03, 3.03018E+03, 4.94572E+02,
-7.00583E+03, 5.08732E+03,-5.72179E+03,-2.34422E+03, 2.57951E+03, 1.48602E+02,
-5.44717E+03, 3.50201E+03,-5.06057E+03,-2.23995E+03, 2.17546E+03, 0.00000E+00,
-3.62154E+03, 1.81749E+03,-4.18254E+03,-1.90599E+03, 1.73694E+03, 0.00000E+00,
-1.93919E+03, 4.36577E+02,-3.07449E+03,-1.67580E+03, 1.56858E+03, 0.00000E+00,
-9.39403E+01, 0.00000E+00,-1.76058E+03,-1.40697E+03, 1.47946E+03, 0.00000E+00,
 4.68998E+02, 0.00000E+00,-3.66428E+02,-1.23882E+03, 1.40315E+03, 0.00000E+00,
 1.87151E+03,-1.25474E+03, 0.00000E+00,-1.11201E+03, 1.21917E+03, 0.00000E+00,
 3.03363E+03,-2.42191E+03, 1.18020E+03,-1.05472E+03, 1.02609E+03, 0.00000E+00,
 3.77226E+03,-3.13508E+03, 1.85798E+03,-9.76587E+02, 7.41085E+02, 0.00000E+00,
 3.99348E+03,-3.13336E+03, 2.39432E+03,-1.04932E+03, 8.00197E+02, 0.00000E+00,
 3.94450E+03,-2.71834E+03, 3.17771E+03,-1.22455E+03, 1.19329E+03, 0.00000E+00,
 3.61874E+03,-1.87737E+03, 3.96293E+03,-1.67622E+03, 1.82858E+03, 0.00000E+00,
 2.75012E+03,-7.11788E+02, 4.49747E+03,-2.50010E+03, 2.80160E+03, 0.00000E+00,
 1.86349E+03, 0.00000E+00, 4.74010E+03,-3.04317E+03, 3.13531E+03, 0.00000E+00,
 8.96699E+02, 0.00000E+00, 4.83819E+03,-3.48833E+03, 3.14745E+03, 0.00000E+00,
 0.00000E+00, 0.00000E+00, 5.02552E+03,-3.90830E+03, 3.13004E+03,-1.05280E+03,
 0.00000E+00, 6.81344E+02, 5.26700E+03,-4.33688E+03, 3.20249E+03,-2.26654E+03,
 0.00000E+00, 2.37173E+03, 5.62972E+03,-4.68970E+03, 3.29737E+03,-3.25101E+03,
 0.00000E+00, 3.50743E+03, 6.24000E+03,-5.03908E+03, 3.40983E+03,-4.25519E+03,
 0.00000E+00, 4.06693E+03, 6.84155E+03,-5.25814E+03, 3.25484E+03,-5.25657E+03,
 0.00000E+00, 4.02322E+03, 7.12601E+03,-5.26781E+03, 2.78334E+03,-6.27810E+03,
 0.00000E+00, 3.56399E+03, 7.18011E+03,-4.87439E+03, 1.87697E+03,-7.16270E+03,
 0.00000E+00, 2.86676E+03, 7.24663E+03,-3.90502E+03, 4.92935E+02,-7.55050E+03,
 0.00000E+00, 2.12107E+03, 7.67377E+03,-3.04217E+03, 0.00000E+00,-7.60018E+03,
 0.00000E+00, 5.04539E+02, 8.16403E+03,-2.29663E+03, 0.00000E+00,-7.29344E+03,
 2.50697E+03, 0.00000E+00, 8.39217E+03, 0.00000E+00,-1.66430E+02,-6.83736E+03,
 2.85045E+03, 0.00000E+00, 8.25374E+03, 0.00000E+00,-2.03359E+03,-6.48692E+03,
 2.26129E+03, 0.00000E+00, 7.76358E+03, 0.00000E+00,-2.89590E+03,-6.15347E+03,
 9.18520E+02, 0.00000E+00, 7.05765E+03, 5.71023E+02,-3.65368E+03,-5.78222E+03,
 0.00000E+00, 0.00000E+00, 6.30959E+03, 1.18972E+03,-4.16011E+03,-5.30904E+03,
 0.00000E+00, 1.55635E+03, 5.79091E+03, 1.62768E+03,-4.38398E+03,-4.56123E+03,
 0.00000E+00, 2.81618E+03, 5.57424E+03, 1.71586E+03,-4.21014E+03,-3.75652E+03,
-5.38131E+02, 4.19190E+03, 5.41826E+03, 1.09090E+03,-3.36097E+03,-3.29915E+03,
-1.94555E+03, 5.52495E+03, 4.72798E+03, 3.77147E+01,-2.38756E+03,-3.24937E+03,
-3.56565E+03, 6.88402E+03, 3.74795E+03, 0.00000E+00,-8.05934E+02,-3.53096E+03,
-5.40495E+03, 8.39974E+03, 2.77387E+03, 0.00000E+00, 0.00000E+00,-3.90652E+03,
-6.92084E+03, 9.74391E+03, 2.06990E+03,-1.67606E+03, 1.64482E+02,-4.29608E+03,
-7.83384E+03, 1.06597E+04, 1.77318E+03,-3.30602E+03, 1.54138E+03,-4.63974E+03,
-8.33782E+03, 1.12467E+04, 1.63491E+03,-4.88677E+03, 3.09930E+03,-4.85381E+03,
-8.70849E+03, 1.16584E+04, 1.40504E+03,-6.36088E+03, 4.58801E+03,-5.03206E+03,
-9.13787E+03, 1.18752E+04, 8.97301E+02,-7.93763E+03, 5.94464E+03,-5.52929E+03,
-9.45901E+03, 1.18052E+04, 6.73575E+01,-9.46778E+03, 7.07730E+03,-6.27890E+03,
-9.38574E+03, 1.12623E+04, 0.00000E+00,-1.06037E+04, 7.83372E+03,-7.02082E+03,
-8.90769E+03, 1.04786E+04, 0.00000E+00,-1.13601E+04, 8.58147E+03,-7.27738E+03,
-7.95789E+03, 9.40000E+03, 0.00000E+00,-1.14921E+04, 8.93225E+03,-7.11919E+03,
-6.56894E+03, 8.02486E+03, 0.00000E+00,-1.10940E+04, 8.80906E+03,-6.91024E+03,
-5.31361E+03, 6.71775E+03, 0.00000E+00,-1.07101E+04, 8.64473E+03,-6.61277E+03,
-4.55510E+03, 5.70976E+03, 0.00000E+00,-1.03326E+04, 8.42842E+03,-6.27745E+03,
-4.11812E+03, 4.98045E+03, 0.00000E+00,-9.85648E+03, 8.04530E+03,-5.99041E+03,
-3.79137E+03, 4.33909E+03, 0.00000E+00,-9.42055E+03, 7.65875E+03,-5.78421E+03,
-3.23968E+03, 3.80532E+03, 0.00000E+00,-8.86638E+03, 7.34828E+03,-5.39681E+03,
-2.45294E+03, 3.33621E+03, 0.00000E+00,-8.13187E+03, 7.08094E+03,-4.72126E+03,
-1.79971E+03, 3.13211E+03, 4.34339E+02,-7.44723E+03, 6.95083E+03,-3.87284E+03,
-1.40572E+03, 3.11997E+03, 1.46219E+03,-6.84751E+03, 6.64357E+03,-3.26453E+03,
-1.47361E+03, 3.43042E+03, 2.24560E+03,-6.86125E+03, 6.61020E+03,-3.14287E+03,
-1.99834E+03, 4.12130E+03, 2.85381E+03,-7.63969E+03, 7.18471E+03,-3.37764E+03,
-2.52850E+03, 4.89229E+03, 3.49101E+03,-8.65731E+03, 8.06136E+03,-3.68382E+03,
-2.84380E+03, 5.67224E+03, 4.22925E+03,-9.76114E+03, 9.09187E+03,-3.97290E+03,
-3.05863E+03, 6.54255E+03, 5.25075E+03,-1.09767E+04, 1.02401E+04,-4.46071E+03,
-3.13241E+03, 7.40021E+03, 6.43685E+03,-1.20356E+04, 1.12647E+04,-4.97415E+03,
-3.27909E+03, 8.09389E+03, 7.25847E+03,-1.30004E+04, 1.19984E+04,-5.61383E+03,
-3.62288E+03, 8.63302E+03, 7.49002E+03,-1.39331E+04, 1.24895E+04,-6.47203E+03,
-4.08880E+03, 8.99071E+03, 7.43383E+03,-1.46860E+04, 1.26917E+04,-7.44671E+03,
-4.45156E+03, 9.31137E+03, 7.43295E+03,-1.53114E+04, 1.28324E+04,-8.22953E+03,
-4.42341E+03, 9.41919E+03, 7.60385E+03,-1.53955E+04, 1.26685E+04,-8.64811E+03,
-4.07163E+03, 9.23792E+03, 7.77221E+03,-1.46384E+04, 1.18526E+04,-8.63600E+03,
-3.66476E+03, 9.00846E+03, 7.76823E+03,-1.33092E+04, 1.04800E+04,-8.40716E+03,
-3.23644E+03, 8.56648E+03, 7.57672E+03,-1.15711E+04, 8.62344E+03,-8.26685E+03,
-2.65974E+03, 7.72778E+03, 7.20565E+03,-9.49177E+03, 6.38092E+03,-7.95402E+03,
-2.11340E+03, 6.77891E+03, 6.62347E+03,-7.48799E+03, 4.21401E+03,-7.51429E+03,
-1.61820E+03, 5.97571E+03, 6.14935E+03,-5.59402E+03, 2.36831E+03,-6.83323E+03,
-1.10552E+03, 5.49059E+03, 6.23313E+03,-3.67041E+03, 6.90705E+02,-5.83456E+03,
-5.12746E+02, 5.25424E+03, 6.84217E+03,-1.78853E+03, 0.00000E+00,-4.71433E+03,
 0.00000E+00, 4.88181E+03, 7.41732E+03, 0.00000E+00,-2.01311E+03,-3.65394E+03,
 0.00000E+00, 4.43431E+03, 7.62537E+03, 1.03401E+03,-3.18784E+03,-2.81902E+03,
 0.00000E+00, 3.97882E+03, 7.74503E+03, 1.95659E+03,-3.95040E+03,-2.30867E+03,
 0.00000E+00, 3.48799E+03, 7.94031E+03, 2.52260E+03,-4.39717E+03,-1.95069E+03,
 0.00000E+00, 3.40841E+03, 8.29713E+03, 2.61183E+03,-4.30403E+03,-1.67173E+03,
 0.00000E+00, 3.91828E+03, 8.68895E+03, 2.13474E+03,-3.52055E+03,-1.31200E+03,
 0.00000E+00, 4.85264E+03, 8.95894E+03, 1.46911E+03,-2.49103E+03,-8.63056E+02,
 0.00000E+00, 5.86417E+03, 9.03943E+03, 7.44212E+02,-1.54902E+03,-5.54941E+02,
-8.36145E+02, 6.74560E+03, 8.54935E+03, 0.00000E+00,-4.28324E+02,-6.81243E+02,
-1.95333E+03, 7.31931E+03, 7.40955E+03,-1.08000E+03, 2.35578E+02,-1.04019E+03,
-3.22465E+03, 7.89090E+03, 5.95253E+03,-1.92324E+03, 1.02833E+03,-1.40425E+03,
-4.47659E+03, 8.59971E+03, 4.73258E+03,-2.52396E+03, 1.73004E+03,-1.48779E+03,
-5.68255E+03, 9.38953E+03, 3.65478E+03,-2.88589E+03, 2.19709E+03,-1.38306E+03,
-6.94222E+03, 1.02544E+04, 2.45635E+03,-3.20086E+03, 2.67327E+03,-1.36566E+03,
-7.91801E+03, 1.06096E+04, 1.01296E+03,-3.35795E+03, 2.79137E+03,-1.07002E+03,
-8.38096E+03, 1.02151E+04, 0.00000E+00,-3.03698E+03, 2.26083E+03,-8.90398E+02,
-8.40468E+03, 9.25698E+03, 0.00000E+00,-2.52425E+03, 1.40459E+03,-1.28065E+03,
-7.94536E+03, 7.96573E+03,-5.85519E+02,-1.91273E+03, 5.93679E+02,-1.90460E+03,
-7.15673E+03, 6.70412E+03,-2.17275E+03,-9.38333E+02, 0.00000E+00,-2.11020E+03,
-6.14629E+03, 5.59957E+03,-2.34902E+03, 0.00000E+00, 0.00000E+00,-1.97170E+03,
-4.97437E+03, 4.61312E+03,-1.98628E+03, 0.00000E+00, 0.00000E+00,-1.84407E+03,
-3.80716E+03, 3.59178E+03,-1.57165E+03, 0.00000E+00, 0.00000E+00,-2.09422E+03,
-2.58983E+03, 2.34634E+03,-1.17805E+03,-5.85212E+00, 0.00000E+00,-2.69958E+03,
-1.13701E+03, 7.15401E+02,-8.39127E+02,-6.00932E+02, 0.00000E+00,-3.12860E+03,
 0.00000E+00, 0.00000E+00,-3.36544E+01,-1.14487E+03, 0.00000E+00,-3.44258E+03,
 0.00000E+00, 0.00000E+00, 0.00000E+00,-1.88650E+03, 0.00000E+00,-3.70056E+03,
 0.00000E+00, 0.00000E+00, 0.00000E+00,-2.50095E+03, 6.56103E+02,-3.58679E+03,
 0.00000E+00, 0.00000E+00, 7.93935E+02,-3.13744E+03, 1.41122E+03,-3.06447E+03,
 0.00000E+00, 4.70909E+02, 9.23466E+02,-4.11811E+03, 2.46847E+03,-2.99348E+03,
 0.00000E+00, 1.86149E+03, 4.91960E+02,-5.18148E+03, 3.47684E+03,-3.47631E+03,
-1.66879E+03, 3.33482E+03, 0.00000E+00,-6.22059E+03, 4.26926E+03,-4.12578E+03,
-3.46915E+03, 4.76911E+03, 0.00000E+00,-6.98036E+03, 4.92842E+03,-4.55842E+03,
-5.10803E+03, 6.22261E+03, 0.00000E+00,-7.47996E+03, 5.38489E+03,-4.51769E+03,
-6.74678E+03, 7.84747E+03, 0.00000E+00,-7.91188E+03, 5.88306E+03,-4.42009E+03,
-8.13340E+03, 9.22542E+03, 0.00000E+00,-8.32054E+03, 6.36080E+03,-4.68180E+03,
-9.24509E+03, 1.01611E+04, 0.00000E+00,-8.69331E+03, 6.60009E+03,-5.30949E+03,
-1.04299E+04, 1.08693E+04, 0.00000E+00,-9.08390E+03, 6.65907E+03,-6.26803E+03,
-1.12495E+04, 1.11336E+04,-8.73300E+02,-9.30986E+03, 6.41275E+03,-7.26574E+03,
-1.12211E+04, 1.09132E+04,-1.81162E+03,-8.89912E+03, 5.63345E+03,-7.79410E+03,
-1.03647E+04, 1.02659E+04,-1.05234E+03,-8.05205E+03, 4.57638E+03,-7.93981E+03,
-8.96058E+03, 9.28714E+03, 0.00000E+00,-7.03545E+03, 3.48546E+03,-7.81368E+03,
-7.37618E+03, 8.01958E+03, 0.00000E+00,-5.97345E+03, 2.32174E+03,-7.80824E+03,
-6.09709E+03, 6.86259E+03, 0.00000E+00,-4.98818E+03, 1.12475E+03,-8.07161E+03,
-5.04255E+03, 5.82556E+03, 0.00000E+00,-4.08775E+03, 0.00000E+00,-8.48144E+03,
-4.36283E+03, 5.11063E+03, 0.00000E+00,-3.18011E+03, 0.00000E+00,-8.71805E+03,
-4.02662E+03, 4.82228E+03, 7.13018E+01,-2.12292E+03, 0.00000E+00,-8.38454E+03,
-3.50273E+03, 4.57644E+03, 5.90579E+02, 0.00000E+00,-2.02910E+03,-7.32816E+03,
-3.07319E+03, 4.55884E+03, 1.21346E+03, 0.00000E+00,-2.90720E+03,-6.02539E+03,
-3.18339E+03, 4.85499E+03, 1.64619E+03, 9.53280E+01,-3.05807E+03,-5.01246E+03,
-3.86220E+03, 5.40796E+03, 1.41378E+03, 4.08715E+02,-3.05480E+03,-4.22603E+03,
-5.00951E+03, 6.11097E+03, 5.90536E+02, 5.97154E+02,-2.90383E+03,-3.62366E+03,
-6.45246E+03, 7.13894E+03, 0.00000E+00, 5.30528E+02,-2.38065E+03,-2.97662E+03,
-7.53675E+03, 8.05859E+03, 0.00000E+00, 2.04190E+02,-1.50867E+03,-2.13031E+03,
-8.27387E+03, 8.78166E+03, 0.00000E+00, 0.00000E+00,-3.46915E+02,-1.21308E+03,
-8.65489E+03, 9.15289E+03, 0.00000E+00,-1.95268E+02, 6.67469E+02,-2.86401E+02,
-8.74467E+03, 9.09962E+03, 0.00000E+00,-9.04921E+02, 1.70238E+03, 2.32163E+02,
-8.94659E+03, 8.92759E+03,-1.53751E+03,-1.87676E+03, 2.71792E+03, 1.62295E+02,
-8.95166E+03, 8.41257E+03,-3.27626E+03,-3.09347E+03, 3.72285E+03, 0.00000E+00,
-8.39580E+03, 7.51525E+03,-3.70917E+03,-4.08512E+03, 4.68466E+03, 0.00000E+00,
-7.36905E+03, 6.47197E+03,-3.66182E+03,-4.85478E+03, 5.76864E+03, 0.00000E+00,
-5.87823E+03, 5.28959E+03,-3.09328E+03,-5.39041E+03, 6.69211E+03, 0.00000E+00,
-3.83931E+03, 3.56772E+03,-2.03844E+03,-5.55523E+03, 7.06947E+03, 1.75762E+01,
-1.80312E+03, 1.59339E+03,-1.15247E+03,-5.22084E+03, 6.82408E+03, 2.83786E+02,
 0.00000E+00, 0.00000E+00,-8.25481E+02,-4.61714E+03, 6.17639E+03, 6.36734E+02,
 1.72949E+03,-2.54253E+03,-7.91274E+02,-3.88872E+03, 5.43327E+03, 1.20978E+03,
 3.17512E+03,-4.23803E+03,-6.29793E+02,-3.08878E+03, 4.80236E+03, 1.93361E+03,
 4.59065E+03,-5.59045E+03,-2.47271E+02,-2.18225E+03, 4.39584E+03, 3.02505E+03,
 5.56612E+03,-6.28134E+03, 0.00000E+00,-1.26904E+03, 4.32258E+03, 4.47083E+03,
 5.85793E+03,-6.39307E+03, 0.00000E+00,-4.92916E+02, 4.37017E+03, 6.05561E+03,
 5.78221E+03,-6.45388E+03,-3.37107E+01, 0.00000E+00, 4.23874E+03, 7.20891E+03,
 5.43859E+03,-6.54441E+03,-5.48977E+02, 0.00000E+00, 4.15067E+03, 8.04573E+03,
 4.62938E+03,-6.17684E+03,-1.13931E+03, 0.00000E+00, 4.46064E+03, 8.93145E+03,
 3.67047E+03,-5.48570E+03,-1.69156E+03, 0.00000E+00, 5.34196E+03, 9.85391E+03,
 2.56052E+03,-4.32549E+03,-1.95203E+03,-3.91667E+02, 6.58493E+03, 1.06731E+04,
 1.47639E+03,-2.82466E+03,-1.75296E+03,-1.32226E+03, 8.05740E+03, 1.11038E+04,
 4.09592E+02,-1.23042E+03,-1.54676E+03,-2.44321E+03, 9.45936E+03, 1.10999E+04,
-1.08935E+02, 0.00000E+00,-1.77797E+03,-3.60320E+03, 1.06407E+04, 1.06611E+04,
-1.31316E+03, 0.00000E+00,-2.25806E+03,-4.60817E+03, 1.12775E+04, 9.94720E+03,
-1.66929E+03, 0.00000E+00,-2.48953E+03,-5.48109E+03, 1.15961E+04, 8.93137E+03,
-1.96506E+03, 1.00023E+02,-2.20998E+03,-6.38460E+03, 1.19817E+04, 7.88160E+03,
-2.31522E+03, 6.52612E+02,-1.44391E+03,-6.98307E+03, 1.22356E+04, 7.01690E+03,
-2.36719E+03, 1.18739E+03,-5.49738E+02,-7.18833E+03, 1.21659E+04, 6.25878E+03,
-2.39240E+03, 1.52416E+03, 0.00000E+00,-6.98644E+03, 1.14943E+04, 5.33675E+03,
-2.16293E+03, 1.32857E+03, 0.00000E+00,-6.38544E+03, 1.02618E+04, 4.30836E+03,
-1.63611E+03, 5.37416E+02, 0.00000E+00,-5.30488E+03, 8.45196E+03, 3.45637E+03,
-5.78467E+02, 0.00000E+00, 0.00000E+00,-3.72705E+03, 6.14308E+03, 2.85097E+03,
 0.00000E+00, 0.00000E+00, 0.00000E+00,-1.73032E+03, 3.53382E+03, 2.65479E+03,
 0.00000E+00, 0.00000E+00, 0.00000E+00, 0.00000E+00, 9.06833E+02, 2.70155E+03,
 1.55620E+02, 0.00000E+00, 0.00000E+00, 0.00000E+00, 0.00000E+00, 2.60481E+03,
 6.86410E+02, 0.00000E+00, 0.00000E+00, 1.41964E+03, 0.00000E+00, 2.55915E+03,
 8.62154E+02, 0.00000E+00, 0.00000E+00, 2.85726E+03,-1.13734E+03, 2.33373E+03,
 6.65403E+02,-8.07980E+01, 0.00000E+00, 3.45085E+03,-2.02644E+03, 1.56138E+03,
 8.37201E+02,-6.75999E+02, 0.00000E+00, 3.52648E+03,-2.30459E+03, 3.97527E+02,
 1.11730E+03,-7.18572E+02, 0.00000E+00, 3.22815E+03,-2.11962E+03, 0.00000E+00,
 8.50875E+02,-1.46454E+01, 0.00000E+00, 2.49995E+03,-1.22251E+03, 0.00000E+00,
 0.00000E+00, 0.00000E+00, 0.00000E+00, 1.23561E+03, 0.00000E+00, 0.00000E+00,
 0.00000E+00, 0.00000E+00, 0.00000E+00, 0.00000E+00, 0.00000E+00, 0.00000E+00,
-1.80434E+02, 0.00000E+00, 0.00000E+00,-3.50455E+02, 5.82130E+02, 0.00000E+00,
-1.15527E+03, 0.00000E+00, 0.00000E+00,-2.41773E+03, 2.35338E+03,-8.25386E+01,
-2.06725E+03, 1.51687E+02,-1.16737E+03,-3.90629E+03, 3.83586E+03,-5.02414E+02,
-2.60816E+03, 7.55459E+02,-1.80848E+03,-4.71702E+03, 4.79348E+03,-5.25076E+02,
-2.66605E+03, 9.08434E+02,-2.08519E+03,-5.11280E+03, 5.37088E+03,-6.80293E+02,
-2.85607E+03, 9.28461E+02,-2.54488E+03,-5.23239E+03, 5.63184E+03,-7.11211E+02,
-3.08096E+03, 7.42447E+02,-3.58356E+03,-5.23135E+03, 5.80631E+03,-2.32205E+02,
-3.02723E+03, 0.00000E+00,-4.83414E+03,-5.08733E+03, 5.64312E+03,-3.81210E+02,
-2.57757E+03, 0.00000E+00,-5.86278E+03,-4.68543E+03, 5.08474E+03,-7.86987E+02,
-8.19543E+02,-1.12373E+03,-6.50720E+03,-3.75122E+03, 4.08943E+03,-9.01121E+02,
 0.00000E+00,-3.27674E+03,-6.78564E+03,-2.32876E+03, 2.89774E+03,-3.52464E+00,
 8.39995E+02,-5.01234E+03,-6.79813E+03,-5.76980E+02, 1.63732E+03, 2.51617E+02,
 2.66252E+03,-7.03365E+03,-6.85072E+03, 1.16798E+03, 0.00000E+00, 1.55899E+03,
 4.27015E+03,-9.13113E+03,-7.17192E+03, 2.37633E+03,-1.95820E+02, 2.37321E+03,
 5.35204E+03,-1.09740E+04,-7.80235E+03, 3.15838E+03,-9.07449E+02, 3.09763E+03,
 6.32089E+03,-1.26473E+04,-8.44485E+03, 3.87713E+03,-1.42091E+03, 4.01037E+03,
 7.21827E+03,-1.39450E+04,-8.86134E+03, 4.44529E+03,-1.69660E+03, 4.88619E+03,
 7.85297E+03,-1.46109E+04,-8.97004E+03, 4.79240E+03,-1.54775E+03, 5.84230E+03,
 8.13641E+03,-1.48614E+04,-8.99669E+03, 5.02452E+03,-1.09752E+03, 6.84999E+03,
 7.94052E+03,-1.48891E+04,-9.56576E+03, 4.87716E+03,-3.54828E+02, 7.87519E+03,
 7.01664E+03,-1.45491E+04,-1.07310E+04, 4.24866E+03, 0.00000E+00, 8.58858E+03,
 5.41232E+03,-1.36477E+04,-1.19746E+04, 3.13180E+03, 0.00000E+00, 8.87398E+03,
 3.41710E+03,-1.21382E+04,-1.29906E+04, 0.00000E+00, 2.02382E+03, 8.94325E+03,
 1.40728E+03,-1.02948E+04,-1.36873E+04, 0.00000E+00, 3.83636E+03, 9.35333E+03,
 0.00000E+00,-8.44924E+03,-1.40214E+04, 0.00000E+00, 4.79489E+03, 1.00616E+04,
 0.00000E+00,-6.63212E+03,-1.43003E+04, 0.00000E+00, 5.58824E+03, 1.05591E+04,
 0.00000E+00,-4.94700E+03,-1.44973E+04, 0.00000E+00, 5.95984E+03, 1.05303E+04,
 0.00000E+00,-1.38736E+03,-1.48002E+04, 0.00000E+00, 5.71014E+03, 1.02836E+04,
-3.57317E+03, 0.00000E+00,-1.52864E+04, 0.00000E+00, 5.15758E+03, 9.95167E+03,
-5.18461E+03, 0.00000E+00,-1.54122E+04, 0.00000E+00, 4.31583E+03, 9.49583E+03,
-5.41531E+03, 0.00000E+00,-1.47387E+04, 0.00000E+00, 2.92781E+03, 9.24205E+03,
-4.81150E+03, 0.00000E+00,-1.34086E+04, 6.06683E+02, 2.47295E+02, 9.20690E+03,
-3.14634E+03, 0.00000E+00,-1.20961E+04, 3.26621E+03, 0.00000E+00, 9.25023E+03,
 0.00000E+00, 0.00000E+00,-1.09599E+04, 4.32285E+03, 0.00000E+00, 9.16594E+03,
 0.00000E+00,-2.30262E+03,-9.89731E+03, 5.40188E+03, 0.00000E+00, 8.86034E+03,
 0.00000E+00,-4.22019E+03,-8.62630E+03, 6.72744E+03,-1.51877E+03, 8.42519E+03,
 5.58305E+02,-5.22452E+03,-7.24266E+03, 7.88406E+03,-2.99405E+03, 8.31032E+03,
 1.83232E+03,-5.71436E+03,-5.61535E+03, 8.56758E+03,-3.76870E+03, 8.50655E+03,
 3.12924E+03,-6.01740E+03,-3.76730E+03, 8.97013E+03,-4.08527E+03, 8.83209E+03,
 4.24244E+03,-6.18310E+03,-1.90966E+03, 9.17596E+03,-4.23372E+03, 9.06043E+03,
 4.70869E+03,-6.04669E+03,-4.83081E+02, 8.98797E+03,-4.10921E+03, 8.86582E+03,
 4.34997E+03,-5.56018E+03, 0.00000E+00, 8.57281E+03,-3.95526E+03, 8.33877E+03,
 3.56529E+03,-4.75056E+03, 0.00000E+00, 7.78026E+03,-3.44822E+03, 7.60005E+03,
 2.60426E+03,-3.37459E+03, 0.00000E+00, 6.66979E+03,-2.59529E+03, 6.88731E+03,
 1.38208E+03,-1.29363E+03, 0.00000E+00, 5.11940E+03,-9.75451E+02, 6.10591E+03,
 0.00000E+00, 0.00000E+00, 8.65745E+02, 3.08183E+03, 0.00000E+00, 5.39517E+03,
-1.22582E+02, 0.00000E+00, 1.80140E+03, 5.48155E+02, 0.00000E+00, 4.80482E+03,
-9.89653E+02, 3.33070E+02, 2.15753E+03, 0.00000E+00, 2.35070E+03, 4.06774E+03,
-1.62778E+03, 1.29771E+03, 2.34452E+03,-9.16018E+02, 3.48176E+03, 2.76893E+03,
-1.81014E+03, 1.63276E+03, 2.55715E+03,-2.18239E+03, 4.21624E+03, 1.43276E+03,
-1.31815E+03, 1.15640E+03, 2.90001E+03,-3.02608E+03, 4.74342E+03, 4.96855E+02,
-1.70814E+02, 0.00000E+00, 3.54204E+03,-3.74363E+03, 5.49041E+03, 0.00000E+00,
 1.27840E+03, 0.00000E+00, 4.47043E+03,-4.17306E+03, 6.07573E+03, 0.00000E+00,
 2.87202E+03,-3.33413E+02, 5.27727E+03,-4.24215E+03, 6.17169E+03, 0.00000E+00,
 4.61849E+03,-2.43649E+03, 5.70746E+03,-3.73350E+03, 5.46320E+03, 0.00000E+00,
 6.50169E+03,-4.90413E+03, 5.76241E+03,-2.83658E+03, 4.29436E+03, 0.00000E+00,
 8.27107E+03,-7.13950E+03, 5.82870E+03,-1.88881E+03, 3.07542E+03, 0.00000E+00,
 1.00806E+04,-9.16225E+03, 6.07598E+03,-9.01801E+02, 1.91765E+03, 2.88524E+02,
 1.18938E+04,-1.08675E+04, 6.44994E+03, 0.00000E+00, 3.45493E+02, 1.45142E+03,
 1.32107E+04,-1.21247E+04, 6.63713E+03, 2.14024E+03, 0.00000E+00, 2.98986E+03,
 1.37836E+04,-1.29125E+04, 6.30166E+03, 3.62331E+03,-7.57351E+02, 4.39322E+03,
 1.37033E+04,-1.33780E+04, 5.57117E+03, 5.00609E+03,-1.89187E+03, 5.42869E+03,
 1.31731E+04,-1.35731E+04, 4.24070E+03, 6.05736E+03,-2.92534E+03, 6.07032E+03,
 1.22903E+04,-1.33634E+04, 0.00000E+00, 6.80882E+03,-3.57431E+03, 6.72847E+03,
 1.11015E+04,-1.25343E+04, 0.00000E+00, 7.02953E+03,-3.48994E+03, 7.58450E+03,
 9.61031E+03,-1.11207E+04, 0.00000E+00, 7.02923E+03,-2.96933E+03, 8.43210E+03,
 7.95792E+03,-9.53754E+03, 0.00000E+00, 6.84207E+03,-2.32611E+03, 8.97799E+03,
 5.87603E+03,-7.66669E+03,-1.22927E+03, 6.41261E+03,-1.69048E+03, 9.08310E+03,
 3.49921E+03,-5.92817E+03,-2.93486E+03, 5.53725E+03,-8.90971E+02, 8.77554E+03,
 1.60640E+03,-4.78669E+03,-4.72792E+03, 4.41220E+03,-2.11218E+02, 8.04186E+03,
 4.24753E+02,-4.16434E+03,-6.05256E+03, 3.73428E+03,-2.97110E+01, 7.20094E+03,
 0.00000E+00,-3.76105E+03,-6.73377E+03, 3.41662E+03,-3.06616E+01, 6.67117E+03,
 0.00000E+00,-3.54314E+03,-7.16915E+03, 3.76721E+03,-4.47587E+02, 6.62177E+03,
 0.00000E+00,-3.78507E+03,-7.62198E+03, 4.56742E+03,-1.32661E+03, 6.56378E+03,
 3.41874E+02,-4.55166E+03,-8.08063E+03, 5.72233E+03,-2.71420E+03, 6.27424E+03,
 9.46033E+02,-5.75472E+03,-8.56021E+03, 6.87329E+03,-4.39018E+03, 5.54424E+03,
 1.62405E+03,-7.01223E+03,-9.08807E+03, 8.19229E+03,-6.34047E+03, 4.65486E+03,
 2.83663E+03,-8.64070E+03,-9.28776E+03, 9.89723E+03,-8.52159E+03, 4.35813E+03,
 4.53431E+03,-1.02970E+04,-8.88537E+03, 1.20740E+04,-1.09065E+04, 4.90898E+03,
 5.98648E+03,-1.14097E+04,-8.10667E+03, 1.44353E+04,-1.31859E+04, 5.75069E+03,
 7.02568E+03,-1.21074E+04,-7.28110E+03, 1.64426E+04,-1.50943E+04, 6.46552E+03,
 7.77666E+03,-1.27636E+04,-6.78961E+03, 1.81172E+04,-1.68069E+04, 6.88263E+03,
 8.25153E+03,-1.33787E+04,-6.63953E+03, 1.90259E+04,-1.80016E+04, 6.71161E+03,
 8.53296E+03,-1.36378E+04,-6.28374E+03, 1.93603E+04,-1.86891E+04, 6.22284E+03,
 8.85033E+03,-1.34795E+04,-5.37403E+03, 1.93632E+04,-1.89439E+04, 5.26555E+03,
 9.07060E+03,-1.28859E+04,-4.15198E+03, 1.92619E+04,-1.88879E+04, 4.73903E+03,
 9.24229E+03,-1.21385E+04,-2.66656E+03, 1.86575E+04,-1.81678E+04, 4.95398E+03,
 8.89102E+03,-1.09398E+04,-1.27809E+03, 1.72138E+04,-1.67039E+04, 4.44945E+03,
 8.05253E+03,-9.47886E+03,-1.87716E+02, 1.49445E+04,-1.48786E+04, 4.37040E+02,
 7.12124E+03,-8.20836E+03, 0.00000E+00, 1.21716E+04,-1.29115E+04, 0.00000E+00,
 6.33567E+03,-7.00402E+03, 0.00000E+00, 9.27538E+03,-1.08649E+04, 0.00000E+00,
 5.50417E+03,-5.53179E+03, 7.36335E+01, 6.34838E+03,-8.57480E+03,-1.69518E+03,
 4.98680E+03,-4.08301E+03, 2.64836E+03, 3.96517E+03,-6.50614E+03,-3.08215E+03,
 4.77103E+03,-2.95050E+03, 4.29271E+03, 2.12036E+03,-4.85499E+03,-4.20625E+03,
 4.53211E+03,-2.20270E+03, 5.42334E+03, 6.43442E+02,-3.68126E+03,-5.41610E+03,
 4.53622E+03,-2.14593E+03, 5.95814E+03, 0.00000E+00,-2.78731E+03,-6.72829E+03,
 4.78835E+03,-2.48208E+03, 6.08479E+03, 0.00000E+00,-2.72482E+03,-8.02827E+03,
 5.48924E+03,-3.13995E+03, 6.32508E+03, 0.00000E+00,-3.73668E+03,-9.14281E+03,
 6.36818E+03,-3.79874E+03, 6.66275E+03, 0.00000E+00,-4.91616E+03,-9.66587E+03,
 7.32779E+03,-4.29680E+03, 7.19557E+03, 4.80514E+02,-6.03200E+03,-9.33372E+03,
 8.40272E+03,-5.01621E+03, 7.74040E+03, 2.28356E+03,-7.23169E+03,-8.60669E+03,
 9.71051E+03,-6.22747E+03, 8.11060E+03, 4.08020E+03,-8.77887E+03,-8.07523E+03,
 1.06411E+04,-7.44083E+03, 8.12227E+03, 5.50318E+03,-1.03958E+04,-7.87975E+03,
 1.11608E+04,-8.36395E+03, 7.83880E+03, 6.52534E+03,-1.17039E+04,-7.73294E+03,
 1.16555E+04,-9.07450E+03, 7.53154E+03, 7.29303E+03,-1.25867E+04,-7.15048E+03,
 1.19080E+04,-9.16081E+03, 7.66624E+03, 7.96665E+03,-1.29381E+04,-6.22663E+03,
 1.19217E+04,-8.60919E+03, 8.29527E+03, 8.27475E+03,-1.25307E+04,-5.06203E+03,
 1.15238E+04,-7.64950E+03, 8.90771E+03, 8.08318E+03,-1.14836E+04,-3.95576E+03,
 1.09311E+04,-6.76088E+03, 9.22935E+03, 7.48117E+03,-1.02417E+04,-3.03208E+03,
 9.96537E+03,-5.88387E+03, 9.06025E+03, 6.51147E+03,-9.05838E+03,-2.43521E+03,
 8.37625E+03,-4.47395E+03, 8.59445E+03, 5.07221E+03,-7.66364E+03,-2.23878E+03,
 6.11726E+03,-2.24568E+03, 8.23767E+03, 3.41452E+03,-5.87637E+03,-1.86224E+03,
 3.77584E+03, 0.00000E+00, 8.12801E+03, 1.98866E+03,-3.73625E+03,-8.80669E+02,
 1.76831E+02, 4.77100E+02, 8.02567E+03, 7.41119E+02,-1.23037E+03, 0.00000E+00,
 0.00000E+00, 4.55056E+03, 7.66179E+03, 0.00000E+00, 0.00000E+00, 1.27061E+03,
-1.33386E+03, 6.42291E+03, 6.94144E+03,-7.35721E+02, 4.39275E+02, 2.14681E+03,
-3.09616E+03, 7.50650E+03, 5.75559E+03,-8.53342E+02, 1.06228E+03, 2.71845E+03,
-4.34938E+03, 7.89584E+03, 4.24197E+03,-4.91142E+02, 4.78128E+02, 3.35769E+03,
-5.09788E+03, 7.95327E+03, 2.96414E+03, 0.00000E+00, 0.00000E+00, 4.37092E+03,
-5.10572E+03, 7.67715E+03, 2.30059E+03, 2.83588E+02, 0.00000E+00, 5.69122E+03,
-4.37660E+03, 6.85592E+03, 2.09544E+03, 2.91064E+03, 0.00000E+00, 7.20602E+03,
-2.96071E+03, 5.12062E+03, 1.87170E+03, 4.88984E+03,-1.15860E+03, 8.45453E+03,
-1.49102E+03, 2.88550E+03, 1.05774E+03, 6.59587E+03,-2.71394E+03, 9.06961E+03,
 0.00000E+00, 0.00000E+00, 0.00000E+00, 8.16748E+03,-4.60430E+03, 9.18829E+03,
 1.81960E+03,-1.54707E+03, 0.00000E+00, 9.67173E+03,-6.51991E+03, 9.01256E+03,
 3.90575E+03,-4.08748E+03,-5.46342E+01, 1.07256E+04,-7.92126E+03, 8.86683E+03,
 6.04110E+03,-6.18431E+03, 0.00000E+00, 1.13395E+04,-8.59520E+03, 8.79290E+03,
 8.01365E+03,-7.83479E+03, 0.00000E+00, 1.15963E+04,-8.76977E+03, 8.71207E+03,
 9.56557E+03,-9.04140E+03, 2.38765E+02, 1.16794E+04,-8.95974E+03, 8.23301E+03,
 1.04011E+04,-9.73543E+03, 2.60596E+03, 1.13668E+04,-9.20411E+03, 7.03207E+03,
 1.06998E+04,-9.95796E+03, 3.56120E+03, 1.04057E+04,-9.06958E+03, 5.41245E+03,
 1.06828E+04,-9.65986E+03, 4.12935E+03, 9.22270E+03,-8.60769E+03, 3.94704E+03,
 1.07062E+04,-9.01195E+03, 5.28413E+03, 8.15164E+03,-7.96305E+03, 2.72070E+03,
 1.05172E+04,-7.80394E+03, 6.91925E+03, 7.03999E+03,-6.96652E+03, 1.03361E+03,
 9.76460E+03,-5.99318E+03, 8.44876E+03, 5.60234E+03,-5.55207E+03, 0.00000E+00,
 8.65931E+03,-4.16366E+03, 9.45786E+03, 4.17418E+03,-4.22579E+03, 0.00000E+00,
 7.32964E+03,-2.56949E+03, 9.76963E+03, 2.73928E+03,-3.16767E+03, 0.00000E+00,
 6.07186E+03,-1.25226E+03, 9.75587E+03, 1.33648E+03,-2.42677E+03,-9.63216E+02,
 5.28652E+03,-3.64687E+02, 9.75867E+03, 1.19476E+02,-1.87942E+03,-2.19815E+03,
 5.45137E+03,-1.69502E+02, 1.01313E+04, 0.00000E+00,-1.29288E+03,-2.91453E+03,
 6.23956E+03,-4.64143E+02, 1.09048E+04, 0.00000E+00,-1.03570E+03,-3.07990E+03,
 7.18590E+03,-1.05233E+03, 1.15396E+04, 0.00000E+00,-1.41747E+03,-3.29100E+03,
 8.05163E+03,-1.99969E+03, 1.16840E+04, 1.46669E+02,-2.47481E+03,-3.95585E+03,
 9.25143E+03,-3.68305E+03, 1.14981E+04, 6.92004E+02,-3.97602E+03,-4.91688E+03,
 1.10386E+04,-6.11930E+03, 1.12259E+04, 1.58705E+03,-5.82005E+03,-6.06581E+03,
 1.31315E+04,-8.62233E+03, 1.11215E+04, 2.53442E+03,-7.65102E+03,-7.28483E+03,
 1.53270E+04,-1.07523E+04, 1.16169E+04, 3.87144E+03,-9.59648E+03,-8.30720E+03,
 1.74665E+04,-1.25640E+04, 1.24204E+04, 5.45867E+03,-1.15273E+04,-8.94428E+03,
 1.92032E+04,-1.40341E+04, 1.30245E+04, 6.86831E+03,-1.31436E+04,-9.48334E+03,
 1.99533E+04,-1.49687E+04, 1.30394E+04, 7.78115E+03,-1.45176E+04,-1.01780E+04,
 2.00383E+04,-1.54976E+04, 1.26332E+04, 8.04288E+03,-1.55053E+04,-1.12391E+04,
 1.98028E+04,-1.56325E+04, 1.22180E+04, 8.01381E+03,-1.62393E+04,-1.23701E+04,
 1.93961E+04,-1.53075E+04, 1.20879E+04, 7.90719E+03,-1.65346E+04,-1.29539E+04,
 1.85775E+04,-1.41894E+04, 1.21519E+04, 7.67301E+03,-1.60975E+04,-1.27959E+04,
 1.70067E+04,-1.22380E+04, 1.21538E+04, 7.20930E+03,-1.50642E+04,-1.21234E+04,
 1.49940E+04,-1.00714E+04, 1.17737E+04, 6.76884E+03,-1.38508E+04,-1.11265E+04,
 1.26222E+04,-7.93574E+03, 1.08370E+04, 5.70446E+03,-1.21463E+04,-1.01775E+04,
 9.83473E+03,-5.82784E+03, 9.33162E+03, 3.95744E+03,-9.93744E+03,-9.45480E+03,
 6.83475E+03,-3.69310E+03, 7.67689E+03, 2.01998E+03,-7.65119E+03,-8.67535E+03,
 3.99644E+03,-1.31888E+03, 6.55907E+03, 3.85754E+02,-5.43863E+03,-7.59103E+03,
 8.79941E+02, 0.00000E+00, 5.84610E+03, 0.00000E+00,-3.27369E+03,-6.00067E+03,
 0.00000E+00, 4.82497E+02, 5.04214E+03, 0.00000E+00,-1.60082E+02,-4.05508E+03,
-3.84583E+02, 2.93041E+03, 3.82703E+03, 0.00000E+00, 0.00000E+00,-2.02439E+03,
-1.39259E+03, 3.44960E+03, 2.30759E+03,-9.12197E+02, 1.03655E+03,-4.44869E+02,
-1.54453E+03, 3.10737E+03, 7.98499E+02,-1.39475E+03, 1.33754E+03, 0.00000E+00,
-1.51815E+03, 2.60591E+03, 0.00000E+00,-1.79415E+03, 1.29673E+03, 0.00000E+00,
-8.26663E+02, 1.76345E+03, 0.00000E+00,-1.39074E+03, 8.14907E+02, 0.00000E+00,
 0.00000E+00, 5.74301E+02, 0.00000E+00, 0.00000E+00, 0.00000E+00, 0.00000E+00,
 0.00000E+00, 0.00000E+00, 0.00000E+00, 0.00000E+00, 0.00000E+00, 0.00000E+00,
 3.35319E+02,-6.32473E+02, 0.00000E+00, 0.00000E+00,-5.39218E+02, 0.00000E+00,
 2.05097E+03,-2.89081E+03,-3.69932E+02, 6.03506E+02,-1.51021E+03, 0.00000E+00,
 3.43077E+03,-4.75982E+03,-8.52508E+02, 1.56298E+03,-2.44300E+03, 0.00000E+00,
 4.22155E+03,-5.71995E+03,-1.04270E+03, 1.96594E+03,-2.95051E+03, 0.00000E+00,
 4.54792E+03,-5.72720E+03,-8.58492E+02, 1.94782E+03,-2.79084E+03, 0.00000E+00,
 4.73000E+03,-5.46908E+03,-5.06646E+02, 1.33306E+03,-1.81134E+03, 0.00000E+00,
 4.78959E+03,-5.26406E+03,-2.19062E+02, 4.74140E+02,-6.82422E+02, 4.11244E+02,
 4.36705E+03,-4.83248E+03,-3.44302E+02, 0.00000E+00, 0.00000E+00, 1.70524E+03,
 3.37781E+03,-4.02903E+03,-7.53872E+02,-2.30146E+02, 2.07608E+03, 2.05056E+03,
 2.01939E+03,-2.79802E+03,-1.05605E+03,-2.24074E+03, 3.88211E+03, 1.84707E+03,
 3.26524E+02,-1.08682E+03,-1.15334E+03,-4.18964E+03, 5.92842E+03, 1.67052E+03,
-5.43834E+02, 1.05548E+03,-7.33819E+02,-5.98030E+03, 8.30902E+03, 2.13486E+03,
-2.58111E+03, 3.59457E+03, 0.00000E+00,-7.54941E+03, 1.07837E+04, 2.96167E+03,
-3.98599E+03, 5.64466E+03, 3.75223E+02,-8.95576E+03, 1.28654E+04, 3.57133E+03,
-5.04109E+03, 6.98203E+03, 9.20744E+02,-1.03317E+04, 1.43910E+04, 3.51391E+03,
-5.88697E+03, 7.95751E+03, 1.42634E+03,-1.14445E+04, 1.51342E+04, 2.85624E+03,
-6.63650E+03, 8.89000E+03, 1.91867E+03,-1.22786E+04, 1.53213E+04, 1.66988E+03,
-6.74083E+03, 9.42320E+03, 2.77407E+03,-1.23686E+04, 1.46546E+04, 3.35984E+02,
-5.95739E+03, 9.36851E+03, 4.13153E+03,-1.18002E+04, 1.35746E+04, 0.00000E+00,
-4.58973E+03, 8.74248E+03, 5.55614E+03,-1.08989E+04, 1.24003E+04, 0.00000E+00,
-2.79367E+03, 7.43380E+03, 6.86776E+03,-9.50933E+03, 1.06948E+04, 0.00000E+00,
-8.58818E+02, 5.58030E+03, 7.83470E+03,-7.70956E+03, 8.12900E+03,-1.98478E+03,
 0.00000E+00, 3.37266E+03, 8.60079E+03,-5.71321E+03, 4.86183E+03,-3.90474E+03,
 2.79534E+03, 0.00000E+00, 9.31078E+03,-3.81195E+03, 1.64587E+03,-5.43069E+03,
 4.97359E+03,-5.28273E+02, 9.93492E+03,-1.23943E+03, 0.00000E+00,-6.17524E+03,
 6.75641E+03,-2.04718E+03, 1.04006E+04, 5.56300E+02,-3.66449E+03,-6.17989E+03,
 8.19113E+03,-3.24747E+03, 1.05696E+04, 2.67804E+03,-5.88637E+03,-5.95078E+03,
 8.82000E+03,-3.86789E+03, 1.04348E+04, 4.24948E+03,-7.42781E+03,-5.72611E+03,
 8.67286E+03,-4.08592E+03, 9.93803E+03, 5.27151E+03,-8.61907E+03,-5.67310E+03,
 7.97250E+03,-4.01697E+03, 8.95910E+03, 6.18197E+03,-9.91409E+03,-5.84645E+03,
 6.77019E+03,-3.36709E+03, 7.90355E+03, 6.83769E+03,-1.09933E+04,-5.93314E+03,
 5.53355E+03,-2.30723E+03, 7.30082E+03, 7.16385E+03,-1.12688E+04,-5.41435E+03,
 4.35715E+03,-8.99829E+02, 6.92899E+03, 7.18167E+03,-1.06800E+04,-4.25696E+03,
 2.88139E+03, 0.00000E+00, 6.40219E+03, 7.13277E+03,-9.75440E+03,-2.89036E+03,
 0.00000E+00, 1.47813E+03, 5.76557E+03, 6.68828E+03,-8.66878E+03,-2.06918E+03,
-6.92860E+02, 3.85823E+03, 5.07676E+03, 5.90892E+03,-7.68132E+03,-1.93316E+03,
-2.37901E+03, 5.23782E+03, 4.56408E+03, 4.83278E+03,-6.64548E+03,-2.09716E+03,
-3.18582E+03, 5.77235E+03, 4.13161E+03, 3.96536E+03,-5.83671E+03,-2.02004E+03,
-3.42844E+03, 5.86415E+03, 3.72409E+03, 3.49151E+03,-5.15685E+03,-1.47937E+03,
-3.33861E+03, 5.79848E+03, 3.64451E+03, 3.22304E+03,-4.39839E+03,-6.91763E+02,
-2.67509E+03, 5.10003E+03, 3.76124E+03, 3.33875E+03,-3.88810E+03, 0.00000E+00,
-1.70336E+03, 3.70001E+03, 3.38813E+03, 3.64929E+03,-3.95738E+03, 0.00000E+00,
-7.02450E+02, 1.65080E+03, 2.29107E+03, 4.21291E+03,-4.68435E+03, 0.00000E+00,
 5.45115E+02, 0.00000E+00, 9.18152E+02, 4.97925E+03,-5.80638E+03,-2.31652E+01,
 2.39064E+03,-2.95524E+03,-1.59233E+02, 6.24615E+03,-7.17089E+03, 0.00000E+00,
 4.64979E+03,-6.01111E+03,-1.07576E+03, 7.82717E+03,-8.36612E+03, 0.00000E+00,
 6.64002E+03,-8.75220E+03,-2.14247E+03, 9.60310E+03,-9.45235E+03, 1.21171E+03,
 7.85237E+03,-1.07829E+04,-3.34893E+03, 1.12731E+04,-1.03092E+04, 3.99683E+03,
 8.41164E+03,-1.22565E+04,-4.67496E+03, 1.25342E+04,-1.09979E+04, 5.03071E+03,
 8.74166E+03,-1.36506E+04,-6.27009E+03, 1.31180E+04,-1.14045E+04, 5.30716E+03,
 8.50676E+03,-1.44636E+04,-8.12778E+03, 1.28720E+04,-1.11298E+04, 5.41719E+03,
 7.77662E+03,-1.44145E+04,-9.77631E+03, 1.22177E+04,-1.01170E+04, 5.97081E+03,
 6.87312E+03,-1.36177E+04,-1.06143E+04, 1.13613E+04,-8.46624E+03, 7.12164E+03,
 5.70516E+03,-1.22524E+04,-1.06788E+04, 1.02614E+04,-6.42404E+03, 8.04677E+03,
 4.06663E+03,-1.03822E+04,-1.06558E+04, 8.32353E+03,-3.87275E+03, 8.36803E+03,
 2.06021E+03,-8.21513E+03,-1.07601E+04, 5.71560E+03,-1.09661E+03, 8.12402E+03,
 0.00000E+00,-5.89020E+03,-1.07782E+04, 2.23043E+03, 0.00000E+00, 7.54122E+03,
 0.00000E+00,-3.19561E+03,-1.06486E+04, 0.00000E+00, 3.24317E+03, 6.72140E+03,
-2.46652E+03, 0.00000E+00,-1.01810E+04,-3.26485E+03, 6.81610E+03, 5.90604E+03,
-4.42631E+03, 8.34633E+01,-9.16134E+03,-6.17861E+03, 1.00589E+04, 5.58587E+03,
-5.44027E+03, 2.31264E+03,-7.75391E+03,-8.27882E+03, 1.25701E+04, 5.57784E+03,
-6.09542E+03, 3.87411E+03,-6.38624E+03,-9.85052E+03, 1.42746E+04, 5.25881E+03,
-6.62169E+03, 4.75272E+03,-5.52654E+03,-1.13162E+04, 1.53602E+04, 4.28096E+03,
-6.83337E+03, 4.99360E+03,-5.24714E+03,-1.26665E+04, 1.59826E+04, 3.14777E+03,
-6.70908E+03, 4.86039E+03,-5.13420E+03,-1.31124E+04, 1.58722E+04, 2.40824E+03,
-6.36649E+03, 4.71116E+03,-4.82761E+03,-1.26513E+04, 1.52623E+04, 2.15876E+03,
-5.74152E+03, 4.45637E+03,-4.27658E+03,-1.15378E+04, 1.42010E+04, 2.00956E+03,
-4.82423E+03, 3.91109E+03,-3.59676E+03,-9.98503E+03, 1.27625E+04, 1.80779E+03,
-3.90094E+03, 3.08038E+03,-3.10174E+03,-8.11489E+03, 1.08559E+04, 1.68929E+03,
-3.16802E+03, 2.03623E+03,-3.07888E+03,-6.27056E+03, 8.59264E+03, 1.34702E+03,
-2.99040E+03, 1.30011E+03,-3.54556E+03,-5.05166E+03, 6.66567E+03, 5.74607E+02,
-3.15951E+03, 1.19636E+03,-3.89127E+03,-4.34339E+03, 5.23012E+03, 0.00000E+00,
-3.43612E+03, 1.71806E+03,-3.55690E+03,-3.80776E+03, 4.43325E+03, 0.00000E+00,
-4.04625E+03, 2.88090E+03,-2.78668E+03,-3.34844E+03, 4.14075E+03, 0.00000E+00,
-5.10222E+03, 4.52350E+03,-1.97035E+03,-3.48270E+03, 4.37257E+03, 0.00000E+00,
-6.27470E+03, 6.04537E+03,-5.71866E+02,-4.38381E+03, 5.05154E+03,-1.90595E+03,
-7.50392E+03, 7.47272E+03, 0.00000E+00,-5.91061E+03, 6.09690E+03,-3.06633E+03,
-9.10158E+03, 9.22575E+03, 0.00000E+00,-7.73849E+03, 7.37632E+03,-3.94373E+03,
-1.08966E+04, 1.13116E+04, 0.00000E+00,-9.61916E+03, 8.95763E+03,-4.50830E+03,
-1.26817E+04, 1.37229E+04, 0.00000E+00,-1.14493E+04, 1.07880E+04,-4.68052E+03,
-1.38463E+04, 1.57378E+04, 5.64985E+02,-1.28601E+04, 1.25771E+04,-4.33853E+03,
-1.45802E+04, 1.71455E+04, 1.75694E+03,-1.39406E+04, 1.42619E+04,-3.30966E+03,
-1.53195E+04, 1.80896E+04, 2.00335E+03,-1.47740E+04, 1.54559E+04,-1.69214E+03,
-1.58574E+04, 1.84070E+04, 1.54510E+03,-1.52644E+04, 1.60268E+04,-1.64175E+02,
-1.58513E+04, 1.80818E+04, 1.07507E+03,-1.51549E+04, 1.59933E+04, 0.00000E+00,
-1.53397E+04, 1.73617E+04, 8.22056E+02,-1.44193E+04, 1.55566E+04, 0.00000E+00,
-1.45114E+04, 1.62993E+04, 6.40900E+02,-1.29380E+04, 1.46934E+04, 0.00000E+00,
-1.31879E+04, 1.46004E+04, 2.81784E+02,-1.08366E+04, 1.34692E+04, 0.00000E+00,
-1.13134E+04, 1.21259E+04, 0.00000E+00,-8.44006E+03, 1.18407E+04, 1.61462E+03,
-9.04270E+03, 8.87970E+03, 0.00000E+00,-5.91641E+03, 9.83117E+03, 3.17261E+03,
-6.79428E+03, 5.45797E+03,-2.41679E+03,-3.53329E+03, 7.56847E+03, 4.25076E+03,
-4.51069E+03, 2.06890E+03,-4.56495E+03,-9.57248E+02, 4.86519E+03, 5.22928E+03,
-1.59764E+03, 0.00000E+00,-5.70932E+03, 0.00000E+00, 1.66257E+03, 6.22734E+03,
 0.00000E+00,-3.90713E+03,-6.04566E+03, 3.24638E+03, 0.00000E+00, 7.31012E+03,
 2.10353E+03,-6.39640E+03,-6.24577E+03, 4.77293E+03, 0.00000E+00, 8.20984E+03,
 3.58297E+03,-8.42436E+03,-6.91758E+03, 5.44129E+03,-1.10647E+01, 8.79473E+03,
 4.49887E+03,-1.00105E+04,-7.86672E+03, 5.29456E+03, 0.00000E+00, 8.98770E+03,
 4.85729E+03,-1.08626E+04,-8.70200E+03, 4.43310E+03, 0.00000E+00, 8.75392E+03,
 4.89119E+03,-1.11293E+04,-9.20160E+03, 3.03588E+03, 0.00000E+00, 8.21448E+03,
 4.60468E+03,-1.07023E+04,-9.31082E+03, 0.00000E+00, 1.19516E+03, 7.85873E+03,
 4.05552E+03,-9.70974E+03,-9.01110E+03, 0.00000E+00, 4.11921E+03, 8.12675E+03,
 3.18451E+03,-8.33076E+03,-8.61968E+03,-7.27824E+02, 6.47004E+03, 8.69893E+03,
 1.94190E+03,-6.81764E+03,-8.61772E+03,-2.49105E+03, 8.71917E+03, 9.12537E+03,
 4.92375E+02,-5.35864E+03,-8.98491E+03,-4.05295E+03, 1.03838E+04, 9.28143E+03,
 0.00000E+00,-3.82465E+03,-9.47463E+03,-4.99330E+03, 1.12632E+04, 9.42274E+03,
 0.00000E+00,-1.20570E+03,-9.64414E+03,-5.33023E+03, 1.17456E+04, 9.76176E+03,
-1.70292E+03, 0.00000E+00,-9.41623E+03,-5.14512E+03, 1.19899E+04, 1.03764E+04,
-2.28406E+03, 0.00000E+00,-9.00261E+03,-4.48274E+03, 1.19181E+04, 1.11355E+04,
-2.20875E+03, 0.00000E+00,-8.80178E+03,-3.56322E+03, 1.15761E+04, 1.20117E+04,
-1.38265E+03, 0.00000E+00,-8.71920E+03,-2.44460E+03, 1.07437E+04, 1.26979E+04,
 0.00000E+00,-1.66625E+02,-8.77947E+03,-1.32686E+03, 9.34122E+03, 1.27283E+04,
 0.00000E+00,-3.26742E+03,-8.64288E+03,-8.60592E+01, 7.34012E+03, 1.20487E+04,
 2.96526E+02,-5.02074E+03,-7.91865E+03, 0.00000E+00, 5.02581E+03, 1.12743E+04,
 2.10849E+03,-6.46929E+03,-6.79102E+03, 0.00000E+00, 1.01716E+03, 1.08031E+04,
 3.96431E+03,-7.80051E+03,-5.58125E+03, 3.75159E+03, 0.00000E+00, 1.03513E+04,
 5.61614E+03,-9.05287E+03,-4.48337E+03, 5.04721E+03, 0.00000E+00, 9.49941E+03,
 6.71677E+03,-9.88862E+03,-3.61638E+03, 5.57649E+03,-1.01728E+03, 8.01973E+03,
 6.91669E+03,-9.90098E+03,-2.98143E+03, 5.34226E+03,-1.81230E+03, 6.09162E+03,
 6.41531E+03,-9.12468E+03,-2.26785E+03, 4.72637E+03,-2.30683E+03, 3.97300E+03,
 5.55552E+03,-7.80429E+03,-1.50668E+03, 3.60595E+03,-2.07265E+03, 1.99129E+03,
 4.35031E+03,-5.90246E+03,-5.86762E+02, 2.13014E+03,-6.73608E+02, 1.12629E+02,
 2.49255E+03,-3.06512E+03, 0.00000E+00, 2.07387E+02, 0.00000E+00,-5.04497E+02,
 0.00000E+00, 0.00000E+00, 0.00000E+00,-1.24262E+03, 6.20224E+02,-1.20033E+03,
-2.90666E+03, 2.07752E+03,-1.69749E+02,-3.34929E+03, 2.76622E+03,-2.43010E+03,
-5.99870E+03, 5.42212E+03,-6.06652E+02,-5.53252E+03, 4.51560E+03,-3.89808E+03,
-9.03225E+03, 8.60790E+03,-1.33833E+01,-7.81944E+03, 6.50529E+03,-4.95876E+03,
-1.16977E+04, 1.15592E+04, 0.00000E+00,-9.70423E+03, 8.54836E+03,-5.19914E+03,
-1.36678E+04, 1.38382E+04, 0.00000E+00,-1.09499E+04, 1.03867E+04,-4.58776E+03,
-1.50559E+04, 1.54750E+04, 0.00000E+00,-1.18221E+04, 1.20764E+04,-2.67072E+03,
-1.59277E+04, 1.65072E+04, 0.00000E+00,-1.22492E+04, 1.31420E+04, 0.00000E+00,
-1.63606E+04, 1.69134E+04, 0.00000E+00,-1.24651E+04, 1.35824E+04, 0.00000E+00,
-1.62849E+04, 1.65436E+04, 0.00000E+00,-1.25109E+04, 1.34715E+04, 0.00000E+00,
-1.56171E+04, 1.56818E+04, 0.00000E+00,-1.24332E+04, 1.31737E+04, 0.00000E+00,
-1.43449E+04, 1.44258E+04, 0.00000E+00,-1.22688E+04, 1.30752E+04, 0.00000E+00,
-1.25247E+04, 1.28109E+04, 0.00000E+00,-1.15423E+04, 1.27767E+04, 0.00000E+00,
-1.04584E+04, 1.08779E+04, 0.00000E+00,-1.00982E+04, 1.17757E+04, 0.00000E+00,
-8.51100E+03, 8.74746E+03, 0.00000E+00,-8.43419E+03, 1.01484E+04, 0.00000E+00,
-6.79706E+03, 6.79194E+03, 0.00000E+00,-7.06781E+03, 8.47064E+03, 0.00000E+00,
-5.26118E+03, 5.04560E+03, 0.00000E+00,-5.96636E+03, 6.85320E+03, 0.00000E+00,
-4.21180E+03, 3.72211E+03,-1.57991E+03,-5.16828E+03, 5.73730E+03, 0.00000E+00,
-3.78114E+03, 3.14128E+03,-2.33323E+03,-4.56481E+03, 5.26087E+03, 0.00000E+00,
-4.05604E+03, 3.38728E+03,-2.96473E+03,-4.19559E+03, 5.39446E+03, 0.00000E+00,
-4.93189E+03, 4.13197E+03,-3.64000E+03,-4.06270E+03, 5.78906E+03, 9.09125E+01,
-6.39058E+03, 5.09227E+03,-4.74712E+03,-4.27887E+03, 6.15624E+03, 2.98394E+02,
-8.59536E+03, 6.43114E+03,-6.38880E+03,-5.11718E+03, 6.88187E+03, 0.00000E+00,
-1.10993E+04, 8.04550E+03,-8.12029E+03,-6.63676E+03, 8.23686E+03, 0.00000E+00,
-1.33657E+04, 9.72092E+03,-9.61233E+03,-8.38124E+03, 1.01841E+04, 0.00000E+00,
-1.54011E+04, 1.13941E+04,-1.08983E+04,-9.87696E+03, 1.22550E+04, 6.77218E+02,
-1.72629E+04, 1.30226E+04,-1.18742E+04,-1.10629E+04, 1.42734E+04, 1.61702E+03,
-1.87072E+04, 1.42744E+04,-1.26123E+04,-1.18534E+04, 1.57806E+04, 2.65518E+03,
-1.94908E+04, 1.47262E+04,-1.30814E+04,-1.23503E+04, 1.66168E+04, 3.31909E+03,
-1.93856E+04, 1.41703E+04,-1.34250E+04,-1.26532E+04, 1.67913E+04, 3.36386E+03,
-1.86270E+04, 1.30058E+04,-1.35935E+04,-1.26012E+04, 1.64609E+04, 3.29841E+03,
-1.74200E+04, 1.17602E+04,-1.33081E+04,-1.18912E+04, 1.57576E+04, 3.69487E+03,
-1.55915E+04, 1.02896E+04,-1.25434E+04,-1.03382E+04, 1.45094E+04, 4.57169E+03,
-1.33412E+04, 8.63663E+03,-1.15229E+04,-8.23198E+03, 1.26822E+04, 5.27942E+03,
-1.11087E+04, 6.95957E+03,-1.03559E+04,-5.98803E+03, 1.03357E+04, 5.29827E+03,
-8.85441E+03, 5.05324E+03,-9.15844E+03,-3.78214E+03, 7.53168E+03, 4.77964E+03,
-6.45030E+03, 2.79492E+03,-8.19805E+03,-1.30744E+03, 3.99454E+03, 3.91292E+03,
-3.93864E+03, 4.59548E+02,-7.22849E+03, 0.00000E+00, 0.00000E+00, 2.87231E+03,
-1.12046E+03, 0.00000E+00,-6.15481E+03, 1.76967E+03,-9.08163E+02, 1.78370E+03,
 0.00000E+00, 0.00000E+00,-4.84839E+03, 4.62961E+03,-3.83023E+03, 5.79006E+02,
 0.00000E+00, 0.00000E+00,-3.62055E+03, 6.74402E+03,-6.06681E+03, 0.00000E+00,
 0.00000E+00, 0.00000E+00,-2.84054E+03, 7.88863E+03,-7.59869E+03, 0.00000E+00,
 0.00000E+00, 0.00000E+00,-2.50962E+03, 7.69804E+03,-8.39528E+03, 0.00000E+00,
 0.00000E+00, 0.00000E+00,-2.35294E+03, 6.80633E+03,-8.60850E+03,-6.01663E+02,
-7.21098E+02, 7.24372E+01,-2.24951E+03, 5.69559E+03,-8.25774E+03,-2.08547E+03,
-2.41340E+03, 1.75385E+03,-2.15878E+03, 4.49024E+03,-7.34715E+03,-2.94052E+03,
-4.00550E+03, 3.64297E+03,-1.82448E+03, 2.80402E+03,-5.57888E+03,-3.68582E+03,
-5.43787E+03, 5.50943E+03,-5.76331E+02, 6.07510E+02,-3.13532E+03,-4.50435E+03,
-6.80935E+03, 7.15770E+03, 0.00000E+00, 0.00000E+00, 0.00000E+00,-5.58712E+03,
-8.06906E+03, 8.38741E+03, 0.00000E+00,-3.87454E+03, 1.16480E+03,-6.75382E+03,
-8.92087E+03, 9.09301E+03, 0.00000E+00,-6.24991E+03, 3.03402E+03,-7.85477E+03,
-9.12687E+03, 9.37396E+03, 0.00000E+00,-7.82420E+03, 4.29590E+03,-8.40286E+03,
-8.57965E+03, 9.26590E+03, 0.00000E+00,-8.22237E+03, 4.81849E+03,-8.24913E+03,
-7.59724E+03, 8.92832E+03, 1.01063E+03,-7.96552E+03, 4.90212E+03,-7.71998E+03,
-6.50485E+03, 8.32557E+03, 2.22209E+03,-7.44266E+03, 4.64621E+03,-7.36571E+03,
-5.00991E+03, 7.15530E+03, 3.14583E+03,-6.83700E+03, 3.98696E+03,-7.38104E+03,
-3.21488E+03, 5.45965E+03, 3.79630E+03,-5.94989E+03, 2.72007E+03,-7.64280E+03,
-1.59740E+03, 3.83823E+03, 4.12584E+03,-4.68307E+03, 9.41493E+02,-7.81823E+03,
 0.00000E+00, 2.29868E+03, 4.33258E+03,-3.03279E+03, 0.00000E+00,-7.63685E+03,
 0.00000E+00, 0.00000E+00, 5.00447E+03, 0.00000E+00,-1.04697E+03,-6.93533E+03,
 3.04694E+03,-3.08042E+01, 6.03033E+03, 3.65195E+02,-3.43271E+03,-5.87942E+03,
 4.74653E+03,-1.46132E+03, 6.71339E+03, 1.56473E+03,-4.35902E+03,-5.11767E+03,
 5.60886E+03,-2.68609E+03, 6.44249E+03, 1.89666E+03,-4.61434E+03,-4.73591E+03,
 5.89791E+03,-3.56417E+03, 5.46204E+03, 1.65753E+03,-4.38650E+03,-4.52135E+03,
 5.80954E+03,-3.96451E+03, 4.31208E+03, 7.58286E+02,-3.39461E+03,-4.27819E+03,
 5.25152E+03,-3.61099E+03, 3.50972E+03, 0.00000E+00,-9.51985E+02,-3.93119E+03,
 4.15573E+03,-2.48373E+03, 3.07190E+03,-1.25534E+03, 0.00000E+00,-3.37743E+03,
 2.95297E+03,-1.19650E+03, 2.71099E+03,-3.67913E+03, 3.26873E+03,-2.58119E+03,
 1.28621E+03, 0.00000E+00, 2.11316E+03,-6.34028E+03, 6.77521E+03,-4.76386E+02,
 0.00000E+00, 0.00000E+00, 1.14924E+03,-9.56055E+03, 1.03134E+04, 0.00000E+00,
-1.12829E+03, 2.55709E+03, 0.00000E+00,-1.29453E+04, 1.35702E+04, 0.00000E+00,
-3.80391E+03, 4.99706E+03, 0.00000E+00,-1.58795E+04, 1.64727E+04, 0.00000E+00,
-6.02663E+03, 7.30943E+03, 0.00000E+00,-1.81328E+04, 1.90666E+04, 0.00000E+00,
-7.70304E+03, 9.36156E+03, 0.00000E+00,-1.99024E+04, 2.14397E+04, 0.00000E+00,
-8.77080E+03, 1.07672E+04, 0.00000E+00,-2.09544E+04, 2.29646E+04, 0.00000E+00,
-9.34044E+03, 1.14967E+04, 0.00000E+00,-2.10282E+04, 2.32416E+04, 0.00000E+00,
-9.47389E+03, 1.15416E+04, 0.00000E+00,-2.03884E+04, 2.24855E+04, 0.00000E+00,
-9.47059E+03, 1.13842E+04, 0.00000E+00,-1.95075E+04, 2.11839E+04, 0.00000E+00,
-9.16177E+03, 1.09626E+04, 0.00000E+00,-1.82941E+04, 1.95511E+04, 0.00000E+00,
-8.06686E+03, 1.00506E+04, 0.00000E+00,-1.64506E+04, 1.76522E+04, 0.00000E+00,
-6.49170E+03, 8.80692E+03, 6.31536E+02,-1.41169E+04, 1.57932E+04, 0.00000E+00,
-4.64513E+03, 7.15039E+03, 1.04024E+03,-1.17268E+04, 1.39252E+04, 0.00000E+00,
-2.59458E+03, 5.04035E+03, 7.39468E+02,-9.57256E+03, 1.18728E+04, 0.00000E+00,
-4.82649E+02, 2.79135E+03, 0.00000E+00,-7.51742E+03, 9.39524E+03, 0.00000E+00,
 0.00000E+00, 7.85532E+02, 0.00000E+00,-5.67855E+03, 7.06145E+03, 0.00000E+00,
 0.00000E+00, 0.00000E+00, 0.00000E+00,-4.50664E+03, 5.64033E+03, 0.00000E+00,
 0.00000E+00, 0.00000E+00, 0.00000E+00,-4.05479E+03, 5.15263E+03, 0.00000E+00,
 0.00000E+00, 0.00000E+00, 0.00000E+00,-4.02344E+03, 5.29081E+03, 0.00000E+00,
 0.00000E+00, 0.00000E+00, 0.00000E+00,-4.39174E+03, 5.81121E+03, 0.00000E+00,
 0.00000E+00, 0.00000E+00, 0.00000E+00,-5.24442E+03, 6.35181E+03, 0.00000E+00,
 0.00000E+00, 2.22305E+03, 0.00000E+00,-6.69646E+03, 6.75932E+03, 0.00000E+00,
-1.63649E+03, 4.26623E+03, 0.00000E+00,-8.55005E+03, 7.30593E+03,-3.30385E+03,
-3.98952E+03, 6.55416E+03, 0.00000E+00,-1.03202E+04, 8.10925E+03,-5.45522E+03,
-6.15970E+03, 9.09142E+03, 1.11694E+03,-1.19280E+04, 9.28721E+03,-6.87652E+03,
-7.88339E+03, 1.14500E+04, 2.49913E+03,-1.31865E+04, 1.03816E+04,-7.97992E+03,
-9.21077E+03, 1.33717E+04, 3.55783E+03,-1.41268E+04, 1.09034E+04,-9.15862E+03,
-1.01056E+04, 1.47370E+04, 4.44456E+03,-1.45853E+04, 1.06957E+04,-1.04961E+04,
-1.05717E+04, 1.55087E+04, 5.18310E+03,-1.45646E+04, 9.77713E+03,-1.18268E+04,
-1.00778E+04, 1.51896E+04, 5.86143E+03,-1.38651E+04, 8.23417E+03,-1.28604E+04,
-8.32476E+03, 1.37181E+04, 6.84638E+03,-1.25491E+04, 6.47185E+03,-1.33186E+04,
-6.01688E+03, 1.18042E+04, 8.36742E+03,-1.08816E+04, 4.94381E+03,-1.29111E+04,
-3.56174E+03, 9.67521E+03, 9.78280E+03,-8.69893E+03, 3.22886E+03,-1.19916E+04,
-1.00988E+03, 7.08803E+03, 1.05501E+04,-6.32856E+03, 1.16449E+03,-1.12167E+04,
 0.00000E+00, 3.71456E+03, 1.06561E+04,-3.96131E+03, 0.00000E+00,-1.07626E+04,
 4.17281E+03, 0.00000E+00, 1.06477E+04, 0.00000E+00,-2.03573E+03,-1.07508E+04,
 7.38672E+03,-2.29589E+03, 1.07064E+04, 0.00000E+00,-5.28596E+03,-1.06891E+04,
 1.02383E+04,-5.41077E+03, 1.08616E+04, 9.03850E+02,-7.15368E+03,-1.02437E+04,
 1.25454E+04,-7.84106E+03, 1.09943E+04, 2.75160E+03,-8.59185E+03,-9.31635E+03,
 1.40824E+04,-9.41431E+03, 1.11442E+04, 3.96596E+03,-9.31236E+03,-8.35013E+03,
 1.46172E+04,-1.00592E+04, 1.11038E+04, 4.38479E+03,-9.53382E+03,-7.83087E+03,
 1.43821E+04,-1.01634E+04, 1.06056E+04, 4.44136E+03,-9.86734E+03,-8.01358E+03,
 1.36248E+04,-9.87461E+03, 9.72946E+03, 3.85281E+03,-9.85243E+03,-8.64166E+03,
 1.24486E+04,-8.90593E+03, 9.04038E+03, 2.88285E+03,-9.18347E+03,-9.07632E+03,
 1.09430E+04,-7.31090E+03, 8.72601E+03, 1.92126E+03,-7.95896E+03,-9.05860E+03,
 8.95702E+03,-5.04616E+03, 8.40218E+03, 1.16227E+03,-6.53738E+03,-8.54312E+03,
 6.26348E+03,-2.19386E+03, 7.76129E+03, 4.04602E+02,-4.97244E+03,-7.93822E+03,
 2.93479E+03, 0.00000E+00, 6.78954E+03, 0.00000E+00,-3.06068E+03,-7.43659E+03,
 0.00000E+00, 4.10827E+02, 5.63576E+03, 0.00000E+00,-3.14333E+02,-7.39136E+03,
-1.51780E+02, 3.10643E+03, 4.34564E+03, 0.00000E+00, 0.00000E+00,-7.49206E+03,
-1.91723E+03, 4.39702E+03, 3.21652E+03,-3.38517E+02, 0.00000E+00,-7.04181E+03,
-2.88690E+03, 5.05566E+03, 2.09405E+03, 0.00000E+00, 0.00000E+00,-5.66814E+03,
-3.03102E+03, 5.18055E+03, 1.43233E+03, 0.00000E+00, 0.00000E+00,-3.56721E+03,
-2.44065E+03, 4.40712E+03, 9.22276E+02, 0.00000E+00, 0.00000E+00,-1.40379E+03,
-1.49156E+03, 2.91420E+03, 1.52969E+02, 1.49603E+03,-1.50270E+03, 0.00000E+00,
-4.73683E+02, 8.03855E+02, 0.00000E+00, 3.13028E+03,-3.56318E+03, 0.00000E+00,
 0.00000E+00, 0.00000E+00, 0.00000E+00, 4.83515E+03,-5.46429E+03, 0.00000E+00,
 1.09558E+03, 0.00000E+00, 0.00000E+00, 6.67711E+03,-7.19756E+03, 0.00000E+00,
 2.48836E+03,-9.34167E+02, 0.00000E+00, 8.81855E+03,-8.94957E+03, 0.00000E+00,
 3.46767E+03,-1.77370E+03, 0.00000E+00, 1.09902E+04,-1.04673E+04, 1.95677E+03,
 4.19176E+03,-2.07557E+03, 0.00000E+00, 1.25185E+04,-1.15641E+04, 3.34580E+03,
 4.65621E+03,-2.33765E+03, 9.75571E+02, 1.33322E+04,-1.26068E+04, 2.73764E+03,
 4.33742E+03,-1.82061E+03, 1.44413E+03, 1.31820E+04,-1.32131E+04, 3.80266E+01,
 2.81593E+03, 0.00000E+00, 1.69182E+03, 1.23843E+04,-1.31362E+04, 0.00000E+00,
 0.00000E+00, 0.00000E+00, 2.14258E+03, 1.14580E+04,-1.24872E+04, 0.00000E+00,
-2.27062E+01, 2.03746E+03, 2.85088E+03, 1.04074E+04,-1.11912E+04, 0.00000E+00,
-2.20545E+03, 5.45986E+03, 3.57568E+03, 8.74291E+03,-9.20159E+03, 0.00000E+00,
-4.44420E+03, 8.60442E+03, 4.17284E+03, 6.59425E+03,-6.96916E+03, 0.00000E+00,
-6.57977E+03, 1.12620E+04, 4.51268E+03, 4.02113E+03,-4.58592E+03, 0.00000E+00,
-8.80174E+03, 1.35521E+04, 4.28120E+03, 8.24978E+02,-2.06055E+03,-2.17365E+02,
-1.10224E+04, 1.56303E+04, 3.74362E+03, 0.00000E+00, 0.00000E+00,-1.89638E+03,
-1.28600E+04, 1.74704E+04, 3.39486E+03,-3.42338E+03, 1.57192E+03,-2.85211E+03,
-1.38555E+04, 1.87061E+04, 3.58212E+03,-5.19420E+03, 3.65507E+03,-2.87153E+03,
-1.37782E+04, 1.88766E+04, 3.99790E+03,-6.05962E+03, 4.76002E+03,-2.70537E+03,
-1.29463E+04, 1.79856E+04, 4.15467E+03,-6.59987E+03, 5.31171E+03,-3.14378E+03,
-1.16710E+04, 1.63419E+04, 4.01168E+03,-6.92178E+03, 5.18805E+03,-4.02937E+03,
-1.00379E+04, 1.42412E+04, 3.81390E+03,-6.41878E+03, 4.06644E+03,-5.02438E+03,
-8.19076E+03, 1.19361E+04, 3.63932E+03,-5.25185E+03, 2.42222E+03,-5.65968E+03,
-6.16187E+03, 9.65641E+03, 3.81016E+03,-3.73786E+03, 6.38225E+02,-5.83755E+03,
-3.68422E+03, 7.32472E+03, 4.66529E+03,-1.60893E+03, 0.00000E+00,-5.58662E+03,
-9.15994E+02, 4.91810E+03, 5.98094E+03, 0.00000E+00,-1.85783E+03,-5.40475E+03,
 0.00000E+00, 2.25670E+03, 7.11426E+03, 1.48824E+03,-4.60418E+03,-5.62437E+03,
 2.44726E+03, 0.00000E+00, 7.52166E+03, 2.67713E+03,-6.78805E+03,-6.49934E+03,
 3.93224E+03,-5.72378E+01, 7.43571E+03, 3.30322E+03,-8.27752E+03,-7.52948E+03,
 4.79144E+03,-9.91795E+02, 7.50855E+03, 3.74300E+03,-9.17750E+03,-8.07380E+03,
 5.28076E+03,-1.38873E+03, 7.81496E+03, 3.98129E+03,-9.40170E+03,-8.24412E+03,
 5.34027E+03,-1.24722E+03, 8.11473E+03, 3.57484E+03,-8.68016E+03,-8.18875E+03,
 5.16422E+03,-1.04139E+03, 8.29811E+03, 2.55526E+03,-7.39116E+03,-8.15124E+03,
 4.94083E+03,-9.82157E+02, 8.08447E+03, 1.15241E+03,-5.89723E+03,-8.16780E+03,
 4.11862E+03,-8.06244E+02, 7.16737E+03, 0.00000E+00,-4.22959E+03,-8.39829E+03,
 2.98751E+03,-4.74764E+02, 5.69391E+03,-1.03969E+03,-2.34073E+03,-8.47110E+03,
 1.96311E+03,-1.45283E+02, 4.18660E+03,-4.10949E+03, 0.00000E+00,-8.02307E+03,
 1.48148E+03,-7.76023E+01, 3.25885E+03,-5.50433E+03, 2.00078E+03,-6.94299E+03,
 1.36311E+03,-6.54584E+01, 2.75598E+03,-6.60770E+03, 4.24522E+03,-5.58444E+03,
 1.27042E+03,-2.21724E+02, 1.97007E+03,-7.50247E+03, 5.99064E+03,-4.31327E+03,
 1.42878E+03,-1.08881E+03, 5.22843E+02,-7.84182E+03, 6.75452E+03,-3.12641E+03,
 2.01255E+03,-2.72833E+03,-2.72711E+02,-7.31827E+03, 6.35460E+03,-1.98239E+03,
 3.11685E+03,-4.76877E+03,-1.41840E+03,-6.02774E+03, 5.09436E+03,-9.54123E+02,
 4.65041E+03,-6.92255E+03,-2.02638E+03,-4.04494E+03, 3.29895E+03,-2.26645E+02,
 6.73140E+03,-9.13902E+03,-1.98603E+03,-9.70982E+02, 8.73672E+02, 0.00000E+00,
 9.25168E+03,-1.14415E+04,-1.45769E+03, 8.89746E+02,-1.60723E+03, 0.00000E+00,
 1.17334E+04,-1.38075E+04,-1.00335E+03, 4.09211E+03,-4.48918E+03, 0.00000E+00,
 1.36924E+04,-1.60217E+04,-1.06987E+03, 6.89736E+03,-7.67347E+03, 0.00000E+00,
 1.53183E+04,-1.81583E+04,-1.38473E+03, 9.68720E+03,-1.11086E+04, 0.00000E+00,
 1.69651E+04,-2.02364E+04,-1.31523E+03, 1.23750E+04,-1.42362E+04, 0.00000E+00,
 1.84717E+04,-2.18666E+04,-9.13821E+02, 1.44380E+04,-1.63839E+04, 0.00000E+00,
 1.95575E+04,-2.27445E+04,-3.33658E+02, 1.55888E+04,-1.72396E+04, 0.00000E+00,
 2.01152E+04,-2.30231E+04, 0.00000E+00, 1.61402E+04,-1.73209E+04, 0.00000E+00,
 1.99389E+04,-2.27155E+04, 0.00000E+00, 1.62261E+04,-1.69968E+04, 0.00000E+00,
 1.90196E+04,-2.20380E+04,-5.94850E+02, 1.54436E+04,-1.59053E+04, 0.00000E+00,
 1.76477E+04,-2.12959E+04,-1.73448E+03, 1.41291E+04,-1.44313E+04, 0.00000E+00,
 1.61136E+04,-2.02692E+04,-2.58669E+03, 1.25467E+04,-1.25415E+04, 0.00000E+00,
 1.46546E+04,-1.88049E+04,-2.67026E+03, 1.09367E+04,-1.02625E+04, 1.39632E+03,
 1.30108E+04,-1.67818E+04,-2.32507E+03, 9.05251E+03,-7.57075E+03, 3.53243E+03,
 1.09617E+04,-1.42879E+04,-2.25267E+03, 6.79857E+03,-4.81015E+03, 4.48406E+03,
 8.74618E+03,-1.18324E+04,-2.40630E+03, 4.76114E+03,-2.56716E+03, 4.82427E+03,
 6.55290E+03,-9.50224E+03,-2.53734E+03, 3.29563E+03,-1.34359E+03, 4.90937E+03,
 4.48561E+03,-7.27729E+03,-2.51463E+03, 2.21334E+03,-5.57530E+02, 4.43707E+03,
 3.08485E+03,-5.54891E+03,-2.01155E+03, 1.49769E+03,-5.17722E+01, 3.54990E+03,
 2.80442E+03,-4.43086E+03,-5.73613E+02, 2.05623E+03,-5.13413E+02, 2.90119E+03,
 3.29762E+03,-3.49082E+03, 0.00000E+00, 3.29501E+03,-1.61444E+03, 2.33086E+03,
 4.02655E+03,-2.90615E+03, 1.82322E+03, 5.04396E+03,-3.53002E+03, 1.84187E+03,
 4.95166E+03,-3.23620E+03, 3.65387E+03, 6.88590E+03,-5.89634E+03, 5.19365E+02,
 6.22943E+03,-4.43642E+03, 4.47852E+03, 8.59561E+03,-8.43203E+03, 0.00000E+00,
 8.10491E+03,-6.22370E+03, 5.31481E+03, 1.02184E+04,-1.08069E+04, 0.00000E+00,
 1.00632E+04,-7.78399E+03, 6.55318E+03, 1.15548E+04,-1.26511E+04, 0.00000E+00,
 1.18646E+04,-9.08315E+03, 7.88438E+03, 1.26221E+04,-1.38011E+04, 0.00000E+00,
 1.36094E+04,-1.04497E+04, 8.88450E+03, 1.34777E+04,-1.45764E+04, 0.00000E+00,
 1.49078E+04,-1.15229E+04, 9.48382E+03, 1.38534E+04,-1.47868E+04, 0.00000E+00,
 1.53005E+04,-1.19907E+04, 9.56379E+03, 1.32695E+04,-1.41413E+04, 0.00000E+00,
 1.49940E+04,-1.20981E+04, 9.04563E+03, 1.19513E+04,-1.28883E+04, 0.00000E+00,
 1.42110E+04,-1.17979E+04, 8.28543E+03, 1.00475E+04,-1.08379E+04, 0.00000E+00,
 1.30188E+04,-1.07309E+04, 7.89319E+03, 7.93202E+03,-8.12650E+03, 0.00000E+00,
 1.15358E+04,-8.91845E+03, 7.92563E+03, 5.92823E+03,-5.12067E+03, 0.00000E+00,
 9.53178E+03,-6.48935E+03, 7.80751E+03, 4.16161E+03,-2.34097E+03, 1.58396E+03,
 7.36117E+03,-4.11134E+03, 7.40218E+03, 2.45376E+03, 0.00000E+00, 3.09838E+03,
 5.12339E+03,-1.93742E+03, 6.78464E+03, 0.00000E+00, 1.97787E+03, 3.89874E+03,
 2.60262E+03, 0.00000E+00, 6.18716E+03,-1.21790E+03, 4.20658E+03, 4.06896E+03,
 0.00000E+00, 2.77825E+03, 5.69065E+03,-2.83615E+03, 5.91019E+03, 4.00561E+03,
-1.52946E+03, 4.93477E+03, 5.55380E+03,-3.38522E+03, 6.77683E+03, 4.26968E+03,
-2.70623E+03, 6.66760E+03, 5.57044E+03,-3.26135E+03, 7.28026E+03, 5.09643E+03,
-3.14307E+03, 7.71544E+03, 5.71776E+03,-2.49204E+03, 7.11559E+03, 6.15413E+03,
-2.88670E+03, 7.64823E+03, 5.52585E+03,-1.30091E+03, 6.11292E+03, 6.76196E+03,
-2.33045E+03, 6.62975E+03, 4.71639E+03, 0.00000E+00, 4.45084E+03, 6.79759E+03,
-1.04284E+03, 4.68579E+03, 3.84317E+03, 0.00000E+00, 1.88743E+03, 6.70742E+03,
 0.00000E+00, 1.86683E+03, 2.92400E+03, 9.66888E+02, 0.00000E+00, 7.05803E+03,
 0.00000E+00, 0.00000E+00, 1.90849E+03, 4.19621E+03,-7.07594E+02, 7.87888E+03,
 3.15947E+03,-2.74427E+03, 5.19360E+02, 7.12463E+03,-2.95643E+03, 9.08529E+03,
 5.79930E+03,-5.87390E+03, 0.00000E+00, 9.84400E+03,-4.97489E+03, 1.05047E+04,
 7.69529E+03,-8.63387E+03, 0.00000E+00, 1.17303E+04,-6.42276E+03, 1.16631E+04,
 9.08900E+03,-1.13136E+04,-1.91051E+03, 1.30722E+04,-7.77076E+03, 1.22637E+04,
 9.71128E+03,-1.33522E+04,-4.09786E+03, 1.39479E+04,-8.84410E+03, 1.25278E+04,
 9.29917E+03,-1.41120E+04,-5.88705E+03, 1.45530E+04,-9.35929E+03, 1.30182E+04,
 8.50858E+03,-1.39600E+04,-7.22277E+03, 1.49995E+04,-9.20700E+03, 1.41592E+04,
 7.19201E+03,-1.30059E+04,-8.29841E+03, 1.52323E+04,-8.57656E+03, 1.53709E+04,
 5.47558E+03,-1.15111E+04,-9.43573E+03, 1.50868E+04,-7.94532E+03, 1.60182E+04,
 3.26406E+03,-9.48207E+03,-1.04391E+04, 1.45153E+04,-7.41165E+03, 1.58936E+04,
 5.86961E+02,-6.89005E+03,-1.11909E+04, 1.35632E+04,-6.82547E+03, 1.51966E+04,
 0.00000E+00,-3.87347E+03,-1.16789E+04, 1.26488E+04,-6.52157E+03, 1.41697E+04,
 0.00000E+00, 0.00000E+00,-1.17820E+04, 1.21351E+04,-6.47263E+03, 1.33439E+04,
-3.95616E+03, 0.00000E+00,-1.11676E+04, 1.17567E+04,-6.20674E+03, 1.29467E+04,
-5.45657E+03, 4.57674E+02,-1.00652E+04, 1.16586E+04,-6.03295E+03, 1.28155E+04,
-5.60248E+03, 1.31238E+03,-9.15793E+03, 1.16089E+04,-6.15554E+03, 1.23847E+04,
-5.10057E+03, 1.12317E+03,-8.60872E+03, 1.14848E+04,-6.88683E+03, 1.11290E+04,
-3.84336E+03, 0.00000E+00,-8.58953E+03, 1.15847E+04,-8.10669E+03, 9.56414E+03,
-8.68365E+02, 0.00000E+00,-8.49242E+03, 1.23212E+04,-9.71781E+03, 8.24407E+03,
 0.00000E+00,-2.83334E+03,-8.38682E+03, 1.36329E+04,-1.14222E+04, 7.60620E+03,
 3.00288E+02,-6.59026E+03,-8.39290E+03, 1.53610E+04,-1.31595E+04, 7.52120E+03,
 3.70852E+03,-1.00540E+04,-8.28978E+03, 1.70615E+04,-1.47987E+04, 7.65838E+03,
 6.73101E+03,-1.33914E+04,-8.21315E+03, 1.86141E+04,-1.65154E+04, 7.65756E+03,
 9.84506E+03,-1.70816E+04,-8.58768E+03, 2.04133E+04,-1.88870E+04, 6.55605E+03,
 1.25133E+04,-2.06388E+04,-9.35613E+03, 2.19467E+04,-2.12279E+04, 3.10596E+03,
 1.43867E+04,-2.32290E+04,-1.01266E+04, 2.32668E+04,-2.30984E+04, 0.00000E+00,
 1.58822E+04,-2.49511E+04,-1.03784E+04, 2.46011E+04,-2.44601E+04, 0.00000E+00,
 1.66707E+04,-2.55100E+04,-1.00579E+04, 2.54955E+04,-2.51630E+04, 0.00000E+00,
 1.66311E+04,-2.50266E+04,-9.61240E+03, 2.54623E+04,-2.51094E+04, 0.00000E+00,
 1.56437E+04,-2.36470E+04,-9.13124E+03, 2.44919E+04,-2.44906E+04, 0.00000E+00,
 1.39067E+04,-2.15383E+04,-8.59164E+03, 2.27941E+04,-2.35568E+04, 0.00000E+00,
 1.16705E+04,-1.89258E+04,-8.05030E+03, 2.09183E+04,-2.24911E+04, 0.00000E+00,
 9.47032E+03,-1.61321E+04,-7.33981E+03, 1.88873E+04,-2.10418E+04, 0.00000E+00,
 7.22551E+03,-1.29452E+04,-6.06838E+03, 1.63716E+04,-1.86147E+04, 0.00000E+00,
 5.37874E+03,-9.80878E+03,-4.17914E+03, 1.39812E+04,-1.58144E+04, 0.00000E+00,
 4.09751E+03,-7.32815E+03,-1.83435E+03, 1.16873E+04,-1.31979E+04, 0.00000E+00,
 2.64660E+03,-5.09920E+03, 0.00000E+00, 9.16926E+03,-1.07428E+04, 0.00000E+00,
 1.54943E+03,-3.71139E+03, 0.00000E+00, 6.73056E+03,-8.54717E+03,-1.82465E+02,
 1.26537E+03,-3.29419E+03, 0.00000E+00, 4.88103E+03,-6.64509E+03,-9.44214E+01,
 1.81318E+03,-3.51076E+03, 0.00000E+00, 3.87642E+03,-4.94651E+03, 0.00000E+00,
 2.94513E+03,-4.19081E+03, 0.00000E+00, 3.89400E+03,-3.71744E+03, 2.07634E+03,
 4.55744E+03,-5.31905E+03, 0.00000E+00, 4.45597E+03,-2.86069E+03, 3.93478E+03,
 6.33026E+03,-6.82973E+03, 0.00000E+00, 5.40396E+03,-2.58979E+03, 5.63066E+03,
 8.15739E+03,-8.83038E+03, 0.00000E+00, 6.85376E+03,-3.30609E+03, 7.02807E+03,
 9.39567E+03,-1.07841E+04, 0.00000E+00, 8.35196E+03,-4.55698E+03, 7.97175E+03,
 1.01151E+04,-1.24461E+04, 0.00000E+00, 9.95175E+03,-5.94561E+03, 8.97200E+03,
 1.12124E+04,-1.42383E+04,-8.42006E+02, 1.19534E+04,-7.42021E+03, 1.03316E+04,
 1.23119E+04,-1.54802E+04,-1.10003E+03, 1.39935E+04,-8.79207E+03, 1.19601E+04,
 1.28413E+04,-1.58361E+04,-9.73413E+02, 1.56652E+04,-9.95497E+03, 1.29854E+04,
 1.26590E+04,-1.53980E+04,-7.89143E+02, 1.69766E+04,-1.11509E+04, 1.31967E+04,
 1.18451E+04,-1.44355E+04,-8.35431E+02, 1.73864E+04,-1.17727E+04, 1.29119E+04,
 1.03123E+04,-1.28974E+04,-1.14898E+03, 1.67142E+04,-1.14373E+04, 1.22699E+04,
 8.16644E+03,-1.07600E+04,-1.60260E+03, 1.52074E+04,-1.02086E+04, 1.15462E+04,
 5.68915E+03,-7.94328E+03,-1.63567E+03, 1.30482E+04,-8.00638E+03, 1.10037E+04,
 3.60622E+03,-4.92377E+03,-7.35692E+02, 1.08034E+04,-5.38030E+03, 1.07910E+04,
 1.87214E+03,-1.79202E+03, 0.00000E+00, 8.48394E+03,-2.55539E+03, 1.07329E+04,
 0.00000E+00, 0.00000E+00, 9.86215E+02, 5.48686E+03, 0.00000E+00, 1.03087E+04,
-1.68593E+03, 1.11328E+03, 8.93568E+02, 5.14081E+02, 0.00000E+00, 9.65995E+03,
-3.29322E+03, 2.96915E+03, 2.19845E+02, 0.00000E+00, 3.58292E+03, 9.49271E+03,
-4.33713E+03, 3.94982E+03, 0.00000E+00,-1.36947E+03, 7.24902E+03, 9.83828E+03,
-4.72864E+03, 4.30077E+03, 0.00000E+00,-2.87721E+03, 9.88864E+03, 1.07487E+04,
-4.31784E+03, 3.92116E+03, 0.00000E+00,-3.33339E+03, 1.14425E+04, 1.20889E+04,
-3.37239E+03, 2.85350E+03, 0.00000E+00,-2.82057E+03, 1.19133E+04, 1.35044E+04,
-1.78522E+03, 6.81274E+02, 0.00000E+00,-1.64688E+03, 1.13456E+04, 1.46574E+04,
 0.00000E+00, 0.00000E+00, 0.00000E+00,-3.67990E+02, 1.01263E+04, 1.52154E+04,
 0.00000E+00, 0.00000E+00,-4.33755E+02, 0.00000E+00, 8.17272E+03, 1.52586E+04,
 2.85542E+02,-2.87394E+03,-1.02435E+03, 0.00000E+00, 4.86475E+03, 1.54012E+04,
 2.99193E+03,-5.31992E+03,-6.02060E+02, 0.00000E+00, 0.00000E+00, 1.53337E+04,
 5.62012E+03,-7.32833E+03, 0.00000E+00, 4.07988E+03, 0.00000E+00, 1.45084E+04,
 8.13520E+03,-9.38694E+03, 0.00000E+00, 7.48152E+03,-9.04138E+02, 1.32972E+04,
 1.03618E+04,-1.14248E+04, 0.00000E+00, 9.61827E+03,-3.90597E+03, 1.15962E+04,
 1.19571E+04,-1.32294E+04, 0.00000E+00, 1.07608E+04,-6.38306E+03, 9.42683E+03,
 1.32086E+04,-1.48198E+04, 0.00000E+00, 1.11336E+04,-8.16474E+03, 6.82571E+03,
 1.40927E+04,-1.57449E+04, 0.00000E+00, 1.07460E+04,-8.96575E+03, 3.70430E+03,
 1.47214E+04,-1.58773E+04, 0.00000E+00, 9.97471E+03,-8.89290E+03, 0.00000E+00,
 1.49285E+04,-1.52212E+04, 0.00000E+00, 8.64908E+03,-8.03166E+03, 0.00000E+00,
 1.43399E+04,-1.41069E+04, 0.00000E+00, 6.33634E+03,-6.03357E+03,-1.27704E+02,
 1.35193E+04,-1.34905E+04, 0.00000E+00, 3.44536E+03,-3.44703E+03,-1.80175E+03,
 1.24843E+04,-1.31902E+04, 0.00000E+00, 6.34905E+02,-6.46894E+02,-2.95517E+03,
 1.12066E+04,-1.27293E+04, 0.00000E+00, 0.00000E+00, 0.00000E+00,-3.54657E+03,
 1.00690E+04,-1.20878E+04, 0.00000E+00,-3.05223E+03, 5.51915E+01,-3.93139E+03,
 9.48025E+03,-1.15518E+04, 0.00000E+00,-4.72423E+03, 2.29501E+03,-4.12833E+03,
 9.20257E+03,-1.10515E+04, 0.00000E+00,-5.68581E+03, 3.91730E+03,-3.66217E+03,
 9.12061E+03,-1.09562E+04,-2.56971E+02,-5.89455E+03, 4.71125E+03,-2.82912E+03,
 9.14618E+03,-1.14728E+04,-1.08451E+03,-5.49181E+03, 4.34726E+03,-2.43293E+03,
 9.57439E+03,-1.26934E+04,-1.99442E+03,-4.46572E+03, 2.98884E+03,-2.57323E+03,
 1.07544E+04,-1.43872E+04,-2.25037E+03,-2.35216E+03, 5.84987E+02,-2.97472E+03,
 1.21388E+04,-1.56905E+04,-1.62127E+03, 0.00000E+00,-2.14895E+02,-3.13682E+03,
 1.36370E+04,-1.66589E+04,-5.75709E+02, 1.22381E+03,-3.68997E+03,-3.23646E+03,
 1.53275E+04,-1.77186E+04, 0.00000E+00, 4.10479E+03,-6.86162E+03,-3.76534E+03,
 1.69001E+04,-1.90065E+04, 0.00000E+00, 6.52088E+03,-9.79232E+03,-4.28607E+03,
 1.79747E+04,-2.02819E+04, 0.00000E+00, 8.51051E+03,-1.25175E+04,-4.82829E+03,
 1.87401E+04,-2.15797E+04, 0.00000E+00, 1.04713E+04,-1.53743E+04,-5.67582E+03,
 1.91615E+04,-2.25091E+04,-1.28213E+00, 1.21496E+04,-1.78797E+04,-6.65977E+03,
 1.93407E+04,-2.27165E+04, 0.00000E+00, 1.33730E+04,-1.94895E+04,-7.26826E+03,
 1.90471E+04,-2.21544E+04, 0.00000E+00, 1.39654E+04,-1.99582E+04,-7.18783E+03,
 1.83963E+04,-2.13739E+04, 0.00000E+00, 1.39006E+04,-1.96665E+04,-6.91382E+03,
