-2.19779E-06,-2.06261E-06,-1.82579E-06,-8.40526E-07,-6.25414E-07,
-2.19779E-06,-2.06261E-06,-1.82579E-06,-8.40526E-07,-6.25414E-07,
-2.19779E-06,-2.06261E-06,-1.82579E-06,-8.40526E-07,-6.25414E-07,
-2.19779E-06,-2.06261E-06,-1.82579E-06,-8.40526E-07,-6.25414E-07,
-2.19779E-06,-2.06261E-06,-1.82579E-06,-8.40526E-07,-6.25414E-07,
-2.19779E-06,-2.06261E-06,-1.82579E-06,-8.40526E-07,-6.25414E-07,
-2.19779E-06,-2.06261E-06,-1.82579E-06,-8.40526E-07,-6.25414E-07,
-2.19779E-06,-2.06261E-06,-1.82579E-06,-8.40526E-07,-6.25414E-07,
-2.19779E-06,-2.06261E-06,-1.82579E-06,-8.40526E-07,-6.25414E-07,
-2.19779E-06,-2.06261E-06,-1.82579E-06,-8.40526E-07,-6.25414E-07,
-2.19778E-06,-2.06261E-06,-1.82579E-06,-8.40533E-07,-6.25412E-07,
-2.19772E-06,-2.06267E-06,-1.82588E-06,-8.40566E-07,-6.25391E-07,
-2.19762E-06,-2.06288E-06,-1.82613E-06,-8.40404E-07,-6.25356E-07,
-2.19747E-06,-2.06332E-06,-1.82651E-06,-8.40047E-07,-6.25347E-07,
-2.19730E-06,-2.06401E-06,-1.82719E-06,-8.39414E-07,-6.25388E-07,
-2.19704E-06,-2.06507E-06,-1.82838E-06,-8.38198E-07,-6.25596E-07,
-2.19673E-06,-2.06659E-06,-1.83030E-06,-8.36358E-07,-6.26198E-07,
-2.19664E-06,-2.06856E-06,-1.83305E-06,-8.33849E-07,-6.27415E-07,
-2.19694E-06,-2.07100E-06,-1.83677E-06,-8.30666E-07,-6.29334E-07,
-2.19790E-06,-2.07392E-06,-1.84157E-06,-8.26720E-07,-6.31902E-07,
-2.19982E-06,-2.07734E-06,-1.84749E-06,-8.21901E-07,-6.35199E-07,
-2.20289E-06,-2.08101E-06,-1.85442E-06,-8.16248E-07,-6.39296E-07,
-2.20700E-06,-2.08478E-06,-1.86207E-06,-8.10143E-07,-6.44234E-07,
-2.21198E-06,-2.08855E-06,-1.87047E-06,-8.03868E-07,-6.50168E-07,
-2.21761E-06,-2.09223E-06,-1.87936E-06,-7.97746E-07,-6.57345E-07,
-2.22382E-06,-2.09556E-06,-1.88827E-06,-7.92302E-07,-6.65900E-07,
-2.23059E-06,-2.09810E-06,-1.89672E-06,-7.87543E-07,-6.75725E-07,
-2.23743E-06,-2.09958E-06,-1.90417E-06,-7.83676E-07,-6.86593E-07,
-2.24400E-06,-2.09981E-06,-1.91016E-06,-7.80821E-07,-6.98600E-07,
-2.24962E-06,-2.09860E-06,-1.91438E-06,-7.79229E-07,-7.11976E-07,
-2.25349E-06,-2.09598E-06,-1.91668E-06,-7.79213E-07,-7.26642E-07,
-2.25507E-06,-2.09209E-06,-1.91701E-06,-7.80986E-07,-7.42548E-07,
-2.25425E-06,-2.08681E-06,-1.91588E-06,-7.84574E-07,-7.59356E-07,
-2.25093E-06,-2.07986E-06,-1.91357E-06,-7.89572E-07,-7.76737E-07,
-2.24512E-06,-2.07096E-06,-1.91050E-06,-7.95344E-07,-7.94231E-07,
-2.23684E-06,-2.05999E-06,-1.90718E-06,-8.01680E-07,-8.11281E-07,
-2.22596E-06,-2.04708E-06,-1.90422E-06,-8.08657E-07,-8.27544E-07,
-2.21261E-06,-2.03246E-06,-1.90250E-06,-8.16038E-07,-8.42816E-07,
-2.19685E-06,-2.01618E-06,-1.90290E-06,-8.23644E-07,-8.56914E-07,
-2.17929E-06,-1.99827E-06,-1.90590E-06,-8.31211E-07,-8.69577E-07,
-2.16069E-06,-1.97855E-06,-1.91182E-06,-8.38760E-07,-8.80659E-07,
-2.14200E-06,-1.95714E-06,-1.92089E-06,-8.45895E-07,-8.89921E-07,
-2.12404E-06,-1.93448E-06,-1.93284E-06,-8.52302E-07,-8.97495E-07,
-2.10791E-06,-1.91126E-06,-1.94731E-06,-8.57784E-07,-9.03477E-07,
-2.09453E-06,-1.88802E-06,-1.96394E-06,-8.62494E-07,-9.07869E-07,
-2.08465E-06,-1.86536E-06,-1.98245E-06,-8.66152E-07,-9.10969E-07,
-2.07895E-06,-1.84386E-06,-2.00246E-06,-8.68121E-07,-9.12967E-07,
-2.07790E-06,-1.82394E-06,-2.02359E-06,-8.68019E-07,-9.14311E-07,
-2.08193E-06,-1.80609E-06,-2.04539E-06,-8.65663E-07,-9.14888E-07,
-2.09113E-06,-1.79101E-06,-2.06735E-06,-8.61007E-07,-9.14610E-07,
-2.10541E-06,-1.77927E-06,-2.08913E-06,-8.53544E-07,-9.13413E-07,
-2.12427E-06,-1.77078E-06,-2.11041E-06,-8.42861E-07,-9.11297E-07,
-2.14685E-06,-1.76526E-06,-2.13087E-06,-8.28588E-07,-9.08545E-07,
-2.17208E-06,-1.76245E-06,-2.15030E-06,-8.11078E-07,-9.04974E-07,
-2.19851E-06,-1.76243E-06,-2.16871E-06,-7.90661E-07,-9.00706E-07,
-2.22480E-06,-1.76534E-06,-2.18628E-06,-7.67552E-07,-8.95896E-07,
-2.24999E-06,-1.77092E-06,-2.20306E-06,-7.42347E-07,-8.90871E-07,
-2.27343E-06,-1.77874E-06,-2.21867E-06,-7.15560E-07,-8.85548E-07,
-2.29476E-06,-1.78828E-06,-2.23252E-06,-6.87445E-07,-8.79826E-07,
-2.31366E-06,-1.79884E-06,-2.24452E-06,-6.58029E-07,-8.73644E-07,
-2.32981E-06,-1.80986E-06,-2.25448E-06,-6.27516E-07,-8.67387E-07,
-2.34333E-06,-1.82149E-06,-2.26252E-06,-5.96992E-07,-8.61612E-07,
-2.35420E-06,-1.83433E-06,-2.26921E-06,-5.67530E-07,-8.56272E-07,
-2.36275E-06,-1.84882E-06,-2.27518E-06,-5.39257E-07,-8.51357E-07,
-2.37022E-06,-1.86451E-06,-2.28035E-06,-5.12354E-07,-8.47087E-07,
-2.37800E-06,-1.88041E-06,-2.28417E-06,-4.86946E-07,-8.43408E-07,
-2.38688E-06,-1.89621E-06,-2.28659E-06,-4.63267E-07,-8.39648E-07,
-2.39735E-06,-1.91213E-06,-2.28816E-06,-4.41475E-07,-8.35362E-07,
-2.40973E-06,-1.92807E-06,-2.28959E-06,-4.21983E-07,-8.30884E-07,
-2.42428E-06,-1.94393E-06,-2.29143E-06,-4.05589E-07,-8.26987E-07,
-2.44102E-06,-1.96001E-06,-2.29448E-06,-3.92904E-07,-8.23517E-07,
-2.45904E-06,-1.97627E-06,-2.29931E-06,-3.83671E-07,-8.19709E-07,
-2.47841E-06,-1.99166E-06,-2.30550E-06,-3.77722E-07,-8.15391E-07,
-2.49929E-06,-2.00478E-06,-2.31219E-06,-3.75143E-07,-8.10957E-07,
-2.52052E-06,-2.01533E-06,-2.31948E-06,-3.75577E-07,-8.05935E-07,
-2.54086E-06,-2.02407E-06,-2.32782E-06,-3.79119E-07,-7.99894E-07,
-2.55914E-06,-2.03124E-06,-2.33710E-06,-3.86108E-07,-7.93470E-07,
-2.57434E-06,-2.03683E-06,-2.34704E-06,-3.96790E-07,-7.87016E-07,
-2.58551E-06,-2.04149E-06,-2.35739E-06,-4.10675E-07,-7.80593E-07,
-2.59203E-06,-2.04573E-06,-2.36770E-06,-4.27076E-07,-7.73454E-07,
-2.59397E-06,-2.04925E-06,-2.37677E-06,-4.45655E-07,-7.65695E-07,
-2.59256E-06,-2.05190E-06,-2.38319E-06,-4.66335E-07,-7.58079E-07,
-2.58791E-06,-2.05414E-06,-2.38643E-06,-4.88460E-07,-7.50575E-07,
-2.57974E-06,-2.05718E-06,-2.38646E-06,-5.11549E-07,-7.43202E-07,
-2.56897E-06,-2.06158E-06,-2.38280E-06,-5.36311E-07,-7.36828E-07,
-2.55592E-06,-2.06750E-06,-2.37512E-06,-5.62960E-07,-7.32249E-07,
-2.54107E-06,-2.07540E-06,-2.36376E-06,-5.90905E-07,-7.29382E-07,
-2.52551E-06,-2.08504E-06,-2.34859E-06,-6.19632E-07,-7.28462E-07,
-2.51040E-06,-2.09534E-06,-2.32879E-06,-6.49129E-07,-7.29302E-07,
-2.49655E-06,-2.10530E-06,-2.30382E-06,-6.79222E-07,-7.31891E-07,
-2.48405E-06,-2.11492E-06,-2.27429E-06,-7.09312E-07,-7.35746E-07,
-2.47155E-06,-2.12426E-06,-2.24132E-06,-7.38974E-07,-7.40563E-07,
-2.45873E-06,-2.13317E-06,-2.20615E-06,-7.68951E-07,-7.46951E-07,
-2.44519E-06,-2.14150E-06,-2.16969E-06,-7.99864E-07,-7.54854E-07,
-2.42970E-06,-2.14909E-06,-2.13280E-06,-8.30615E-07,-7.63175E-07,
-2.41246E-06,-2.15509E-06,-2.09545E-06,-8.60418E-07,-7.71081E-07,
-2.39394E-06,-2.15819E-06,-2.05669E-06,-8.88825E-07,-7.78155E-07,
-2.37336E-06,-2.15820E-06,-2.01642E-06,-9.15277E-07,-7.83311E-07,
-2.34973E-06,-2.15621E-06,-1.97557E-06,-9.39708E-07,-7.86109E-07,
-2.32219E-06,-2.15342E-06,-1.93524E-06,-9.62200E-07,-7.86783E-07,
-2.29003E-06,-2.15017E-06,-1.89589E-06,-9.83226E-07,-7.85995E-07,
-2.25411E-06,-2.14687E-06,-1.85759E-06,-1.00289E-06,-7.83914E-07,
-2.21473E-06,-2.14397E-06,-1.81986E-06,-1.02003E-06,-7.79478E-07,
-2.17307E-06,-2.14083E-06,-1.78180E-06,-1.03408E-06,-7.72052E-07,
-2.13165E-06,-2.13669E-06,-1.74243E-06,-1.04526E-06,-7.62386E-07,
-2.09107E-06,-2.13175E-06,-1.70221E-06,-1.05367E-06,-7.50676E-07,
-2.05145E-06,-2.12716E-06,-1.66278E-06,-1.05938E-06,-7.37209E-07,
-2.01383E-06,-2.12329E-06,-1.62502E-06,-1.06338E-06,-7.23301E-07,
-1.97896E-06,-2.11966E-06,-1.58946E-06,-1.06595E-06,-7.09693E-07,
-1.94757E-06,-2.11590E-06,-1.55637E-06,-1.06677E-06,-6.96225E-07,
-1.92114E-06,-2.11171E-06,-1.52569E-06,-1.06558E-06,-6.82242E-07,
-1.90038E-06,-2.10594E-06,-1.49677E-06,-1.06234E-06,-6.67299E-07,
-1.88626E-06,-2.09753E-06,-1.46933E-06,-1.05775E-06,-6.51779E-07,
-1.87827E-06,-2.08693E-06,-1.44415E-06,-1.05157E-06,-6.36043E-07,
-1.87404E-06,-2.07513E-06,-1.42235E-06,-1.04383E-06,-6.19615E-07,
-1.87274E-06,-2.06260E-06,-1.40402E-06,-1.03535E-06,-6.03223E-07,
-1.87357E-06,-2.04932E-06,-1.38845E-06,-1.02699E-06,-5.87203E-07,
-1.87499E-06,-2.03567E-06,-1.37526E-06,-1.01801E-06,-5.70826E-07,
-1.87667E-06,-2.02132E-06,-1.36361E-06,-1.00787E-06,-5.53697E-07,
-1.87867E-06,-2.00538E-06,-1.35178E-06,-9.96781E-07,-5.35881E-07,
-1.87965E-06,-1.98739E-06,-1.33883E-06,-9.84445E-07,-5.17429E-07,
-1.87815E-06,-1.96833E-06,-1.32544E-06,-9.70752E-07,-4.97979E-07,
-1.87201E-06,-1.94947E-06,-1.31232E-06,-9.55471E-07,-4.78007E-07,
-1.86004E-06,-1.93089E-06,-1.29959E-06,-9.39218E-07,-4.58387E-07,
-1.84267E-06,-1.91220E-06,-1.28750E-06,-9.22359E-07,-4.39954E-07,
-1.81972E-06,-1.89307E-06,-1.27610E-06,-9.03530E-07,-4.21953E-07,
-1.79217E-06,-1.87199E-06,-1.26496E-06,-8.81713E-07,-4.03550E-07,
-1.76229E-06,-1.84689E-06,-1.25333E-06,-8.57280E-07,-3.85391E-07,
-1.73057E-06,-1.81752E-06,-1.24155E-06,-8.30248E-07,-3.67681E-07,
-1.69652E-06,-1.78478E-06,-1.23170E-06,-8.00947E-07,-3.50699E-07,
-1.66104E-06,-1.74933E-06,-1.22528E-06,-7.70417E-07,-3.35685E-07,
-1.62513E-06,-1.71088E-06,-1.22205E-06,-7.39402E-07,-3.24038E-07,
-1.59027E-06,-1.66899E-06,-1.22150E-06,-7.07896E-07,-3.15693E-07,
-1.55805E-06,-1.62377E-06,-1.22273E-06,-6.75049E-07,-3.09554E-07,
-1.52923E-06,-1.57510E-06,-1.22390E-06,-6.40386E-07,-3.04794E-07,
-1.50513E-06,-1.52289E-06,-1.22349E-06,-6.04789E-07,-3.01902E-07,
-1.48517E-06,-1.46890E-06,-1.22141E-06,-5.68801E-07,-3.01691E-07,
-1.46689E-06,-1.41600E-06,-1.21832E-06,-5.31971E-07,-3.03850E-07,
-1.44925E-06,-1.36551E-06,-1.21378E-06,-4.95104E-07,-3.08834E-07,
-1.43199E-06,-1.31755E-06,-1.20615E-06,-4.58575E-07,-3.16806E-07,
-1.41380E-06,-1.27242E-06,-1.19386E-06,-4.21355E-07,-3.26446E-07,
-1.39438E-06,-1.22992E-06,-1.17652E-06,-3.82602E-07,-3.36673E-07,
-1.37362E-06,-1.18926E-06,-1.15354E-06,-3.42689E-07,-3.47116E-07,
-1.35061E-06,-1.14981E-06,-1.12489E-06,-3.02432E-07,-3.58110E-07,
-1.32432E-06,-1.11181E-06,-1.09250E-06,-2.62322E-07,-3.69545E-07,
-1.29244E-06,-1.07577E-06,-1.05870E-06,-2.22319E-07,-3.80834E-07,
-1.25432E-06,-1.04107E-06,-1.02453E-06,-1.82550E-07,-3.91964E-07,
-1.21123E-06,-1.00585E-06,-9.90466E-07,-1.44512E-07,-4.02926E-07,
-1.16371E-06,-9.69160E-07,-9.57321E-07,-1.07642E-07,-4.12570E-07,
-1.11253E-06,-9.30202E-07,-9.25627E-07,-7.12597E-08,-4.19829E-07,
-1.06008E-06,-8.87327E-07,-8.95827E-07,-3.62860E-08,-4.25075E-07,
-1.00681E-06,-8.40260E-07,-8.67873E-07,-3.51919E-09,-4.28510E-07,
-9.52363E-07,-7.90379E-07,-8.43117E-07, 2.65715E-08,-4.30159E-07,
-8.97113E-07,-7.39116E-07,-8.22841E-07, 5.32069E-08,-4.30429E-07,
-8.41823E-07,-6.86594E-07,-8.06332E-07, 7.56302E-08,-4.30389E-07,
-7.88818E-07,-6.32527E-07,-7.92077E-07, 9.31859E-08,-4.30661E-07,
-7.39484E-07,-5.76991E-07,-7.78880E-07, 1.06068E-07,-4.30178E-07,
-6.94085E-07,-5.20322E-07,-7.65554E-07, 1.15865E-07,-4.28068E-07,
-6.53437E-07,-4.62270E-07,-7.50807E-07, 1.22148E-07,-4.25184E-07,
-6.17228E-07,-4.03673E-07,-7.34951E-07, 1.24203E-07,-4.22472E-07,
-5.82634E-07,-3.47132E-07,-7.19127E-07, 1.22166E-07,-4.19708E-07,
-5.48636E-07,-2.93882E-07,-7.04297E-07, 1.15725E-07,-4.17293E-07,
-5.15233E-07,-2.42683E-07,-6.89597E-07, 1.04946E-07,-4.15768E-07,
-4.81857E-07,-1.91967E-07,-6.73739E-07, 9.13424E-08,-4.14442E-07,
-4.48519E-07,-1.41113E-07,-6.56201E-07, 7.62930E-08,-4.12020E-07,
-4.14179E-07,-8.92190E-08,-6.36904E-07, 6.06246E-08,-4.07635E-07,
-3.77888E-07,-3.60020E-08,-6.15920E-07, 4.41837E-08,-4.02334E-07,
-3.38618E-07, 1.77987E-08,-5.94262E-07, 2.61793E-08,-3.97338E-07,
-2.94018E-07, 7.07381E-08,-5.73793E-07, 7.24815E-09,-3.92057E-07,
-2.43180E-07, 1.22223E-07,-5.54132E-07,-1.20203E-08,-3.86533E-07,
-1.88088E-07, 1.73749E-07,-5.33729E-07,-3.13085E-08,-3.81337E-07,
-1.29722E-07, 2.25990E-07,-5.11115E-07,-4.91818E-08,-3.75691E-07,
-6.92180E-08, 2.77737E-07,-4.85494E-07,-6.39547E-08,-3.68524E-07,
-8.53830E-09, 3.28013E-07,-4.56465E-07,-7.63689E-08,-3.60129E-07,
 5.20111E-08, 3.75670E-07,-4.23843E-07,-8.68246E-08,-3.51634E-07,
 1.12032E-07, 4.18089E-07,-3.88230E-07,-9.51939E-08,-3.43976E-07,
 1.70954E-07, 4.53626E-07,-3.50697E-07,-1.01366E-07,-3.37348E-07,
 2.27614E-07, 4.82052E-07,-3.10587E-07,-1.05016E-07,-3.31495E-07,
 2.78924E-07, 5.04079E-07,-2.65928E-07,-1.06779E-07,-3.26986E-07,
 3.22760E-07, 5.20718E-07,-2.16592E-07,-1.05884E-07,-3.22893E-07,
 3.59404E-07, 5.32096E-07,-1.62969E-07,-1.01145E-07,-3.17717E-07,
 3.88326E-07, 5.38356E-07,-1.05660E-07,-9.30219E-08,-3.11984E-07,
 4.10581E-07, 5.39762E-07,-4.63651E-08,-8.26615E-08,-3.06415E-07,
 4.29083E-07, 5.35506E-07, 1.25964E-08,-6.97688E-08,-3.00820E-07,
 4.44562E-07, 5.25322E-07, 6.93602E-08,-5.43055E-08,-2.94681E-07,
 4.57180E-07, 5.11468E-07, 1.23986E-07,-3.65146E-08,-2.87569E-07,
 4.66685E-07, 4.96302E-07, 1.77678E-07,-1.59738E-08,-2.78204E-07,
 4.72870E-07, 4.81057E-07, 2.30635E-07, 8.13376E-09,-2.65559E-07,
 4.77339E-07, 4.66332E-07, 2.81805E-07, 3.67671E-08,-2.48537E-07,
 4.81564E-07, 4.51949E-07, 3.30779E-07, 6.87533E-08,-2.27991E-07,
 4.86122E-07, 4.36642E-07, 3.76548E-07, 1.02194E-07,-2.05938E-07,
 4.93084E-07, 4.19351E-07, 4.17489E-07, 1.36459E-07,-1.81712E-07,
 5.02837E-07, 4.00291E-07, 4.54058E-07, 1.71361E-07,-1.54735E-07,
 5.12782E-07, 3.81602E-07, 4.88255E-07, 2.06693E-07,-1.25017E-07,
 5.22097E-07, 3.65741E-07, 5.21857E-07, 2.42536E-07,-9.14568E-08,
 5.30323E-07, 3.52639E-07, 5.55026E-07, 2.79201E-07,-5.33513E-08,
 5.37423E-07, 3.41784E-07, 5.86730E-07, 3.15737E-07,-1.14022E-08,
 5.44354E-07, 3.33157E-07, 6.15571E-07, 3.50169E-07, 3.31235E-08,
 5.51114E-07, 3.26374E-07, 6.40661E-07, 3.80968E-07, 7.85620E-08,
 5.57722E-07, 3.21518E-07, 6.61032E-07, 4.07762E-07, 1.25438E-07,
 5.64041E-07, 3.20712E-07, 6.76920E-07, 4.30871E-07, 1.75148E-07,
 5.67628E-07, 3.26372E-07, 6.90523E-07, 4.50049E-07, 2.26942E-07,
 5.67266E-07, 3.39760E-07, 7.02251E-07, 4.65334E-07, 2.80297E-07,
 5.64614E-07, 3.60337E-07, 7.11246E-07, 4.77104E-07, 3.35322E-07,
 5.60407E-07, 3.86565E-07, 7.16760E-07, 4.84705E-07, 3.90604E-07,
 5.56229E-07, 4.17866E-07, 7.18452E-07, 4.86998E-07, 4.44695E-07,
 5.54358E-07, 4.53211E-07, 7.16075E-07, 4.84414E-07, 4.97221E-07,
 5.55643E-07, 4.91296E-07, 7.10150E-07, 4.78248E-07, 5.48023E-07,
 5.60414E-07, 5.32249E-07, 7.02394E-07, 4.69469E-07, 5.97542E-07,
 5.68347E-07, 5.76829E-07, 6.95271E-07, 4.58790E-07, 6.45140E-07,
 5.79075E-07, 6.23790E-07, 6.90681E-07, 4.46814E-07, 6.89894E-07,
 5.94594E-07, 6.71447E-07, 6.88403E-07, 4.34995E-07, 7.31804E-07,
 6.16508E-07, 7.18445E-07, 6.88918E-07, 4.23416E-07, 7.70052E-07,
 6.44616E-07, 7.63134E-07, 6.93025E-07, 4.11068E-07, 8.02748E-07,
 6.80169E-07, 8.04316E-07, 7.00709E-07, 3.98373E-07, 8.29390E-07,
 7.22460E-07, 8.41396E-07, 7.12324E-07, 3.86369E-07, 8.50124E-07,
 7.68859E-07, 8.75067E-07, 7.30155E-07, 3.75804E-07, 8.64394E-07,
 8.17755E-07, 9.06905E-07, 7.56146E-07, 3.67149E-07, 8.73205E-07,
 8.68188E-07, 9.36902E-07, 7.90325E-07, 3.61000E-07, 8.77173E-07,
 9.20258E-07, 9.63317E-07, 8.31635E-07, 3.57842E-07, 8.75994E-07,
 9.74524E-07, 9.85900E-07, 8.78019E-07, 3.57122E-07, 8.68951E-07,
 1.03012E-06, 1.00415E-06, 9.28504E-07, 3.57148E-07, 8.54956E-07,
 1.08587E-06, 1.01764E-06, 9.82111E-07, 3.57521E-07, 8.34569E-07,
 1.14127E-06, 1.02805E-06, 1.03848E-06, 3.59315E-07, 8.09886E-07,
 1.19338E-06, 1.03796E-06, 1.09863E-06, 3.62743E-07, 7.81650E-07,
 1.24083E-06, 1.04906E-06, 1.16330E-06, 3.67839E-07, 7.50274E-07,
 1.28491E-06, 1.06130E-06, 1.23038E-06, 3.73959E-07, 7.17310E-07,
 1.32637E-06, 1.07334E-06, 1.29738E-06, 3.79769E-07, 6.82060E-07,
 1.36660E-06, 1.08462E-06, 1.36298E-06, 3.84135E-07, 6.43960E-07,
 1.40667E-06, 1.09617E-06, 1.42588E-06, 3.86475E-07, 6.03889E-07,
 1.44685E-06, 1.10820E-06, 1.48635E-06, 3.87592E-07, 5.63921E-07,
 1.48758E-06, 1.12195E-06, 1.54491E-06, 3.88864E-07, 5.26436E-07,
 1.52891E-06, 1.13919E-06, 1.60248E-06, 3.90917E-07, 4.92204E-07,
 1.57065E-06, 1.15992E-06, 1.65874E-06, 3.93424E-07, 4.60838E-07,
 1.61507E-06, 1.18240E-06, 1.71225E-06, 3.96220E-07, 4.32826E-07,
 1.66380E-06, 1.20563E-06, 1.76118E-06, 3.98730E-07, 4.08969E-07,
 1.71630E-06, 1.22972E-06, 1.80548E-06, 4.00316E-07, 3.88191E-07,
 1.77244E-06, 1.25542E-06, 1.84539E-06, 4.01909E-07, 3.71022E-07,
 1.83107E-06, 1.28361E-06, 1.88031E-06, 4.04209E-07, 3.58300E-07,
 1.88972E-06, 1.31454E-06, 1.91113E-06, 4.06975E-07, 3.50307E-07,
 1.94649E-06, 1.34943E-06, 1.93829E-06, 4.09882E-07, 3.46725E-07,
 1.99989E-06, 1.38851E-06, 1.96130E-06, 4.12329E-07, 3.47061E-07,
 2.04934E-06, 1.43062E-06, 1.97861E-06, 4.14753E-07, 3.51362E-07,
 2.09527E-06, 1.47512E-06, 1.98934E-06, 4.17096E-07, 3.59458E-07,
 2.13598E-06, 1.52234E-06, 1.99315E-06, 4.18541E-07, 3.70504E-07,
 2.17019E-06, 1.57186E-06, 1.99057E-06, 4.19194E-07, 3.83311E-07,
 2.19746E-06, 1.62358E-06, 1.98189E-06, 4.20228E-07, 3.98617E-07,
 2.21627E-06, 1.67833E-06, 1.96838E-06, 4.21966E-07, 4.16277E-07,
 2.22593E-06, 1.73625E-06, 1.95265E-06, 4.24696E-07, 4.35909E-07,
 2.22813E-06, 1.79700E-06, 1.93500E-06, 4.29487E-07, 4.57556E-07,
 2.22517E-06, 1.85848E-06, 1.91475E-06, 4.36361E-07, 4.80568E-07,
 2.21942E-06, 1.91857E-06, 1.89182E-06, 4.45547E-07, 5.03632E-07,
 2.21310E-06, 1.97629E-06, 1.86716E-06, 4.56316E-07, 5.25905E-07,
 2.20682E-06, 2.03110E-06, 1.84206E-06, 4.68923E-07, 5.47903E-07,
 2.20209E-06, 2.08280E-06, 1.81865E-06, 4.85564E-07, 5.71113E-07,
 2.19972E-06, 2.13273E-06, 1.79853E-06, 5.07534E-07, 5.96739E-07,
 2.19966E-06, 2.18140E-06, 1.78299E-06, 5.34853E-07, 6.24155E-07,
 2.20416E-06, 2.22703E-06, 1.77161E-06, 5.66944E-07, 6.53032E-07,
 2.21522E-06, 2.26785E-06, 1.76182E-06, 6.02785E-07, 6.82790E-07,
 2.23285E-06, 2.30296E-06, 1.75295E-06, 6.40869E-07, 7.11855E-07,
 2.25606E-06, 2.33319E-06, 1.74590E-06, 6.81095E-07, 7.39547E-07,
 2.28282E-06, 2.36034E-06, 1.74163E-06, 7.23671E-07, 7.67010E-07,
 2.31046E-06, 2.38586E-06, 1.74088E-06, 7.69563E-07, 7.95196E-07,
 2.33724E-06, 2.41067E-06, 1.74447E-06, 8.19115E-07, 8.23661E-07,
 2.36146E-06, 2.43522E-06, 1.75137E-06, 8.70831E-07, 8.50580E-07,
 2.38290E-06, 2.45740E-06, 1.75998E-06, 9.23374E-07, 8.74595E-07,
 2.40268E-06, 2.47500E-06, 1.76903E-06, 9.75758E-07, 8.95617E-07,
 2.41948E-06, 2.48838E-06, 1.77841E-06, 1.02696E-06, 9.13242E-07,
 2.43138E-06, 2.49865E-06, 1.79023E-06, 1.07711E-06, 9.27178E-07,
 2.43751E-06, 2.50689E-06, 1.80587E-06, 1.12761E-06, 9.38232E-07,
 2.43695E-06, 2.51403E-06, 1.82583E-06, 1.17833E-06, 9.47261E-07,
 2.43009E-06, 2.51991E-06, 1.85070E-06, 1.22853E-06, 9.53608E-07,
 2.41912E-06, 2.52376E-06, 1.88014E-06, 1.27681E-06, 9.56590E-07,
 2.40648E-06, 2.52465E-06, 1.91207E-06, 1.32207E-06, 9.56069E-07,
 2.39532E-06, 2.52145E-06, 1.94568E-06, 1.36391E-06, 9.52966E-07,
 2.38717E-06, 2.51536E-06, 1.98105E-06, 1.40171E-06, 9.47934E-07,
 2.38202E-06, 2.50884E-06, 2.01830E-06, 1.43507E-06, 9.41501E-07,
 2.38122E-06, 2.50317E-06, 2.05756E-06, 1.46541E-06, 9.35108E-07,
 2.38584E-06, 2.49978E-06, 2.09802E-06, 1.49304E-06, 9.30122E-07,
 2.39644E-06, 2.49974E-06, 2.13909E-06, 1.51604E-06, 9.27128E-07,
 2.41499E-06, 2.50247E-06, 2.17945E-06, 1.53348E-06, 9.25808E-07,
 2.44318E-06, 2.50718E-06, 2.21657E-06, 1.54469E-06, 9.26000E-07,
 2.48072E-06, 2.51427E-06, 2.24913E-06, 1.54917E-06, 9.26765E-07,
 2.52633E-06, 2.52469E-06, 2.27849E-06, 1.54675E-06, 9.27554E-07,
 2.57727E-06, 2.54007E-06, 2.30595E-06, 1.53755E-06, 9.28569E-07,
 2.63124E-06, 2.56098E-06, 2.33255E-06, 1.52270E-06, 9.30666E-07,
 2.68727E-06, 2.58692E-06, 2.35955E-06, 1.50367E-06, 9.33982E-07,
 2.74371E-06, 2.61693E-06, 2.38695E-06, 1.47964E-06, 9.37134E-07,
 2.80055E-06, 2.64853E-06, 2.41399E-06, 1.44979E-06, 9.38918E-07,
 2.85840E-06, 2.67865E-06, 2.43967E-06, 1.41501E-06, 9.38394E-07,
 2.91562E-06, 2.70668E-06, 2.46440E-06, 1.37539E-06, 9.34884E-07,
 2.96948E-06, 2.73378E-06, 2.49025E-06, 1.33179E-06, 9.28535E-07,
 3.01797E-06, 2.76055E-06, 2.51943E-06, 1.28568E-06, 9.20895E-07,
 3.05953E-06, 2.78755E-06, 2.55202E-06, 1.23808E-06, 9.13531E-07,
 3.09426E-06, 2.81449E-06, 2.58743E-06, 1.18931E-06, 9.06280E-07,
 3.12360E-06, 2.84036E-06, 2.62450E-06, 1.13896E-06, 8.98003E-07,
 3.14902E-06, 2.86384E-06, 2.66045E-06, 1.08595E-06, 8.88465E-07,
 3.17300E-06, 2.88396E-06, 2.69382E-06, 1.03102E-06, 8.79010E-07,
 3.19614E-06, 2.90160E-06, 2.72509E-06, 9.75773E-07, 8.71019E-07,
 3.21760E-06, 2.91937E-06, 2.75532E-06, 9.21318E-07, 8.65754E-07,
 3.23812E-06, 2.93810E-06, 2.78504E-06, 8.70259E-07, 8.65296E-07,
 3.25915E-06, 2.95681E-06, 2.81413E-06, 8.23702E-07, 8.70499E-07,
 3.28171E-06, 2.97454E-06, 2.84142E-06, 7.81069E-07, 8.80552E-07,
 3.30767E-06, 2.98935E-06, 2.86648E-06, 7.42021E-07, 8.93857E-07,
 3.33789E-06, 2.99913E-06, 2.88887E-06, 7.06840E-07, 9.09489E-07,
 3.37160E-06, 3.00323E-06, 2.90884E-06, 6.75915E-07, 9.27610E-07,
 3.40682E-06, 3.00207E-06, 2.92901E-06, 6.50171E-07, 9.48168E-07,
 3.43994E-06, 2.99666E-06, 2.95182E-06, 6.29929E-07, 9.70469E-07,
 3.46870E-06, 2.98716E-06, 2.97784E-06, 6.15602E-07, 9.94180E-07,
 3.49253E-06, 2.97202E-06, 3.00667E-06, 6.07697E-07, 1.01905E-06,
 3.51038E-06, 2.95015E-06, 3.03766E-06, 6.04609E-07, 1.04348E-06,
 3.52178E-06, 2.92125E-06, 3.06926E-06, 6.05052E-07, 1.06648E-06,
 3.52738E-06, 2.88446E-06, 3.10046E-06, 6.09420E-07, 1.08791E-06,
 3.52604E-06, 2.84060E-06, 3.13052E-06, 6.17662E-07, 1.10796E-06,
 3.51604E-06, 2.79245E-06, 3.15991E-06, 6.28883E-07, 1.12701E-06,
 3.49640E-06, 2.74223E-06, 3.18977E-06, 6.42910E-07, 1.14493E-06,
 3.46691E-06, 2.69135E-06, 3.21916E-06, 6.59343E-07, 1.16173E-06,
 3.42970E-06, 2.64060E-06, 3.24650E-06, 6.77530E-07, 1.17731E-06,
 3.38688E-06, 2.58990E-06, 3.27105E-06, 6.95745E-07, 1.19059E-06,
 3.34033E-06, 2.53946E-06, 3.29182E-06, 7.11828E-07, 1.20052E-06,
 3.29300E-06, 2.48943E-06, 3.30766E-06, 7.25929E-07, 1.20775E-06,
 3.24674E-06, 2.44010E-06, 3.31917E-06, 7.39023E-07, 1.21282E-06,
 3.20165E-06, 2.39371E-06, 3.32737E-06, 7.51367E-07, 1.21655E-06,
 3.15899E-06, 2.35165E-06, 3.33338E-06, 7.63704E-07, 1.22059E-06,
 3.12082E-06, 2.31309E-06, 3.33719E-06, 7.77360E-07, 1.22596E-06,
 3.08866E-06, 2.27722E-06, 3.33723E-06, 7.91886E-07, 1.23271E-06,
 3.06415E-06, 2.24346E-06, 3.33270E-06, 8.06139E-07, 1.23972E-06,
 3.04731E-06, 2.21090E-06, 3.32315E-06, 8.19211E-07, 1.24584E-06,
 3.03715E-06, 2.17998E-06, 3.30777E-06, 8.30953E-07, 1.25132E-06,
 3.03187E-06, 2.15246E-06, 3.28731E-06, 8.42002E-07, 1.25684E-06,
 3.02772E-06, 2.13043E-06, 3.26366E-06, 8.51883E-07, 1.26183E-06,
 3.02200E-06, 2.11561E-06, 3.23678E-06, 8.59796E-07, 1.26629E-06,
 3.01406E-06, 2.10722E-06, 3.20569E-06, 8.65321E-07, 1.27044E-06,
 3.00306E-06, 2.10416E-06, 3.16914E-06, 8.67396E-07, 1.27262E-06,
 2.98825E-06, 2.10628E-06, 3.12583E-06, 8.64497E-07, 1.27184E-06,
 2.97001E-06, 2.11290E-06, 3.07541E-06, 8.56871E-07, 1.26825E-06,
 2.94770E-06, 2.12330E-06, 3.01819E-06, 8.45544E-07, 1.26295E-06,
 2.92042E-06, 2.13845E-06, 2.95544E-06, 8.31165E-07, 1.25722E-06,
 2.88747E-06, 2.15897E-06, 2.88952E-06, 8.14407E-07, 1.25097E-06,
 2.84875E-06, 2.18380E-06, 2.82188E-06, 7.95657E-07, 1.24345E-06,
 2.80639E-06, 2.21131E-06, 2.75222E-06, 7.75120E-07, 1.23482E-06,
 2.76264E-06, 2.23901E-06, 2.68159E-06, 7.52684E-07, 1.22412E-06,
 2.71863E-06, 2.26545E-06, 2.61145E-06, 7.27922E-07, 1.20961E-06,
 2.67631E-06, 2.28943E-06, 2.54249E-06, 7.01632E-07, 1.19168E-06,
 2.63716E-06, 2.30960E-06, 2.47631E-06, 6.75868E-07, 1.17070E-06,
 2.60077E-06, 2.32595E-06, 2.41523E-06, 6.51507E-07, 1.14701E-06,
 2.56771E-06, 2.33926E-06, 2.36080E-06, 6.29489E-07, 1.12146E-06,
 2.53941E-06, 2.34819E-06, 2.31314E-06, 6.11288E-07, 1.09460E-06,
 2.51755E-06, 2.35080E-06, 2.27081E-06, 5.97522E-07, 1.06688E-06,
 2.50366E-06, 2.34655E-06, 2.23172E-06, 5.87638E-07, 1.03829E-06,
 2.49700E-06, 2.33466E-06, 2.19541E-06, 5.80883E-07, 1.00764E-06,
 2.49582E-06, 2.31603E-06, 2.16056E-06, 5.77282E-07, 9.75011E-07,
 2.49784E-06, 2.29245E-06, 2.12660E-06, 5.77597E-07, 9.41437E-07,
 2.49877E-06, 2.26634E-06, 2.09493E-06, 5.81598E-07, 9.06805E-07,
 2.49506E-06, 2.23983E-06, 2.06599E-06, 5.88175E-07, 8.71310E-07,
 2.48586E-06, 2.21299E-06, 2.03773E-06, 5.96921E-07, 8.34916E-07,
 2.47032E-06, 2.18403E-06, 2.00811E-06, 6.06774E-07, 7.96106E-07,
 2.44750E-06, 2.15239E-06, 1.97564E-06, 6.16028E-07, 7.53310E-07,
 2.41671E-06, 2.11844E-06, 1.93991E-06, 6.23838E-07, 7.06553E-07,
 2.37665E-06, 2.08171E-06, 1.90222E-06, 6.31421E-07, 6.57164E-07,
 2.32701E-06, 2.04359E-06, 1.86358E-06, 6.40435E-07, 6.07409E-07,
 2.26766E-06, 2.00523E-06, 1.82581E-06, 6.51428E-07, 5.58313E-07,
 2.19962E-06, 1.96590E-06, 1.78987E-06, 6.63700E-07, 5.10014E-07,
 2.12667E-06, 1.92358E-06, 1.75368E-06, 6.76742E-07, 4.63024E-07,
 2.05231E-06, 1.87676E-06, 1.71552E-06, 6.89639E-07, 4.16838E-07,
 1.97792E-06, 1.82567E-06, 1.67599E-06, 7.01375E-07, 3.70669E-07,
 1.90510E-06, 1.77245E-06, 1.63560E-06, 7.12283E-07, 3.25979E-07,
 1.83497E-06, 1.71893E-06, 1.59494E-06, 7.23516E-07, 2.85371E-07,
 1.76778E-06, 1.66670E-06, 1.55478E-06, 7.35852E-07, 2.49742E-07,
 1.70454E-06, 1.61800E-06, 1.51420E-06, 7.48271E-07, 2.19325E-07,
 1.64648E-06, 1.57261E-06, 1.47152E-06, 7.59799E-07, 1.93730E-07,
 1.59564E-06, 1.52906E-06, 1.42400E-06, 7.69951E-07, 1.73249E-07,
 1.55308E-06, 1.48743E-06, 1.36951E-06, 7.78328E-07, 1.57879E-07,
 1.51692E-06, 1.44892E-06, 1.30873E-06, 7.84293E-07, 1.46759E-07,
 1.48471E-06, 1.41444E-06, 1.24264E-06, 7.88093E-07, 1.40042E-07,
 1.45428E-06, 1.38451E-06, 1.17144E-06, 7.90054E-07, 1.38491E-07,
 1.42203E-06, 1.35896E-06, 1.09671E-06, 7.88993E-07, 1.40889E-07,
 1.38516E-06, 1.33751E-06, 1.01984E-06, 7.83614E-07, 1.44710E-07,
 1.34293E-06, 1.31889E-06, 9.40512E-07, 7.73212E-07, 1.49011E-07,
 1.29487E-06, 1.30011E-06, 8.58901E-07, 7.57842E-07, 1.52553E-07,
 1.24071E-06, 1.27977E-06, 7.75827E-07, 7.37012E-07, 1.54367E-07,
 1.17922E-06, 1.25771E-06, 6.92938E-07, 7.10268E-07, 1.53498E-07,
 1.10956E-06, 1.23334E-06, 6.11831E-07, 6.78953E-07, 1.49863E-07,
 1.03260E-06, 1.20609E-06, 5.33229E-07, 6.45267E-07, 1.44777E-07,
 9.49145E-07, 1.17645E-06, 4.58116E-07, 6.10012E-07, 1.38673E-07,
 8.60652E-07, 1.14402E-06, 3.87581E-07, 5.73628E-07, 1.31093E-07,
 7.70998E-07, 1.10755E-06, 3.20142E-07, 5.37123E-07, 1.22385E-07,
 6.83653E-07, 1.06564E-06, 2.53778E-07, 5.00834E-07, 1.12823E-07,
 6.00002E-07, 1.01788E-06, 1.88842E-07, 4.64258E-07, 1.01149E-07,
 5.20896E-07, 9.66049E-07, 1.26030E-07, 4.27487E-07, 8.74447E-08,
 4.46425E-07, 9.11553E-07, 6.61221E-08, 3.92071E-07, 7.28751E-08,
 3.76993E-07, 8.55321E-07, 1.00898E-08, 3.60157E-07, 5.82537E-08,
 3.13343E-07, 7.98617E-07,-4.12864E-08, 3.31692E-07, 4.38747E-08,
 2.55853E-07, 7.41195E-07,-8.84750E-08, 3.05292E-07, 2.87164E-08,
 2.06245E-07, 6.80382E-07,-1.32992E-07, 2.80947E-07, 1.20111E-08,
 1.65470E-07, 6.15044E-07,-1.76702E-07, 2.58549E-07,-6.35406E-09,
 1.31246E-07, 5.45843E-07,-2.18701E-07, 2.37830E-07,-2.74150E-08,
 1.00830E-07, 4.73998E-07,-2.56518E-07, 2.19210E-07,-5.06400E-08,
 7.19361E-08, 4.00887E-07,-2.89593E-07, 2.03815E-07,-7.41630E-08,
 4.18826E-08, 3.26843E-07,-3.17382E-07, 1.91610E-07,-9.81046E-08,
 8.64087E-09, 2.52166E-07,-3.39931E-07, 1.81132E-07,-1.24260E-07,
-2.86392E-08, 1.76558E-07,-3.58977E-07, 1.70109E-07,-1.53931E-07,
-7.06667E-08, 9.85359E-08,-3.77033E-07, 1.57514E-07,-1.87339E-07,
-1.17674E-07, 1.80816E-08,-3.94983E-07, 1.43516E-07,-2.24143E-07,
-1.71378E-07,-6.18320E-08,-4.12927E-07, 1.27673E-07,-2.63829E-07,
-2.33317E-07,-1.39369E-07,-4.30375E-07, 1.10284E-07,-3.05584E-07,
-3.02305E-07,-2.14003E-07,-4.48163E-07, 9.21538E-08,-3.47098E-07,
-3.77189E-07,-2.84930E-07,-4.68222E-07, 7.30931E-08,-3.87716E-07,
-4.56204E-07,-3.51947E-07,-4.91424E-07, 5.21231E-08,-4.28334E-07,
-5.35915E-07,-4.15619E-07,-5.19605E-07, 2.95444E-08,-4.68488E-07,
-6.13056E-07,-4.76778E-07,-5.54572E-07, 5.49231E-09,-5.06763E-07,
-6.86317E-07,-5.35259E-07,-5.95964E-07,-1.98441E-08,-5.42382E-07,
-7.55199E-07,-5.89542E-07,-6.41689E-07,-4.62759E-08,-5.75469E-07,
-8.19829E-07,-6.38444E-07,-6.91111E-07,-7.33427E-08,-6.05264E-07,
-8.79368E-07,-6.83035E-07,-7.43306E-07,-9.98148E-08,-6.30539E-07,
-9.32828E-07,-7.23776E-07,-7.97705E-07,-1.25417E-07,-6.50968E-07,
-9.80322E-07,-7.61082E-07,-8.54395E-07,-1.50883E-07,-6.67444E-07,
-1.02085E-06,-7.97346E-07,-9.14037E-07,-1.75608E-07,-6.80342E-07,
-1.05425E-06,-8.34433E-07,-9.77935E-07,-1.98828E-07,-6.89116E-07,
-1.08340E-06,-8.72138E-07,-1.04516E-06,-2.21617E-07,-6.94055E-07,
-1.11194E-06,-9.09270E-07,-1.11383E-06,-2.43612E-07,-6.95573E-07,
-1.14231E-06,-9.45185E-07,-1.18333E-06,-2.63713E-07,-6.93089E-07,
-1.17697E-06,-9.79730E-07,-1.25444E-06,-2.81369E-07,-6.86637E-07,
-1.21766E-06,-1.01329E-06,-1.32656E-06,-2.97975E-07,-6.77807E-07,
-1.26602E-06,-1.04597E-06,-1.40057E-06,-3.15869E-07,-6.68653E-07,
-1.32273E-06,-1.07901E-06,-1.47796E-06,-3.36014E-07,-6.60326E-07,
-1.38780E-06,-1.11299E-06,-1.55868E-06,-3.57830E-07,-6.53201E-07,
-1.46285E-06,-1.14587E-06,-1.64100E-06,-3.81415E-07,-6.47574E-07,
-1.54845E-06,-1.17615E-06,-1.72250E-06,-4.06350E-07,-6.43142E-07,
-1.64221E-06,-1.20457E-06,-1.80291E-06,-4.30260E-07,-6.38712E-07,
-1.74108E-06,-1.23277E-06,-1.88256E-06,-4.52692E-07,-6.34233E-07,
-1.84239E-06,-1.26195E-06,-1.96132E-06,-4.74474E-07,-6.31209E-07,
-1.94218E-06,-1.29415E-06,-2.03831E-06,-4.95981E-07,-6.30188E-07,
-2.03711E-06,-1.33067E-06,-2.11385E-06,-5.15506E-07,-6.30438E-07,
-2.12512E-06,-1.37152E-06,-2.18614E-06,-5.31119E-07,-6.31466E-07,
-2.20552E-06,-1.41533E-06,-2.25200E-06,-5.42031E-07,-6.33825E-07,
-2.27839E-06,-1.46150E-06,-2.31007E-06,-5.48499E-07,-6.37656E-07,
-2.34202E-06,-1.51147E-06,-2.36066E-06,-5.50531E-07,-6.42540E-07,
-2.39558E-06,-1.56624E-06,-2.40427E-06,-5.48183E-07,-6.49366E-07,
-2.44002E-06,-1.62505E-06,-2.44094E-06,-5.43181E-07,-6.59893E-07,
-2.47555E-06,-1.68753E-06,-2.47154E-06,-5.35356E-07,-6.74127E-07,
-2.50263E-06,-1.75432E-06,-2.49696E-06,-5.24045E-07,-6.90787E-07,
-2.52438E-06,-1.82371E-06,-2.51828E-06,-5.09861E-07,-7.09212E-07,
-2.54440E-06,-1.89380E-06,-2.53504E-06,-4.94331E-07,-7.30026E-07,
-2.56546E-06,-1.96384E-06,-2.54816E-06,-4.78304E-07,-7.53381E-07,
-2.58937E-06,-2.03379E-06,-2.56015E-06,-4.62522E-07,-7.78108E-07,
-2.61743E-06,-2.10327E-06,-2.57177E-06,-4.48107E-07,-8.04733E-07,
-2.65191E-06,-2.17112E-06,-2.58317E-06,-4.36855E-07,-8.34625E-07,
-2.69382E-06,-2.23697E-06,-2.59560E-06,-4.30332E-07,-8.67972E-07,
-2.74286E-06,-2.30157E-06,-2.60996E-06,-4.28244E-07,-9.03591E-07,
-2.79992E-06,-2.36420E-06,-2.62501E-06,-4.31795E-07,-9.41206E-07,
-2.86524E-06,-2.42253E-06,-2.63979E-06,-4.41359E-07,-9.80407E-07,
-2.93537E-06,-2.47692E-06,-2.65358E-06,-4.55187E-07,-1.01981E-06,
-3.00623E-06,-2.52846E-06,-2.66753E-06,-4.72075E-07,-1.05787E-06,
-3.07393E-06,-2.57749E-06,-2.68229E-06,-4.92839E-07,-1.09392E-06,
-3.13504E-06,-2.62444E-06,-2.69751E-06,-5.18453E-07,-1.12853E-06,
-3.18693E-06,-2.66970E-06,-2.71402E-06,-5.48435E-07,-1.16061E-06,
-3.22701E-06,-2.71240E-06,-2.73212E-06,-5.81601E-07,-1.18856E-06,
-3.25512E-06,-2.75049E-06,-2.75014E-06,-6.17335E-07,-1.21157E-06,
-3.27187E-06,-2.78186E-06,-2.76660E-06,-6.56471E-07,-1.22991E-06,
-3.27662E-06,-2.80606E-06,-2.78327E-06,-6.98575E-07,-1.24313E-06,
-3.26921E-06,-2.82474E-06,-2.80151E-06,-7.43866E-07,-1.25216E-06,
-3.25228E-06,-2.83775E-06,-2.82241E-06,-7.94148E-07,-1.25926E-06,
-3.22833E-06,-2.84490E-06,-2.84598E-06,-8.50079E-07,-1.26466E-06,
-3.19967E-06,-2.84709E-06,-2.87210E-06,-9.09639E-07,-1.26762E-06,
-3.16985E-06,-2.84423E-06,-2.90047E-06,-9.70524E-07,-1.26741E-06,
-3.14219E-06,-2.83562E-06,-2.92980E-06,-1.03216E-06,-1.26488E-06,
-3.11993E-06,-2.82309E-06,-2.95929E-06,-1.09406E-06,-1.26133E-06,
-3.10421E-06,-2.80962E-06,-2.98973E-06,-1.15601E-06,-1.25717E-06,
-3.09575E-06,-2.79732E-06,-3.02157E-06,-1.21725E-06,-1.25304E-06,
-3.09640E-06,-2.78741E-06,-3.05214E-06,-1.27774E-06,-1.25095E-06,
-3.10723E-06,-2.77984E-06,-3.08014E-06,-1.33686E-06,-1.25097E-06,
-3.12734E-06,-2.77584E-06,-3.10433E-06,-1.39296E-06,-1.25178E-06,
-3.15648E-06,-2.77600E-06,-3.12345E-06,-1.44518E-06,-1.25437E-06,
-3.19397E-06,-2.77965E-06,-3.13661E-06,-1.49393E-06,-1.25987E-06,
-3.23662E-06,-2.78740E-06,-3.14379E-06,-1.53861E-06,-1.26793E-06,
-3.28060E-06,-2.80112E-06,-3.14589E-06,-1.57763E-06,-1.27681E-06,
-3.32212E-06,-2.82036E-06,-3.14353E-06,-1.61047E-06,-1.28514E-06,
-3.35848E-06,-2.84404E-06,-3.13708E-06,-1.63629E-06,-1.29321E-06,
-3.38742E-06,-2.87231E-06,-3.12717E-06,-1.65443E-06,-1.30098E-06,
-3.40706E-06,-2.90468E-06,-3.11599E-06,-1.66426E-06,-1.30660E-06,
-3.41714E-06,-2.94009E-06,-3.10292E-06,-1.66635E-06,-1.30977E-06,
-3.41931E-06,-2.97674E-06,-3.08728E-06,-1.66149E-06,-1.31102E-06,
-3.41354E-06,-3.01395E-06,-3.07011E-06,-1.64948E-06,-1.30962E-06,
-3.40037E-06,-3.05243E-06,-3.05277E-06,-1.63059E-06,-1.30529E-06,
-3.38264E-06,-3.09248E-06,-3.03543E-06,-1.60727E-06,-1.29968E-06,
-3.36322E-06,-3.13331E-06,-3.01838E-06,-1.58212E-06,-1.29432E-06,
-3.34506E-06,-3.17565E-06,-3.00208E-06,-1.55537E-06,-1.28931E-06,
-3.33098E-06,-3.21964E-06,-2.98615E-06,-1.52689E-06,-1.28368E-06,
-3.32418E-06,-3.26351E-06,-2.96970E-06,-1.49735E-06,-1.27634E-06,
-3.32713E-06,-3.30715E-06,-2.95151E-06,-1.46770E-06,-1.26802E-06,
-3.34021E-06,-3.35185E-06,-2.93374E-06,-1.43795E-06,-1.25892E-06,
-3.36273E-06,-3.39858E-06,-2.91901E-06,-1.40893E-06,-1.24933E-06,
-3.39567E-06,-3.44683E-06,-2.90705E-06,-1.38285E-06,-1.24067E-06,
-3.43960E-06,-3.49504E-06,-2.89707E-06,-1.36054E-06,-1.23261E-06,
-3.49252E-06,-3.54133E-06,-2.88984E-06,-1.34074E-06,-1.22302E-06,
-3.55326E-06,-3.58456E-06,-2.88517E-06,-1.32180E-06,-1.21109E-06,
-3.62008E-06,-3.62237E-06,-2.88270E-06,-1.30495E-06,-1.19737E-06,
-3.68993E-06,-3.65401E-06,-2.88370E-06,-1.29142E-06,-1.18173E-06,
-3.75847E-06,-3.68112E-06,-2.88995E-06,-1.28076E-06,-1.16386E-06,
-3.82132E-06,-3.70334E-06,-2.90314E-06,-1.27196E-06,-1.14295E-06,
-3.87620E-06,-3.71897E-06,-2.92210E-06,-1.26472E-06,-1.11893E-06,
-3.92156E-06,-3.72757E-06,-2.94495E-06,-1.25824E-06,-1.09142E-06,
-3.95512E-06,-3.72999E-06,-2.97182E-06,-1.25091E-06,-1.05873E-06,
-3.97621E-06,-3.72675E-06,-3.00231E-06,-1.24267E-06,-1.02191E-06,
-3.98640E-06,-3.71845E-06,-3.03445E-06,-1.23443E-06,-9.83702E-07,
-3.98588E-06,-3.70589E-06,-3.06762E-06,-1.22676E-06,-9.45050E-07,
-3.97511E-06,-3.69133E-06,-3.10187E-06,-1.21852E-06,-9.05605E-07,
-3.95635E-06,-3.67588E-06,-3.13550E-06,-1.20958E-06,-8.66746E-07,
-3.93317E-06,-3.65891E-06,-3.16690E-06,-1.20072E-06,-8.30745E-07,
-3.90892E-06,-3.64139E-06,-3.19531E-06,-1.19268E-06,-7.98891E-07,
-3.88606E-06,-3.62518E-06,-3.22073E-06,-1.18508E-06,-7.71107E-07,
-3.86680E-06,-3.60963E-06,-3.24287E-06,-1.17769E-06,-7.47591E-07,
-3.85376E-06,-3.59329E-06,-3.26067E-06,-1.17112E-06,-7.29855E-07,
-3.84740E-06,-3.57674E-06,-3.27470E-06,-1.16451E-06,-7.18147E-07,
-3.84639E-06,-3.56069E-06,-3.28691E-06,-1.15800E-06,-7.11649E-07,
-3.85161E-06,-3.54504E-06,-3.29729E-06,-1.15328E-06,-7.11334E-07,
-3.86326E-06,-3.52836E-06,-3.30467E-06,-1.15165E-06,-7.18911E-07,
-3.87996E-06,-3.50940E-06,-3.30945E-06,-1.15217E-06,-7.33442E-07,
-3.89938E-06,-3.48773E-06,-3.31130E-06,-1.15321E-06,-7.53260E-07,
-3.91916E-06,-3.46226E-06,-3.30853E-06,-1.15404E-06,-7.77551E-07,
-3.93659E-06,-3.43210E-06,-3.30107E-06,-1.15528E-06,-8.06211E-07,
-3.94745E-06,-3.39973E-06,-3.29015E-06,-1.15684E-06,-8.39422E-07,
-3.94754E-06,-3.36767E-06,-3.27730E-06,-1.15761E-06,-8.76169E-07,
-3.93472E-06,-3.33548E-06,-3.26190E-06,-1.15821E-06,-9.15611E-07,
-3.90880E-06,-3.30268E-06,-3.24182E-06,-1.15779E-06,-9.56632E-07,
-3.86820E-06,-3.26910E-06,-3.21689E-06,-1.15401E-06,-9.97062E-07,
-3.81295E-06,-3.23498E-06,-3.18808E-06,-1.14578E-06,-1.03564E-06,
-3.74497E-06,-3.20041E-06,-3.15518E-06,-1.13476E-06,-1.07400E-06,
-3.66596E-06,-3.16588E-06,-3.11911E-06,-1.12350E-06,-1.11306E-06,
-3.57788E-06,-3.13232E-06,-3.08242E-06,-1.11307E-06,-1.15252E-06,
-3.48346E-06,-3.09980E-06,-3.04575E-06,-1.10346E-06,-1.19223E-06,
-3.38735E-06,-3.06578E-06,-3.00846E-06,-1.09512E-06,-1.23161E-06,
-3.29422E-06,-3.02831E-06,-2.97035E-06,-1.08908E-06,-1.27034E-06,
-3.20697E-06,-2.98811E-06,-2.93292E-06,-1.08474E-06,-1.30733E-06,
-3.12760E-06,-2.94517E-06,-2.89820E-06,-1.08198E-06,-1.34271E-06,
-3.05879E-06,-2.89895E-06,-2.86701E-06,-1.08196E-06,-1.37750E-06,
-3.00130E-06,-2.84998E-06,-2.83947E-06,-1.08481E-06,-1.41098E-06,
-2.95402E-06,-2.79947E-06,-2.81662E-06,-1.08931E-06,-1.44076E-06,
-2.91700E-06,-2.74753E-06,-2.79863E-06,-1.09469E-06,-1.46604E-06,
-2.89055E-06,-2.69360E-06,-2.78352E-06,-1.10071E-06,-1.48825E-06,
-2.87384E-06,-2.63760E-06,-2.77077E-06,-1.10694E-06,-1.50717E-06,
-2.86447E-06,-2.58072E-06,-2.76037E-06,-1.11272E-06,-1.52149E-06,
-2.85970E-06,-2.52381E-06,-2.75104E-06,-1.11684E-06,-1.53022E-06,
-2.85697E-06,-2.46592E-06,-2.74142E-06,-1.11922E-06,-1.53380E-06,
-2.85316E-06,-2.40809E-06,-2.73157E-06,-1.11901E-06,-1.53207E-06,
-2.84399E-06,-2.35258E-06,-2.72216E-06,-1.11461E-06,-1.52411E-06,
-2.82762E-06,-2.29960E-06,-2.71325E-06,-1.10639E-06,-1.50992E-06,
-2.80399E-06,-2.24808E-06,-2.70353E-06,-1.09439E-06,-1.49033E-06,
-2.77203E-06,-2.19774E-06,-2.69206E-06,-1.07674E-06,-1.46464E-06,
-2.73132E-06,-2.14842E-06,-2.67973E-06,-1.05211E-06,-1.43081E-06,
-2.68263E-06,-2.09998E-06,-2.66566E-06,-1.02131E-06,-1.38951E-06,
-2.62798E-06,-2.05249E-06,-2.64971E-06,-9.85950E-07,-1.34285E-06,
-2.56875E-06,-2.00659E-06,-2.63378E-06,-9.47219E-07,-1.29309E-06,
-2.50703E-06,-1.96371E-06,-2.61896E-06,-9.05131E-07,-1.24111E-06,
-2.44617E-06,-1.92292E-06,-2.60372E-06,-8.60965E-07,-1.18725E-06,
-2.39066E-06,-1.88216E-06,-2.58614E-06,-8.15898E-07,-1.13181E-06,
-2.34276E-06,-1.84142E-06,-2.56592E-06,-7.68600E-07,-1.07470E-06,
-2.30311E-06,-1.80184E-06,-2.54401E-06,-7.18399E-07,-1.01649E-06,
-2.27357E-06,-1.76392E-06,-2.52111E-06,-6.67450E-07,-9.59083E-07,
-2.25417E-06,-1.72864E-06,-2.49661E-06,-6.17906E-07,-9.04057E-07,
-2.24398E-06,-1.69733E-06,-2.47141E-06,-5.69158E-07,-8.51050E-07,
-2.24178E-06,-1.66964E-06,-2.44558E-06,-5.19914E-07,-7.99898E-07,
-2.24746E-06,-1.64419E-06,-2.41671E-06,-4.69811E-07,-7.50555E-07,
-2.26031E-06,-1.61967E-06,-2.38281E-06,-4.19754E-07,-7.03396E-07,
-2.27773E-06,-1.59677E-06,-2.34458E-06,-3.69846E-07,-6.58035E-07,
-2.29581E-06,-1.57670E-06,-2.30272E-06,-3.19834E-07,-6.15144E-07,
-2.31162E-06,-1.55900E-06,-2.25668E-06,-2.70644E-07,-5.75990E-07,
-2.32243E-06,-1.54306E-06,-2.20616E-06,-2.23108E-07,-5.39736E-07,
-2.32390E-06,-1.52969E-06,-2.15093E-06,-1.75794E-07,-5.04529E-07,
-2.31382E-06,-1.51857E-06,-2.09176E-06,-1.27458E-07,-4.69547E-07,
-2.29131E-06,-1.50782E-06,-2.02824E-06,-7.88926E-08,-4.35792E-07,
-2.25573E-06,-1.49693E-06,-1.95993E-06,-3.03154E-08,-4.03080E-07,
-2.20601E-06,-1.48589E-06,-1.88800E-06, 1.73221E-08,-3.70082E-07,
-2.14214E-06,-1.47424E-06,-1.81355E-06, 6.38174E-08,-3.35959E-07,
-2.06560E-06,-1.46051E-06,-1.73629E-06, 1.08347E-07,-3.02466E-07,
-1.97881E-06,-1.44336E-06,-1.65718E-06, 1.49284E-07,-2.70492E-07,
-1.88387E-06,-1.42308E-06,-1.57809E-06, 1.85810E-07,-2.39603E-07,
-1.78384E-06,-1.39923E-06,-1.49912E-06, 2.16528E-07,-2.10571E-07,
-1.68371E-06,-1.36907E-06,-1.42017E-06, 2.40075E-07,-1.84477E-07,
-1.58610E-06,-1.33117E-06,-1.34098E-06, 2.56419E-07,-1.61461E-07,
-1.49254E-06,-1.28629E-06,-1.26263E-06, 2.66464E-07,-1.39694E-07,
-1.40421E-06,-1.23477E-06,-1.18611E-06, 2.68682E-07,-1.19313E-07,
-1.32219E-06,-1.17699E-06,-1.11207E-06, 2.62222E-07,-1.01812E-07,
-1.24643E-06,-1.11403E-06,-1.04156E-06, 2.47236E-07,-8.85367E-08,
-1.17618E-06,-1.04660E-06,-9.75465E-07, 2.24613E-07,-7.88342E-08,
-1.11101E-06,-9.74399E-07,-9.12260E-07, 1.95229E-07,-7.14871E-08,
-1.05054E-06,-8.96457E-07,-8.49013E-07, 1.59083E-07,-6.64930E-08,
-9.93170E-07,-8.12699E-07,-7.85619E-07, 1.17957E-07,-6.33098E-08,
-9.34626E-07,-7.25159E-07,-7.22569E-07, 7.29791E-08,-6.20261E-08,
-8.72394E-07,-6.35950E-07,-6.60073E-07, 2.42440E-08,-6.34161E-08,
-8.03763E-07,-5.45489E-07,-5.97471E-07,-2.90294E-08,-6.82634E-08,
-7.25700E-07,-4.54869E-07,-5.34623E-07,-8.43124E-08,-7.51671E-08,
-6.36074E-07,-3.64835E-07,-4.70904E-07,-1.38127E-07,-8.25683E-08,
-5.34606E-07,-2.74610E-07,-4.05135E-07,-1.89513E-07,-8.90465E-08,
-4.21741E-07,-1.84460E-07,-3.35942E-07,-2.38296E-07,-9.40403E-08,
-2.97728E-07,-9.60949E-08,-2.64182E-07,-2.84081E-07,-9.75005E-08,
-1.63244E-07,-1.07751E-08,-1.92352E-07,-3.25774E-07,-9.94150E-08,
-2.03069E-08, 7.10992E-08,-1.20038E-07,-3.63786E-07,-1.01264E-07,
 1.26780E-07, 1.49820E-07,-4.68555E-08,-3.98959E-07,-1.03144E-07,
 2.74787E-07, 2.25443E-07, 2.69707E-08,-4.31472E-07,-1.04045E-07,
 4.19419E-07, 2.97677E-07, 1.01112E-07,-4.60071E-07,-1.04336E-07,
 5.55344E-07, 3.67530E-07, 1.76066E-07,-4.85318E-07,-1.06109E-07,
 6.78546E-07, 4.35336E-07, 2.51733E-07,-5.08123E-07,-1.09860E-07,
 7.87474E-07, 4.99310E-07, 3.27530E-07,-5.27683E-07,-1.14536E-07,
 8.81288E-07, 5.58437E-07, 4.02396E-07,-5.43139E-07,-1.19697E-07,
 9.59323E-07, 6.12866E-07, 4.75821E-07,-5.53418E-07,-1.25987E-07,
 1.02188E-06, 6.62021E-07, 5.48306E-07,-5.58362E-07,-1.33880E-07,
 1.06973E-06, 7.04660E-07, 6.18858E-07,-5.57231E-07,-1.41780E-07,
 1.10486E-06, 7.40781E-07, 6.87788E-07,-5.49190E-07,-1.48586E-07,
 1.12782E-06, 7.71875E-07, 7.56427E-07,-5.33396E-07,-1.54662E-07,
 1.14116E-06, 7.99108E-07, 8.25679E-07,-5.09426E-07,-1.59500E-07,
 1.14933E-06, 8.21827E-07, 8.94556E-07,-4.76803E-07,-1.60649E-07,
 1.15625E-06, 8.39217E-07, 9.62421E-07,-4.36147E-07,-1.57646E-07,
 1.16452E-06, 8.52508E-07, 1.02875E-06,-3.88763E-07,-1.52056E-07,
 1.17668E-06, 8.62901E-07, 1.09242E-06,-3.34684E-07,-1.43667E-07,
 1.19511E-06, 8.70721E-07, 1.15326E-06,-2.73422E-07,-1.30618E-07,
 1.22029E-06, 8.77971E-07, 1.21138E-06,-2.05032E-07,-1.10435E-07,
 1.25246E-06, 8.87288E-07, 1.26751E-06,-1.30335E-07,-8.26550E-08,
 1.29106E-06, 8.99112E-07, 1.32028E-06,-4.94284E-08,-4.81639E-08,
 1.33669E-06, 9.12675E-07, 1.36707E-06, 3.64057E-08,-7.12717E-09,
 1.38800E-06, 9.27532E-07, 1.40620E-06, 1.24671E-07, 3.96856E-08,
 1.44107E-06, 9.44445E-07, 1.43843E-06, 2.12946E-07, 9.03389E-08,
 1.49240E-06, 9.65246E-07, 1.46404E-06, 3.00713E-07, 1.44299E-07,
 1.53878E-06, 9.90429E-07, 1.48346E-06, 3.88625E-07, 2.01978E-07,
 1.57636E-06, 1.02025E-06, 1.49824E-06, 4.75287E-07, 2.62646E-07,
 1.60203E-06, 1.05499E-06, 1.50906E-06, 5.57976E-07, 3.24736E-07,
 1.61531E-06, 1.09311E-06, 1.51548E-06, 6.35678E-07, 3.86243E-07,
 1.61642E-06, 1.13230E-06, 1.51614E-06, 7.08889E-07, 4.46109E-07,
 1.60648E-06, 1.17228E-06, 1.51184E-06, 7.77020E-07, 5.04204E-07,
 1.58581E-06, 1.21357E-06, 1.50475E-06, 8.39758E-07, 5.60700E-07,
 1.55599E-06, 1.25592E-06, 1.49639E-06, 8.97610E-07, 6.16123E-07,
 1.52037E-06, 1.29938E-06, 1.48642E-06, 9.51939E-07, 6.70977E-07,
 1.48160E-06, 1.34410E-06, 1.47559E-06, 1.00227E-06, 7.24367E-07,
 1.44252E-06, 1.39036E-06, 1.46521E-06, 1.04722E-06, 7.75304E-07,
 1.40770E-06, 1.43796E-06, 1.45478E-06, 1.08688E-06, 8.24455E-07,
 1.38174E-06, 1.48660E-06, 1.44402E-06, 1.12224E-06, 8.71975E-07,
 1.36705E-06, 1.53673E-06, 1.43339E-06, 1.15381E-06, 9.17236E-07,
 1.36570E-06, 1.58943E-06, 1.42402E-06, 1.18040E-06, 9.59994E-07,
 1.37852E-06, 1.64426E-06, 1.41622E-06, 1.20213E-06, 1.00081E-06,
 1.40655E-06, 1.70050E-06, 1.41018E-06, 1.21999E-06, 1.03973E-06,
 1.44964E-06, 1.75894E-06, 1.40604E-06, 1.23509E-06, 1.07631E-06,
 1.50633E-06, 1.81934E-06, 1.40513E-06, 1.24758E-06, 1.10923E-06,
 1.57584E-06, 1.87996E-06, 1.40751E-06, 1.25743E-06, 1.13839E-06,
 1.65645E-06, 1.93890E-06, 1.41223E-06, 1.26426E-06, 1.16353E-06,
 1.74421E-06, 1.99528E-06, 1.42035E-06, 1.26709E-06, 1.18161E-06,
 1.83428E-06, 2.04931E-06, 1.43319E-06, 1.26568E-06, 1.19088E-06,
 1.92292E-06, 2.10107E-06, 1.45203E-06, 1.25990E-06, 1.19152E-06,
 2.00625E-06, 2.15016E-06, 1.47810E-06, 1.25064E-06, 1.18413E-06,
 2.08183E-06, 2.19689E-06, 1.51234E-06, 1.23775E-06, 1.16785E-06,
 2.14811E-06, 2.24117E-06, 1.55365E-06, 1.22091E-06, 1.14129E-06,
 2.20520E-06, 2.28100E-06, 1.60041E-06, 1.19981E-06, 1.10414E-06,
 2.25431E-06, 2.31539E-06, 1.65093E-06, 1.17437E-06, 1.05785E-06,
 2.29567E-06, 2.34548E-06, 1.70487E-06, 1.14518E-06, 1.00377E-06,
 2.33016E-06, 2.37342E-06, 1.76269E-06, 1.11399E-06, 9.43210E-07,
 2.36009E-06, 2.40041E-06, 1.82354E-06, 1.08337E-06, 8.79143E-07,
 2.38832E-06, 2.42717E-06, 1.88623E-06, 1.05338E-06, 8.13666E-07,
 2.41716E-06, 2.45380E-06, 1.94956E-06, 1.02347E-06, 7.47274E-07,
 2.45008E-06, 2.48051E-06, 2.01188E-06, 9.93199E-07, 6.79641E-07,
 2.48981E-06, 2.50747E-06, 2.07093E-06, 9.63544E-07, 6.11953E-07,
 2.53837E-06, 2.53483E-06, 2.12705E-06, 9.35450E-07, 5.46347E-07,
 2.59607E-06, 2.56415E-06, 2.18141E-06, 9.09174E-07, 4.84885E-07,
 2.66221E-06, 2.59621E-06, 2.23461E-06, 8.84952E-07, 4.28778E-07,
 2.73696E-06, 2.62984E-06, 2.28609E-06, 8.63965E-07, 3.78259E-07,
 2.81964E-06, 2.66361E-06, 2.33468E-06, 8.46416E-07, 3.34015E-07,
 2.90847E-06, 2.69677E-06, 2.38021E-06, 8.30734E-07, 2.95751E-07,
 3.00125E-06, 2.72799E-06, 2.42264E-06, 8.17622E-07, 2.63787E-07,
 3.09587E-06, 2.75666E-06, 2.46111E-06, 8.07860E-07, 2.38803E-07,
 3.18796E-06, 2.78278E-06, 2.49530E-06, 8.01599E-07, 2.20402E-07,
 3.27278E-06, 2.80648E-06, 2.52662E-06, 7.97316E-07, 2.07728E-07,
 3.34587E-06, 2.82823E-06, 2.55476E-06, 7.93338E-07, 2.00482E-07,
 3.40390E-06, 2.84770E-06, 2.57903E-06, 7.89634E-07, 1.98260E-07,
 3.44522E-06, 2.86551E-06, 2.59919E-06, 7.86230E-07, 2.00244E-07,
 3.46813E-06, 2.88281E-06, 2.61494E-06, 7.82460E-07, 2.06069E-07,
 3.47291E-06, 2.89948E-06, 2.62579E-06, 7.77485E-07, 2.15593E-07,
 3.46142E-06, 2.91439E-06, 2.63058E-06, 7.72153E-07, 2.29412E-07,
 3.43533E-06, 2.92810E-06, 2.62878E-06, 7.66497E-07, 2.47044E-07,
 3.39603E-06, 2.94159E-06, 2.62144E-06, 7.60970E-07, 2.68095E-07,
 3.34710E-06, 2.95502E-06, 2.61018E-06, 7.57044E-07, 2.94181E-07,
 3.29255E-06, 2.96813E-06, 2.59525E-06, 7.56311E-07, 3.26784E-07,
 3.23632E-06, 2.98048E-06, 2.57751E-06, 7.59624E-07, 3.65411E-07,
 3.18228E-06, 2.99126E-06, 2.55815E-06, 7.66487E-07, 4.08205E-07,
 3.13352E-06, 2.99866E-06, 2.53707E-06, 7.76369E-07, 4.54703E-07,
 3.09299E-06, 3.00096E-06, 2.51513E-06, 7.89282E-07, 5.05249E-07,
 3.06138E-06, 2.99837E-06, 2.49469E-06, 8.06091E-07, 5.59392E-07,
 3.03792E-06, 2.99290E-06, 2.47815E-06, 8.27285E-07, 6.16554E-07,
 3.02244E-06, 2.98409E-06, 2.46654E-06, 8.54126E-07, 6.77266E-07,
 3.01536E-06, 2.97044E-06, 2.45963E-06, 8.86447E-07, 7.41736E-07,
 3.01517E-06, 2.95123E-06, 2.45620E-06, 9.21884E-07, 8.08501E-07,
 3.02023E-06, 2.92579E-06, 2.45550E-06, 9.59011E-07, 8.75161E-07,
 3.02850E-06, 2.89402E-06, 2.45648E-06, 9.97790E-07, 9.41017E-07,
 3.03662E-06, 2.85739E-06, 2.45849E-06, 1.03806E-06, 1.00661E-06,
 3.04052E-06, 2.81824E-06, 2.46313E-06, 1.07919E-06, 1.07112E-06,
 3.03604E-06, 2.77892E-06, 2.47103E-06, 1.11967E-06, 1.13332E-06,
 3.02144E-06, 2.74007E-06, 2.48067E-06, 1.15800E-06, 1.19206E-06,
 2.99621E-06, 2.70060E-06, 2.49075E-06, 1.19300E-06, 1.24641E-06,
 2.96011E-06, 2.66108E-06, 2.50115E-06, 1.22210E-06, 1.29493E-06,
 2.91363E-06, 2.62237E-06, 2.51201E-06, 1.24453E-06, 1.33714E-06,
 2.85926E-06, 2.58421E-06, 2.52347E-06, 1.26193E-06, 1.37385E-06,
 2.79935E-06, 2.54714E-06, 2.53598E-06, 1.27536E-06, 1.40610E-06,
 2.73586E-06, 2.51206E-06, 2.55112E-06, 1.28439E-06, 1.43432E-06,
 2.67237E-06, 2.47863E-06, 2.57020E-06, 1.28922E-06, 1.45885E-06,
 2.61336E-06, 2.44559E-06, 2.59243E-06, 1.29130E-06, 1.48093E-06,
 2.56381E-06, 2.41242E-06, 2.61733E-06, 1.29204E-06, 1.50083E-06,
 2.52676E-06, 2.37911E-06, 2.64597E-06, 1.29180E-06, 1.51838E-06,
 2.50450E-06, 2.34610E-06, 2.67869E-06, 1.28970E-06, 1.53361E-06,
 2.49889E-06, 2.31333E-06, 2.71481E-06, 1.28623E-06, 1.54748E-06,
 2.50988E-06, 2.28152E-06, 2.75458E-06, 1.28176E-06, 1.55967E-06,
 2.53552E-06, 2.25317E-06, 2.79862E-06, 1.27579E-06, 1.56955E-06,
 2.57433E-06, 2.22970E-06, 2.84689E-06, 1.26831E-06, 1.57809E-06,
 2.62578E-06, 2.21061E-06, 2.89788E-06, 1.26021E-06, 1.58617E-06,
 2.68824E-06, 2.19578E-06, 2.94899E-06, 1.25117E-06, 1.59373E-06,
 2.75905E-06, 2.18570E-06, 2.99867E-06, 1.23943E-06, 1.59867E-06,
 2.83455E-06, 2.17990E-06, 3.04569E-06, 1.22378E-06, 1.60000E-06,
 2.91146E-06, 2.17853E-06, 3.08873E-06, 1.20387E-06, 1.59849E-06,
 2.98548E-06, 2.18270E-06, 3.12819E-06, 1.18047E-06, 1.59448E-06,
 3.05211E-06, 2.19410E-06, 3.16585E-06, 1.15360E-06, 1.58655E-06,
 3.10873E-06, 2.21308E-06, 3.20141E-06, 1.12307E-06, 1.57424E-06,
 3.15515E-06, 2.23726E-06, 3.23364E-06, 1.08837E-06, 1.55718E-06,
 3.19128E-06, 2.26463E-06, 3.26194E-06, 1.04811E-06, 1.53372E-06,
 3.21723E-06, 2.29503E-06, 3.28624E-06, 1.00138E-06, 1.50257E-06,
 3.23430E-06, 2.32812E-06, 3.30731E-06, 9.49588E-07, 1.46403E-06,
 3.24433E-06, 2.36346E-06, 3.32592E-06, 8.95908E-07, 1.42099E-06,
 3.24963E-06, 2.40196E-06, 3.34329E-06, 8.41967E-07, 1.37574E-06,
 3.25226E-06, 2.44379E-06, 3.36019E-06, 7.89096E-07, 1.32909E-06,
 3.25636E-06, 2.48768E-06, 3.37528E-06, 7.38539E-07, 1.28150E-06,
 3.26660E-06, 2.53165E-06, 3.38591E-06, 6.91272E-07, 1.23472E-06,
 3.28590E-06, 2.57488E-06, 3.39164E-06, 6.47407E-07, 1.18977E-06,
 3.31526E-06, 2.61836E-06, 3.39298E-06, 6.07194E-07, 1.14720E-06,
 3.35505E-06, 2.66332E-06, 3.38948E-06, 5.72657E-07, 1.10842E-06,
 3.40444E-06, 2.70996E-06, 3.38118E-06, 5.45520E-07, 1.07394E-06,
 3.46078E-06, 2.75910E-06, 3.36867E-06, 5.25310E-07, 1.04365E-06,
 3.52156E-06, 2.81113E-06, 3.35244E-06, 5.10128E-07, 1.01688E-06,
 3.58499E-06, 2.86413E-06, 3.33150E-06, 5.00498E-07, 9.93355E-07,
 3.64962E-06, 2.91623E-06, 3.30464E-06, 4.97168E-07, 9.72612E-07,
 3.71214E-06, 2.96687E-06, 3.27225E-06, 4.99228E-07, 9.53794E-07,
 3.76837E-06, 3.01503E-06, 3.23588E-06, 5.06159E-07, 9.35811E-07,
 3.81500E-06, 3.05915E-06, 3.19580E-06, 5.18198E-07, 9.18777E-07,
 3.84862E-06, 3.09849E-06, 3.15272E-06, 5.36159E-07, 9.02600E-07,
 3.86541E-06, 3.13287E-06, 3.10933E-06, 5.59227E-07, 8.85869E-07,
 3.86337E-06, 3.16210E-06, 3.06692E-06, 5.86294E-07, 8.68647E-07,
 3.84309E-06, 3.18454E-06, 3.02516E-06, 6.17394E-07, 8.51235E-07,
 3.80564E-06, 3.19861E-06, 2.98331E-06, 6.52478E-07, 8.32210E-07,
 3.75192E-06, 3.20498E-06, 2.94160E-06, 6.90040E-07, 8.10039E-07,
 3.68348E-06, 3.20449E-06, 2.90033E-06, 7.28903E-07, 7.85027E-07,
 3.60357E-06, 3.19719E-06, 2.85963E-06, 7.70064E-07, 7.59412E-07,
 3.51560E-06, 3.18516E-06, 2.81932E-06, 8.14761E-07, 7.35359E-07,
 3.42282E-06, 3.17121E-06, 2.77974E-06, 8.63494E-07, 7.12855E-07,
 3.32970E-06, 3.15592E-06, 2.74006E-06, 9.16229E-07, 6.92314E-07,
 3.24203E-06, 3.13845E-06, 2.69700E-06, 9.72569E-07, 6.75331E-07,
 3.16392E-06, 3.11852E-06, 2.64907E-06, 1.03129E-06, 6.61938E-07,
 3.09664E-06, 3.09752E-06, 2.59675E-06, 1.09133E-06, 6.51060E-07,
 3.04119E-06, 3.07721E-06, 2.54064E-06, 1.15306E-06, 6.43884E-07,
 2.99744E-06, 3.05779E-06, 2.48117E-06, 1.21751E-06, 6.42357E-07,
 2.96372E-06, 3.03962E-06, 2.42006E-06, 1.28397E-06, 6.46235E-07,
 2.93715E-06, 3.02361E-06, 2.35826E-06, 1.35062E-06, 6.53852E-07,
 2.91564E-06, 3.00813E-06, 2.29543E-06, 1.41605E-06, 6.63501E-07,
 2.89773E-06, 2.99033E-06, 2.23088E-06, 1.47965E-06, 6.75106E-07,
 2.88059E-06, 2.96941E-06, 2.16474E-06, 1.53978E-06, 6.88471E-07,
 2.86005E-06, 2.94570E-06, 2.09897E-06, 1.59532E-06, 7.02291E-07,
 2.83237E-06, 2.91919E-06, 2.03405E-06, 1.64716E-06, 7.16319E-07,
 2.79528E-06, 2.88993E-06, 1.96956E-06, 1.69528E-06, 7.31034E-07,
 2.74562E-06, 2.85847E-06, 1.90622E-06, 1.73800E-06, 7.45445E-07,
 2.68170E-06, 2.82593E-06, 1.84493E-06, 1.77270E-06, 7.58009E-07,
 2.60467E-06, 2.79286E-06, 1.78395E-06, 1.79925E-06, 7.68875E-07,
 2.51669E-06, 2.75877E-06, 1.72174E-06, 1.81813E-06, 7.77566E-07,
 2.41979E-06, 2.72478E-06, 1.65827E-06, 1.82836E-06, 7.83402E-07,
 2.31588E-06, 2.69282E-06, 1.59380E-06, 1.82854E-06, 7.86334E-07,
 2.20810E-06, 2.66319E-06, 1.52864E-06, 1.81963E-06, 7.86783E-07,
 2.10046E-06, 2.63656E-06, 1.46262E-06, 1.80397E-06, 7.86244E-07,
 1.99682E-06, 2.61461E-06, 1.39709E-06, 1.78192E-06, 7.85043E-07,
 1.90088E-06, 2.59668E-06, 1.33365E-06, 1.75393E-06, 7.83545E-07,
 1.81817E-06, 2.58031E-06, 1.27177E-06, 1.72077E-06, 7.82608E-07,
 1.75263E-06, 2.56332E-06, 1.21044E-06, 1.68389E-06, 7.81811E-07,
 1.70512E-06, 2.54444E-06, 1.15171E-06, 1.64315E-06, 7.78803E-07,
 1.67533E-06, 2.52347E-06, 1.09798E-06, 1.59845E-06, 7.73457E-07,
 1.66236E-06, 2.49952E-06, 1.05096E-06, 1.55096E-06, 7.67530E-07,
 1.66407E-06, 2.47176E-06, 1.01290E-06, 1.50221E-06, 7.60804E-07,
 1.67714E-06, 2.44061E-06, 9.84993E-07, 1.45231E-06, 7.51854E-07,
 1.69851E-06, 2.40493E-06, 9.67116E-07, 1.39965E-06, 7.38580E-07,
 1.72579E-06, 2.36123E-06, 9.57507E-07, 1.34372E-06, 7.20663E-07,
 1.75636E-06, 2.30861E-06, 9.54407E-07, 1.28394E-06, 6.97675E-07,
 1.78497E-06, 2.24898E-06, 9.57784E-07, 1.22036E-06, 6.68612E-07,
 1.80729E-06, 2.18379E-06, 9.68237E-07, 1.15380E-06, 6.33839E-07,
 1.82049E-06, 2.11401E-06, 9.84222E-07, 1.08525E-06, 5.95793E-07,
 1.82160E-06, 2.04052E-06, 1.00444E-06, 1.01440E-06, 5.55241E-07,
 1.80870E-06, 1.96441E-06, 1.02819E-06, 9.40496E-07, 5.09925E-07,
 1.78189E-06, 1.88623E-06, 1.05261E-06, 8.63602E-07, 4.59665E-07,
 1.74344E-06, 1.80503E-06, 1.07538E-06, 7.83909E-07, 4.05723E-07,
 1.69492E-06, 1.72074E-06, 1.09633E-06, 7.01954E-07, 3.49873E-07,
 1.63765E-06, 1.63591E-06, 1.11624E-06, 6.17801E-07, 2.92822E-07,
 1.57332E-06, 1.55152E-06, 1.13494E-06, 5.33490E-07, 2.35313E-07,
 1.50591E-06, 1.46671E-06, 1.15218E-06, 4.51434E-07, 1.79128E-07,
 1.43872E-06, 1.38170E-06, 1.16768E-06, 3.71731E-07, 1.26342E-07,
 1.37453E-06, 1.29643E-06, 1.18233E-06, 2.94218E-07, 7.76077E-08,
 1.31760E-06, 1.20977E-06, 1.19556E-06, 2.20385E-07, 3.37846E-08,
 1.27132E-06, 1.12075E-06, 1.20523E-06, 1.51611E-07,-3.53158E-09,
 1.23626E-06, 1.02905E-06, 1.21172E-06, 8.71590E-08,-3.45199E-08,
 1.21089E-06, 9.35898E-07, 1.21627E-06, 2.60349E-08,-5.93704E-08,
 1.19336E-06, 8.42864E-07, 1.21855E-06,-3.14483E-08,-7.76396E-08,
 1.18146E-06, 7.50314E-07, 1.21791E-06,-8.38127E-08,-8.88668E-08,
 1.17256E-06, 6.59386E-07, 1.21484E-06,-1.31693E-07,-9.31675E-08,
 1.16304E-06, 5.71149E-07, 1.20833E-06,-1.77686E-07,-9.13057E-08,
 1.15063E-06, 4.84191E-07, 1.19640E-06,-2.22341E-07,-8.47776E-08,
 1.13331E-06, 3.97716E-07, 1.17633E-06,-2.65130E-07,-7.46573E-08,
 1.10707E-06, 3.13038E-07, 1.14731E-06,-3.06881E-07,-6.22503E-08,
 1.06789E-06, 2.31352E-07, 1.11122E-06,-3.48155E-07,-4.73183E-08,
 1.01372E-06, 1.53259E-07, 1.06862E-06,-3.87789E-07,-2.79487E-08,
 9.43494E-07, 7.90620E-08, 1.01908E-06,-4.24661E-07,-4.03817E-09,
 8.56667E-07, 8.33274E-09, 9.63004E-07,-4.58774E-07, 2.21383E-08,
 7.54459E-07,-5.99034E-08, 9.00431E-07,-4.91705E-07, 4.82494E-08,
 6.39096E-07,-1.27497E-07, 8.30252E-07,-5.24246E-07, 7.41489E-08,
 5.13767E-07,-1.95962E-07, 7.53669E-07,-5.54853E-07, 9.97957E-08,
 3.80321E-07,-2.63541E-07, 6.73173E-07,-5.82350E-07, 1.25313E-07,
 2.40564E-07,-3.28847E-07, 5.91386E-07,-6.05933E-07, 1.51129E-07,
 9.90364E-08,-3.93141E-07, 5.09731E-07,-6.24060E-07, 1.78646E-07,
-3.99015E-08,-4.57819E-07, 4.27570E-07,-6.36118E-07, 2.08125E-07,
-1.72549E-07,-5.23096E-07, 3.44724E-07,-6.42881E-07, 2.37302E-07,
-2.95433E-07,-5.89866E-07, 2.61291E-07,-6.43637E-07, 2.65408E-07,
-4.05236E-07,-6.58615E-07, 1.76705E-07,-6.38044E-07, 2.93972E-07,
-5.01325E-07,-7.28817E-07, 9.13730E-08,-6.25609E-07, 3.24410E-07,
-5.85026E-07,-7.98571E-07, 7.53967E-09,-6.06730E-07, 3.55467E-07,
-6.58960E-07,-8.65865E-07,-7.50344E-08,-5.82564E-07, 3.85769E-07,
-7.25017E-07,-9.31270E-07,-1.57561E-07,-5.54050E-07, 4.14505E-07,
-7.84952E-07,-9.95500E-07,-2.40418E-07,-5.23060E-07, 4.40694E-07,
-8.42546E-07,-1.05745E-06,-3.23864E-07,-4.92112E-07, 4.62433E-07,
-9.00472E-07,-1.11678E-06,-4.08131E-07,-4.61960E-07, 4.78218E-07,
-9.60561E-07,-1.17474E-06,-4.94013E-07,-4.31884E-07, 4.88422E-07,
-1.02590E-06,-1.23119E-06,-5.81318E-07,-4.03763E-07, 4.92713E-07,
-1.09999E-06,-1.28562E-06,-6.68528E-07,-3.79151E-07, 4.89999E-07,
-1.18412E-06,-1.33818E-06,-7.54637E-07,-3.58205E-07, 4.79559E-07,
-1.27810E-06,-1.38959E-06,-8.40708E-07,-3.39872E-07, 4.62018E-07,
-1.38040E-06,-1.44090E-06,-9.25642E-07,-3.24354E-07, 4.37539E-07,
-1.48955E-06,-1.49228E-06,-1.00800E-06,-3.13270E-07, 4.05482E-07,
-1.60324E-06,-1.54416E-06,-1.08838E-06,-3.07151E-07, 3.65643E-07,
-1.71795E-06,-1.59731E-06,-1.16717E-06,-3.04699E-07, 3.18047E-07,
-1.83166E-06,-1.65047E-06,-1.24322E-06,-3.05308E-07, 2.62687E-07,
-1.94268E-06,-1.70083E-06,-1.31471E-06,-3.09828E-07, 2.00230E-07,
-2.04726E-06,-1.74799E-06,-1.38146E-06,-3.16396E-07, 1.32982E-07,
-2.14043E-06,-1.79227E-06,-1.44511E-06,-3.23527E-07, 6.24436E-08,
-2.21932E-06,-1.83329E-06,-1.50767E-06,-3.31509E-07,-1.12932E-08,
-2.28133E-06,-1.87134E-06,-1.56962E-06,-3.41540E-07,-8.86438E-08,
-2.32510E-06,-1.90662E-06,-1.63260E-06,-3.53526E-07,-1.68531E-07,
-2.35069E-06,-1.93849E-06,-1.69755E-06,-3.66134E-07,-2.49155E-07,
-2.36018E-06,-1.96509E-06,-1.76280E-06,-3.78405E-07,-3.30559E-07,
-2.35748E-06,-1.98490E-06,-1.82702E-06,-3.91137E-07,-4.12365E-07,
-2.34495E-06,-1.99890E-06,-1.89087E-06,-4.05687E-07,-4.94072E-07,
-2.32526E-06,-2.00984E-06,-1.95557E-06,-4.22650E-07,-5.76339E-07,
-2.30248E-06,-2.01828E-06,-2.02125E-06,-4.44158E-07,-6.61928E-07,
-2.28124E-06,-2.02439E-06,-2.08745E-06,-4.70928E-07,-7.52262E-07,
-2.26447E-06,-2.02958E-06,-2.15293E-06,-5.02032E-07,-8.45689E-07,
-2.25586E-06,-2.03427E-06,-2.21689E-06,-5.36744E-07,-9.40312E-07,
-2.25901E-06,-2.03794E-06,-2.27802E-06,-5.75074E-07,-1.03582E-06,
-2.27557E-06,-2.04127E-06,-2.33623E-06,-6.16740E-07,-1.13303E-06,
-2.30522E-06,-2.04641E-06,-2.39368E-06,-6.61309E-07,-1.23071E-06,
-2.34604E-06,-2.05473E-06,-2.45177E-06,-7.08593E-07,-1.32736E-06,
-2.39716E-06,-2.06585E-06,-2.51007E-06,-7.58371E-07,-1.42235E-06,
-2.45707E-06,-2.07819E-06,-2.56864E-06,-8.09770E-07,-1.51470E-06,
-2.52292E-06,-2.09144E-06,-2.62869E-06,-8.60849E-07,-1.60195E-06,
-2.59218E-06,-2.10531E-06,-2.69016E-06,-9.11043E-07,-1.68246E-06,
-2.66345E-06,-2.11793E-06,-2.75321E-06,-9.61025E-07,-1.75608E-06,
-2.73331E-06,-2.12865E-06,-2.81846E-06,-1.00984E-06,-1.82224E-06,
-2.79743E-06,-2.13847E-06,-2.88744E-06,-1.05504E-06,-1.87970E-06,
-2.85282E-06,-2.14785E-06,-2.96085E-06,-1.09623E-06,-1.92697E-06,
-2.89804E-06,-2.15661E-06,-3.03768E-06,-1.13387E-06,-1.96380E-06,
-2.93316E-06,-2.16580E-06,-3.11735E-06,-1.16754E-06,-1.99077E-06,
-2.95844E-06,-2.17633E-06,-3.20019E-06,-1.19600E-06,-2.00787E-06,
-2.97599E-06,-2.18897E-06,-3.28463E-06,-1.21852E-06,-2.01540E-06,
-2.98957E-06,-2.20374E-06,-3.36742E-06,-1.23632E-06,-2.01479E-06,
-3.00234E-06,-2.22161E-06,-3.44750E-06,-1.24992E-06,-2.00642E-06,
-3.01605E-06,-2.24538E-06,-3.52485E-06,-1.25898E-06,-1.99164E-06,
-3.03480E-06,-2.27672E-06,-3.59920E-06,-1.26494E-06,-1.97326E-06,
-3.06324E-06,-2.31580E-06,-3.66919E-06,-1.27051E-06,-1.95358E-06,
-3.10452E-06,-2.36313E-06,-3.73388E-06,-1.27588E-06,-1.93311E-06,
-3.16140E-06,-2.41891E-06,-3.79318E-06,-1.27979E-06,-1.91122E-06,
-3.23498E-06,-2.48146E-06,-3.84666E-06,-1.28127E-06,-1.88813E-06,
-3.32587E-06,-2.55001E-06,-3.89419E-06,-1.28072E-06,-1.86408E-06,
-3.43235E-06,-2.62539E-06,-3.93746E-06,-1.27940E-06,-1.83939E-06,
-3.55070E-06,-2.70847E-06,-3.97970E-06,-1.27730E-06,-1.81333E-06,
-3.67815E-06,-2.79832E-06,-4.02171E-06,-1.27468E-06,-1.78711E-06,
-3.81314E-06,-2.89211E-06,-4.06288E-06,-1.27165E-06,-1.76125E-06,
-3.95185E-06,-2.98774E-06,-4.10261E-06,-1.26703E-06,-1.73373E-06,
-4.09036E-06,-3.08436E-06,-4.14072E-06,-1.25979E-06,-1.70310E-06,
-4.22591E-06,-3.18108E-06,-4.17678E-06,-1.25047E-06,-1.67019E-06,
-4.35442E-06,-3.27711E-06,-4.21075E-06,-1.24019E-06,-1.63666E-06,
-4.47233E-06,-3.37423E-06,-4.24325E-06,-1.22936E-06,-1.60258E-06,
-4.57621E-06,-3.47362E-06,-4.27440E-06,-1.21762E-06,-1.56751E-06,
-4.66445E-06,-3.57435E-06,-4.30303E-06,-1.20431E-06,-1.53081E-06,
-4.73795E-06,-3.67564E-06,-4.32685E-06,-1.18903E-06,-1.49371E-06,
-4.79753E-06,-3.77786E-06,-4.34584E-06,-1.17147E-06,-1.45569E-06,
-4.84384E-06,-3.88210E-06,-4.36025E-06,-1.15254E-06,-1.41616E-06,
-4.88050E-06,-3.98840E-06,-4.36974E-06,-1.13456E-06,-1.37721E-06,
-4.91082E-06,-4.09606E-06,-4.37467E-06,-1.11889E-06,-1.34063E-06,
-4.93699E-06,-4.20444E-06,-4.37637E-06,-1.10555E-06,-1.30673E-06,
-4.96337E-06,-4.31322E-06,-4.37558E-06,-1.09560E-06,-1.27561E-06,
-4.99385E-06,-4.42004E-06,-4.37236E-06,-1.09161E-06,-1.24803E-06,
-5.03217E-06,-4.52298E-06,-4.36751E-06,-1.09507E-06,-1.22454E-06,
-5.08053E-06,-4.62125E-06,-4.36268E-06,-1.10616E-06,-1.20584E-06,
-5.13913E-06,-4.71344E-06,-4.35983E-06,-1.12428E-06,-1.19041E-06,
-5.20770E-06,-4.79788E-06,-4.35899E-06,-1.14996E-06,-1.17794E-06,
-5.28520E-06,-4.87388E-06,-4.36101E-06,-1.18322E-06,-1.16839E-06,
-5.36722E-06,-4.94223E-06,-4.36787E-06,-1.22247E-06,-1.16036E-06,
-5.45031E-06,-5.00307E-06,-4.38023E-06,-1.26749E-06,-1.15367E-06,
-5.53282E-06,-5.05599E-06,-4.39618E-06,-1.31908E-06,-1.14896E-06,
-5.61051E-06,-5.10024E-06,-4.41399E-06,-1.37622E-06,-1.14555E-06,
-5.67990E-06,-5.13652E-06,-4.43272E-06,-1.43605E-06,-1.14229E-06,
-5.73761E-06,-5.16537E-06,-4.45046E-06,-1.49715E-06,-1.13980E-06,
-5.78056E-06,-5.18725E-06,-4.46545E-06,-1.55975E-06,-1.13843E-06,
-5.80655E-06,-5.20450E-06,-4.47674E-06,-1.62475E-06,-1.13922E-06,
-5.81327E-06,-5.21983E-06,-4.48481E-06,-1.69086E-06,-1.14210E-06,
-5.79975E-06,-5.23355E-06,-4.48881E-06,-1.75628E-06,-1.14690E-06,
-5.76873E-06,-5.24455E-06,-4.48664E-06,-1.82070E-06,-1.15420E-06,
-5.72219E-06,-5.25340E-06,-4.47719E-06,-1.88267E-06,-1.16276E-06,
-5.66122E-06,-5.26099E-06,-4.46197E-06,-1.94111E-06,-1.17102E-06,
-5.59037E-06,-5.26814E-06,-4.44221E-06,-1.99684E-06,-1.18084E-06,
-5.51372E-06,-5.27441E-06,-4.41872E-06,-2.05157E-06,-1.19470E-06,
-5.43492E-06,-5.28001E-06,-4.39348E-06,-2.10609E-06,-1.21259E-06,
-5.35857E-06,-5.28514E-06,-4.36747E-06,-2.16034E-06,-1.23434E-06,
-5.28909E-06,-5.28782E-06,-4.34050E-06,-2.21391E-06,-1.25965E-06,
-5.23089E-06,-5.28586E-06,-4.31183E-06,-2.26723E-06,-1.28952E-06,
-5.18692E-06,-5.27982E-06,-4.28233E-06,-2.32055E-06,-1.32417E-06,
-5.15632E-06,-5.27166E-06,-4.25377E-06,-2.37311E-06,-1.36215E-06,
-5.13894E-06,-5.26148E-06,-4.22698E-06,-2.42507E-06,-1.40351E-06,
-5.13453E-06,-5.24951E-06,-4.20151E-06,-2.47575E-06,-1.44874E-06,
-5.13880E-06,-5.23670E-06,-4.17787E-06,-2.52240E-06,-1.49553E-06,
-5.14880E-06,-5.22461E-06,-4.15637E-06,-2.56315E-06,-1.54128E-06,
-5.16258E-06,-5.21328E-06,-4.13538E-06,-2.59792E-06,-1.58589E-06,
-5.17726E-06,-5.20223E-06,-4.11399E-06,-2.62596E-06,-1.62900E-06,
-5.18980E-06,-5.19229E-06,-4.09262E-06,-2.64615E-06,-1.67017E-06,
-5.19705E-06,-5.18417E-06,-4.07169E-06,-2.65745E-06,-1.70766E-06,
-5.19635E-06,-5.17694E-06,-4.05051E-06,-2.65995E-06,-1.74048E-06,
-5.18728E-06,-5.16941E-06,-4.02936E-06,-2.65458E-06,-1.76932E-06,
-5.16808E-06,-5.16256E-06,-4.00984E-06,-2.64048E-06,-1.79405E-06,
-5.13757E-06,-5.15619E-06,-3.99382E-06,-2.61730E-06,-1.81390E-06,
-5.09924E-06,-5.14871E-06,-3.98107E-06,-2.58687E-06,-1.82884E-06,
-5.05520E-06,-5.13831E-06,-3.97108E-06,-2.54966E-06,-1.83828E-06,
-5.00687E-06,-5.12449E-06,-3.96586E-06,-2.50413E-06,-1.84029E-06,
-4.95734E-06,-5.10725E-06,-3.96704E-06,-2.45079E-06,-1.83538E-06,
-4.90990E-06,-5.08634E-06,-3.97509E-06,-2.39187E-06,-1.82519E-06,
-4.86799E-06,-5.06220E-06,-3.99070E-06,-2.33034E-06,-1.81129E-06,
-4.83530E-06,-5.03603E-06,-4.01491E-06,-2.26748E-06,-1.79495E-06,
-4.81480E-06,-5.00763E-06,-4.04647E-06,-2.20306E-06,-1.77665E-06,
-4.81071E-06,-4.97429E-06,-4.08262E-06,-2.13834E-06,-1.75710E-06,
-4.82584E-06,-4.93603E-06,-4.12118E-06,-2.07416E-06,-1.73655E-06,
-4.85788E-06,-4.89481E-06,-4.16231E-06,-2.01006E-06,-1.71443E-06,
-4.90514E-06,-4.85240E-06,-4.20659E-06,-1.94679E-06,-1.69226E-06,
-4.96555E-06,-4.80976E-06,-4.25295E-06,-1.88620E-06,-1.67237E-06,
-5.03420E-06,-4.76813E-06,-4.30071E-06,-1.82759E-06,-1.65336E-06,
-5.10663E-06,-4.72806E-06,-4.34934E-06,-1.76951E-06,-1.63297E-06,
-5.17945E-06,-4.68819E-06,-4.39707E-06,-1.71019E-06,-1.61049E-06,
-5.24884E-06,-4.64643E-06,-4.44199E-06,-1.64893E-06,-1.58608E-06,
-5.31136E-06,-4.60251E-06,-4.48434E-06,-1.58660E-06,-1.55979E-06,
-5.36234E-06,-4.55820E-06,-4.52525E-06,-1.52374E-06,-1.53097E-06,
-5.39774E-06,-4.51287E-06,-4.56504E-06,-1.46125E-06,-1.50057E-06,
-5.41725E-06,-4.46481E-06,-4.60342E-06,-1.39981E-06,-1.47076E-06,
-5.41915E-06,-4.41343E-06,-4.64045E-06,-1.33875E-06,-1.44112E-06,
-5.40295E-06,-4.35896E-06,-4.67633E-06,-1.27709E-06,-1.40984E-06,
-5.37191E-06,-4.30036E-06,-4.71013E-06,-1.21680E-06,-1.37797E-06,
-5.32866E-06,-4.23718E-06,-4.74077E-06,-1.15841E-06,-1.34715E-06,
-5.27472E-06,-4.17103E-06,-4.76891E-06,-1.10125E-06,-1.31767E-06,
-5.21300E-06,-4.10376E-06,-4.79525E-06,-1.04594E-06,-1.28975E-06,
-5.14626E-06,-4.03656E-06,-4.81817E-06,-9.93161E-07,-1.26449E-06,
-5.07815E-06,-3.96950E-06,-4.83654E-06,-9.44513E-07,-1.24416E-06,
-5.01283E-06,-3.90414E-06,-4.85023E-06,-9.00367E-07,-1.23008E-06,
-4.95218E-06,-3.84154E-06,-4.85785E-06,-8.61132E-07,-1.22231E-06,
-4.90038E-06,-3.78081E-06,-4.85661E-06,-8.28348E-07,-1.22191E-06,
-4.86004E-06,-3.72068E-06,-4.84445E-06,-8.02866E-07,-1.23011E-06,
-4.82884E-06,-3.66199E-06,-4.82156E-06,-7.82377E-07,-1.24636E-06,
-4.80461E-06,-3.60568E-06,-4.78923E-06,-7.66842E-07,-1.27026E-06,
-4.78510E-06,-3.55172E-06,-4.74787E-06,-7.58148E-07,-1.30220E-06,
-4.76588E-06,-3.50019E-06,-4.69793E-06,-7.55944E-07,-1.34103E-06,
-4.74318E-06,-3.45050E-06,-4.64140E-06,-7.58510E-07,-1.38495E-06,
-4.71367E-06,-3.40153E-06,-4.57884E-06,-7.62716E-07,-1.43187E-06,
-4.67396E-06,-3.35073E-06,-4.50922E-06,-7.67493E-07,-1.47977E-06,
-4.62252E-06,-3.29695E-06,-4.43314E-06,-7.72941E-07,-1.52754E-06,
-4.55545E-06,-3.24109E-06,-4.35337E-06,-7.78346E-07,-1.57416E-06,
-4.46991E-06,-3.18404E-06,-4.27225E-06,-7.83372E-07,-1.61976E-06,
-4.36722E-06,-3.12495E-06,-4.19029E-06,-7.90000E-07,-1.66580E-06,
-4.24810E-06,-3.06333E-06,-4.10737E-06,-7.98071E-07,-1.71113E-06,
-4.11372E-06,-2.99953E-06,-4.02347E-06,-8.05453E-07,-1.75354E-06,
-3.96858E-06,-2.93286E-06,-3.93848E-06,-8.11689E-07,-1.79310E-06,
-3.81652E-06,-2.86315E-06,-3.85160E-06,-8.17073E-07,-1.83012E-06,
-3.66085E-06,-2.79209E-06,-3.76358E-06,-8.22695E-07,-1.86419E-06,
-3.50526E-06,-2.72255E-06,-3.67656E-06,-8.29240E-07,-1.89473E-06,
-3.35222E-06,-2.65565E-06,-3.59138E-06,-8.36599E-07,-1.92148E-06,
-3.20673E-06,-2.59120E-06,-3.50721E-06,-8.45353E-07,-1.94514E-06,
-3.07358E-06,-2.52898E-06,-3.42384E-06,-8.56353E-07,-1.96523E-06,
-2.95487E-06,-2.46966E-06,-3.34154E-06,-8.68893E-07,-1.97993E-06,
-2.85422E-06,-2.41269E-06,-3.25992E-06,-8.83991E-07,-1.99004E-06,
-2.77430E-06,-2.35635E-06,-3.17900E-06,-9.02849E-07,-1.99691E-06,
-2.71311E-06,-2.30107E-06,-3.09927E-06,-9.24645E-07,-1.99911E-06,
-2.66810E-06,-2.24771E-06,-3.02239E-06,-9.48837E-07,-1.99484E-06,
-2.63627E-06,-2.19611E-06,-2.94887E-06,-9.75162E-07,-1.98350E-06,
-2.61310E-06,-2.14531E-06,-2.87871E-06,-1.00215E-06,-1.96531E-06,
-2.59522E-06,-2.09544E-06,-2.81290E-06,-1.02799E-06,-1.93979E-06,
-2.57793E-06,-2.04651E-06,-2.75194E-06,-1.05060E-06,-1.90489E-06,
-2.55723E-06,-1.99769E-06,-2.69432E-06,-1.06835E-06,-1.85924E-06,
-2.53128E-06,-1.94772E-06,-2.63870E-06,-1.08107E-06,-1.80333E-06,
-2.49630E-06,-1.89719E-06,-2.58569E-06,-1.08652E-06,-1.73713E-06,
-2.44896E-06,-1.84792E-06,-2.53573E-06,-1.08433E-06,-1.66116E-06,
-2.41505E-06,-1.81917E-06,-2.50703E-06,-1.08005E-06,-1.61210E-06,
