 1.33457E+04, 1.25285E+04, 2.25576E+04, 2.22484E+04, 2.34861E+04, 1.69605E+04,
 1.33457E+04, 1.25285E+04, 2.25576E+04, 2.22484E+04, 2.34861E+04, 1.69605E+04,
 1.33457E+04, 1.25285E+04, 2.25576E+04, 2.22484E+04, 2.34861E+04, 1.69605E+04,
 1.33457E+04, 1.25285E+04, 2.25576E+04, 2.22484E+04, 2.34861E+04, 1.69605E+04,
 1.33457E+04, 1.25285E+04, 2.25576E+04, 2.22484E+04, 2.34861E+04, 1.69605E+04,
 1.33457E+04, 1.25285E+04, 2.25576E+04, 2.22484E+04, 2.34861E+04, 1.69605E+04,
 1.33457E+04, 1.25285E+04, 2.25576E+04, 2.22484E+04, 2.34861E+04, 1.69605E+04,
 1.33457E+04, 1.25285E+04, 2.25576E+04, 2.22484E+04, 2.34861E+04, 1.69605E+04,
 1.33457E+04, 1.25285E+04, 2.25576E+04, 2.22484E+04, 2.34861E+04, 1.69605E+04,
 1.33457E+04, 1.25285E+04, 2.25576E+04, 2.22484E+04, 2.34861E+04, 1.69605E+04,
 1.33284E+04, 1.25298E+04, 2.25496E+04, 2.22289E+04, 2.34759E+04, 1.69618E+04,
 1.32529E+04, 1.24757E+04, 2.25759E+04, 2.20997E+04, 2.33533E+04, 1.69981E+04,
 1.31589E+04, 1.24021E+04, 2.27384E+04, 2.19790E+04, 2.32734E+04, 1.69495E+04,
 1.31010E+04, 1.23805E+04, 2.28897E+04, 2.18585E+04, 2.31719E+04, 1.67515E+04,
 1.29625E+04, 1.22909E+04, 2.29269E+04, 2.16386E+04, 2.29266E+04, 1.65495E+04,
 1.28128E+04, 1.21148E+04, 2.28441E+04, 2.11805E+04, 2.25276E+04, 1.62460E+04,
 1.25263E+04, 1.18329E+04, 2.26811E+04, 2.04031E+04, 2.18214E+04, 1.59318E+04,
 1.21414E+04, 1.15041E+04, 2.25756E+04, 1.95376E+04, 2.10140E+04, 1.56324E+04,
 1.15849E+04, 1.09402E+04, 2.26068E+04, 1.86676E+04, 2.02310E+04, 1.53578E+04,
 1.08345E+04, 1.02264E+04, 2.27277E+04, 1.78205E+04, 1.94041E+04, 1.51857E+04,
 1.01758E+04, 9.51275E+03, 2.28791E+04, 1.68294E+04, 1.83630E+04, 1.49423E+04,
 9.79388E+03, 9.00984E+03, 2.27478E+04, 1.56830E+04, 1.72771E+04, 1.47170E+04,
 9.60446E+03, 8.73108E+03, 2.21380E+04, 1.43690E+04, 1.60614E+04, 1.44931E+04,
 9.51782E+03, 8.54846E+03, 2.12699E+04, 1.31124E+04, 1.48924E+04, 1.43825E+04,
 9.86751E+03, 8.67350E+03, 2.03846E+04, 1.21463E+04, 1.40165E+04, 1.43104E+04,
 1.06261E+04, 9.28408E+03, 1.97033E+04, 1.16309E+04, 1.34406E+04, 1.43943E+04,
 1.17787E+04, 1.02966E+04, 1.90667E+04, 1.15436E+04, 1.32297E+04, 1.44966E+04,
 1.33857E+04, 1.16856E+04, 1.83619E+04, 1.16666E+04, 1.32872E+04, 1.44043E+04,
 1.53180E+04, 1.36109E+04, 1.74810E+04, 1.18371E+04, 1.34969E+04, 1.41854E+04,
 1.78543E+04, 1.60389E+04, 1.62687E+04, 1.21624E+04, 1.39274E+04, 1.40377E+04,
 2.05316E+04, 1.87129E+04, 1.48835E+04, 1.29314E+04, 1.48700E+04, 1.41258E+04,
 2.29968E+04, 2.11455E+04, 1.38666E+04, 1.43546E+04, 1.60993E+04, 1.43676E+04,
 2.53505E+04, 2.33647E+04, 1.35182E+04, 1.61690E+04, 1.75067E+04, 1.47283E+04,
 2.74408E+04, 2.53511E+04, 1.36518E+04, 1.77583E+04, 1.88499E+04, 1.49323E+04,
 2.91725E+04, 2.71513E+04, 1.37560E+04, 1.89179E+04, 1.98362E+04, 1.50102E+04,
 3.04792E+04, 2.85681E+04, 1.39496E+04, 1.97160E+04, 2.06069E+04, 1.49134E+04,
 3.13551E+04, 2.95740E+04, 1.43098E+04, 2.05353E+04, 2.14658E+04, 1.47046E+04,
 3.16948E+04, 3.01072E+04, 1.48680E+04, 2.14669E+04, 2.24019E+04, 1.48459E+04,
 3.16960E+04, 3.01087E+04, 1.56940E+04, 2.23278E+04, 2.30207E+04, 1.52652E+04,
 3.11823E+04, 2.96400E+04, 1.70545E+04, 2.30105E+04, 2.34129E+04, 1.53470E+04,
 3.02090E+04, 2.85244E+04, 1.88726E+04, 2.33056E+04, 2.33180E+04, 1.50258E+04,
 2.89349E+04, 2.72496E+04, 2.06152E+04, 2.31934E+04, 2.30478E+04, 1.44845E+04,
 2.73517E+04, 2.59144E+04, 2.21958E+04, 2.27421E+04, 2.26936E+04, 1.39544E+04,
 2.60748E+04, 2.48223E+04, 2.34907E+04, 2.23575E+04, 2.23527E+04, 1.35414E+04,
 2.48752E+04, 2.38954E+04, 2.51426E+04, 2.24177E+04, 2.24925E+04, 1.31784E+04,
 2.36915E+04, 2.29424E+04, 2.65863E+04, 2.29260E+04, 2.28665E+04, 1.29125E+04,
 2.29062E+04, 2.22107E+04, 2.75894E+04, 2.35792E+04, 2.33384E+04, 1.29475E+04,
 2.24640E+04, 2.16542E+04, 2.80688E+04, 2.40325E+04, 2.34638E+04, 1.27677E+04,
 2.24147E+04, 2.14458E+04, 2.81483E+04, 2.46713E+04, 2.38700E+04, 1.22375E+04,
 2.23283E+04, 2.13574E+04, 2.77317E+04, 2.55519E+04, 2.46531E+04, 1.21051E+04,
 2.25325E+04, 2.17969E+04, 2.67624E+04, 2.67234E+04, 2.58470E+04, 1.25340E+04,
 2.32417E+04, 2.28847E+04, 2.56798E+04, 2.79460E+04, 2.72475E+04, 1.30832E+04,
 2.45534E+04, 2.43357E+04, 2.41300E+04, 2.91577E+04, 2.84624E+04, 1.35126E+04,
 2.59115E+04, 2.58594E+04, 2.22781E+04, 3.04283E+04, 2.95387E+04, 1.38924E+04,
 2.72355E+04, 2.71283E+04, 1.99877E+04, 3.14040E+04, 3.03040E+04, 1.44507E+04,
 2.82701E+04, 2.79411E+04, 1.75048E+04, 3.18054E+04, 3.05206E+04, 1.51722E+04,
 2.89150E+04, 2.84493E+04, 1.51325E+04, 3.13267E+04, 2.99143E+04, 1.56426E+04,
 2.91582E+04, 2.87466E+04, 1.29871E+04, 3.02530E+04, 2.89300E+04, 1.59541E+04,
 2.89129E+04, 2.87754E+04, 1.09845E+04, 2.85222E+04, 2.73802E+04, 1.64925E+04,
 2.85819E+04, 2.86335E+04, 9.23022E+03, 2.60511E+04, 2.50412E+04, 1.65692E+04,
 2.80448E+04, 2.82511E+04, 7.66317E+03, 2.27846E+04, 2.18892E+04, 1.56075E+04,
 2.72813E+04, 2.74931E+04, 6.09855E+03, 1.90661E+04, 1.81739E+04, 1.41965E+04,
 2.59414E+04, 2.61272E+04, 4.60790E+03, 1.52830E+04, 1.44325E+04, 1.27441E+04,
 2.39717E+04, 2.40326E+04, 3.60791E+03, 1.12097E+04, 1.06509E+04, 1.14143E+04,
 2.13966E+04, 2.14701E+04, 2.82570E+03, 6.83740E+03, 6.45582E+03, 9.55260E+03,
 1.92996E+04, 1.95248E+04, 2.29607E+03, 2.89056E+03, 3.06100E+03, 7.25716E+03,
 1.75824E+04, 1.81463E+04, 1.96045E+03, 2.67607E+03, 2.99461E+03, 4.87367E+03,
 1.58639E+04, 1.67546E+04, 1.67414E+03, 5.03164E+03, 5.05796E+03, 3.50478E+03,
 1.45819E+04, 1.56440E+04, 1.52736E+03, 6.71503E+03, 6.46649E+03, 4.29365E+03,
 1.38526E+04, 1.49932E+04, 1.69244E+03, 7.64832E+03, 7.16913E+03, 6.51208E+03,
 1.35415E+04, 1.46130E+04, 2.16075E+03, 7.73877E+03, 7.13961E+03, 8.24663E+03,
 1.33279E+04, 1.41999E+04, 2.74613E+03, 7.33926E+03, 6.80923E+03, 9.49750E+03,
 1.34680E+04, 1.41667E+04, 2.97183E+03, 6.60372E+03, 6.17435E+03, 1.07173E+04,
 1.41814E+04, 1.48302E+04, 3.62456E+03, 5.38542E+03, 5.09664E+03, 1.20071E+04,
 1.58529E+04, 1.63893E+04, 4.86456E+03, 3.77047E+03, 3.42977E+03, 1.27709E+04,
 1.72878E+04, 1.78428E+04, 6.27523E+03, 2.49262E+03, 1.91631E+03, 1.31833E+04,
 1.84223E+04, 1.87596E+04, 7.18003E+03, 2.54411E+03, 1.94396E+03, 1.29759E+04,
 1.99990E+04, 2.01632E+04, 8.28544E+03, 3.19799E+03, 2.88413E+03, 1.20910E+04,
 2.11586E+04, 2.11683E+04, 1.00904E+04, 3.44000E+03, 3.38223E+03, 1.05720E+04,
 2.13595E+04, 2.11578E+04, 1.19485E+04, 3.05898E+03, 3.07269E+03, 9.04034E+03,
 2.09202E+04, 2.06041E+04, 1.32970E+04, 2.64011E+03, 2.71280E+03, 7.88782E+03,
 2.01880E+04, 1.97778E+04, 1.43020E+04, 2.49087E+03, 2.67463E+03, 6.74595E+03,
 1.92256E+04, 1.88584E+04, 1.54600E+04, 2.19152E+03, 2.84597E+03, 5.36933E+03,
 1.80507E+04, 1.77892E+04, 1.62647E+04, 1.85152E+03, 2.88576E+03, 4.31473E+03,
 1.61884E+04, 1.61425E+04, 1.60101E+04, 1.71198E+03, 3.05516E+03, 3.62326E+03,
 1.41196E+04, 1.42111E+04, 1.50720E+04, 1.80448E+03, 3.20532E+03, 3.11246E+03,
 1.18070E+04, 1.21494E+04, 1.42114E+04, 2.64255E+03, 3.54173E+03, 2.63330E+03,
 9.21234E+03, 9.57834E+03, 1.30983E+04, 3.75445E+03, 4.09504E+03, 2.66150E+03,
 7.52495E+03, 7.81298E+03, 1.10829E+04, 5.96822E+03, 5.32138E+03, 2.42089E+03,
 7.22988E+03, 7.62309E+03, 8.27635E+03, 9.42639E+03, 8.27650E+03, 2.08460E+03,
 7.81033E+03, 8.32103E+03, 5.53555E+03, 1.32094E+04, 1.20465E+04, 2.01325E+03,
 9.07924E+03, 9.89242E+03, 2.96478E+03, 1.68056E+04, 1.61751E+04, 2.48298E+03,
 1.10948E+04, 1.21413E+04, 9.20755E+02, 2.07921E+04, 2.03453E+04, 3.77021E+03,
 1.32935E+04, 1.44366E+04, 2.22496E+03, 2.46110E+04, 2.42415E+04, 5.00271E+03,
 1.59172E+04, 1.71801E+04, 3.55791E+03, 2.81229E+04, 2.78235E+04, 5.82681E+03,
 1.91395E+04, 2.02797E+04, 4.34056E+03, 3.07941E+04, 3.02556E+04, 6.19814E+03,
 2.30362E+04, 2.39574E+04, 4.50468E+03, 3.25892E+04, 3.19553E+04, 6.85496E+03,
 2.76132E+04, 2.83918E+04, 3.90516E+03, 3.46606E+04, 3.40862E+04, 7.32392E+03,
 3.10767E+04, 3.19438E+04, 2.54932E+03, 3.58565E+04, 3.55357E+04, 6.50231E+03,
 3.29442E+04, 3.41062E+04, 2.40145E+03, 3.63521E+04, 3.63457E+04, 5.68526E+03,
 3.41174E+04, 3.55141E+04, 4.89826E+03, 3.63456E+04, 3.64633E+04, 5.25997E+03,
 3.42177E+04, 3.56817E+04, 8.31195E+03, 3.56156E+04, 3.55293E+04, 5.05203E+03,
 3.29115E+04, 3.43781E+04, 1.19208E+04, 3.37744E+04, 3.36365E+04, 4.21838E+03,
 3.10569E+04, 3.24691E+04, 1.52846E+04, 3.20610E+04, 3.15925E+04, 2.83243E+03,
 2.86930E+04, 2.97446E+04, 1.81303E+04, 3.06254E+04, 2.99177E+04, 2.14318E+03,
 2.58716E+04, 2.69143E+04, 2.08954E+04, 2.97181E+04, 2.91208E+04, 2.09903E+03,
 2.27189E+04, 2.39585E+04, 2.30941E+04, 2.93704E+04, 2.88921E+04, 2.33915E+03,
 1.86532E+04, 2.02483E+04, 2.44917E+04, 2.83145E+04, 2.81707E+04, 2.33420E+03,
 1.52163E+04, 1.70273E+04, 2.41935E+04, 2.74886E+04, 2.75615E+04, 2.61946E+03,
 1.26801E+04, 1.43520E+04, 2.31136E+04, 2.65452E+04, 2.66682E+04, 3.68752E+03,
 1.01840E+04, 1.16599E+04, 2.19794E+04, 2.52285E+04, 2.54003E+04, 5.15026E+03,
 8.93653E+03, 1.00643E+04, 2.02722E+04, 2.48730E+04, 2.48924E+04, 6.75334E+03,
 9.50582E+03, 1.02211E+04, 1.80756E+04, 2.59792E+04, 2.58694E+04, 9.04264E+03,
 1.13013E+04, 1.18415E+04, 1.61220E+04, 2.70277E+04, 2.69769E+04, 1.26385E+04,
 1.39536E+04, 1.47355E+04, 1.46243E+04, 2.79454E+04, 2.79700E+04, 1.67560E+04,
 1.71282E+04, 1.81158E+04, 1.32683E+04, 2.87628E+04, 2.88463E+04, 2.10107E+04,
 2.03406E+04, 2.13045E+04, 1.18839E+04, 2.92583E+04, 2.93958E+04, 2.53325E+04,
 2.35867E+04, 2.44700E+04, 1.07216E+04, 3.03383E+04, 3.03351E+04, 2.96587E+04,
 2.61947E+04, 2.70247E+04, 1.16030E+04, 3.11418E+04, 3.10574E+04, 3.35330E+04,
 2.87255E+04, 2.95373E+04, 1.40536E+04, 3.22614E+04, 3.20923E+04, 3.64017E+04,
 3.16101E+04, 3.24923E+04, 1.65876E+04, 3.43290E+04, 3.39709E+04, 3.87701E+04,
 3.34469E+04, 3.41249E+04, 1.95780E+04, 3.57031E+04, 3.54297E+04, 4.04792E+04,
 3.29980E+04, 3.36041E+04, 2.31710E+04, 3.61160E+04, 3.57662E+04, 4.13531E+04,
 3.07407E+04, 3.12687E+04, 2.69183E+04, 3.63526E+04, 3.63645E+04, 4.13965E+04,
 2.72079E+04, 2.74404E+04, 3.02607E+04, 3.59695E+04, 3.63551E+04, 4.07428E+04,
 2.21999E+04, 2.22229E+04, 3.30648E+04, 3.48723E+04, 3.54464E+04, 3.87990E+04,
 1.67823E+04, 1.67074E+04, 3.60914E+04, 3.33300E+04, 3.40610E+04, 3.61173E+04,
 1.14262E+04, 1.13952E+04, 3.92789E+04, 3.11127E+04, 3.18853E+04, 3.31557E+04,
 6.97100E+03, 7.03988E+03, 4.10631E+04, 2.93530E+04, 3.00191E+04, 3.02386E+04,
 3.66879E+03, 4.34494E+03, 4.10313E+04, 2.72982E+04, 2.77227E+04, 2.76824E+04,
 5.67146E+03, 7.10351E+03, 4.01604E+04, 2.41548E+04, 2.45879E+04, 2.50147E+04,
 9.59892E+03, 1.07099E+04, 3.89620E+04, 2.09219E+04, 2.13235E+04, 2.30215E+04,
 1.22626E+04, 1.30810E+04, 3.75838E+04, 1.73035E+04, 1.79601E+04, 2.19105E+04,
 1.39335E+04, 1.43737E+04, 3.54037E+04, 1.28865E+04, 1.33767E+04, 2.12834E+04,
 1.43049E+04, 1.42156E+04, 3.27610E+04, 9.21886E+03, 9.20791E+03, 2.06678E+04,
 1.24948E+04, 1.22999E+04, 3.02306E+04, 7.02067E+03, 6.58506E+03, 2.09438E+04,
 9.62642E+03, 9.38580E+03, 2.70210E+04, 5.68771E+03, 4.83421E+03, 2.25401E+04,
 5.82165E+03, 5.44170E+03, 2.32979E+04, 4.90796E+03, 3.91149E+03, 2.49697E+04,
 2.71924E+03, 1.50874E+03, 1.98209E+04, 3.83438E+03, 2.96426E+03, 2.70486E+04,
 3.69045E+03, 3.88559E+03, 1.69781E+04, 2.87794E+03, 2.32638E+03, 2.85675E+04,
 7.54298E+03, 8.91102E+03, 1.51337E+04, 2.54776E+03, 2.29770E+03, 3.01070E+04,
 1.09880E+04, 1.26491E+04, 1.36271E+04, 2.59175E+03, 2.25094E+03, 3.11750E+04,
 1.40660E+04, 1.57347E+04, 1.18866E+04, 3.10073E+03, 2.37107E+03, 3.14544E+04,
 1.72603E+04, 1.86807E+04, 1.10208E+04, 5.09487E+03, 3.89176E+03, 3.04637E+04,
 1.97580E+04, 2.07750E+04, 1.10792E+04, 6.82836E+03, 5.37012E+03, 2.88102E+04,
 2.06926E+04, 2.15761E+04, 1.16979E+04, 6.69181E+03, 5.19551E+03, 2.68255E+04,
 2.04586E+04, 2.16307E+04, 1.35451E+04, 5.33527E+03, 4.19431E+03, 2.36475E+04,
 1.89172E+04, 2.06423E+04, 1.58737E+04, 2.96947E+03, 2.28623E+03, 1.88701E+04,
 1.67021E+04, 1.88877E+04, 1.81929E+04, 1.18349E+03, 1.48003E+03, 1.45643E+04,
 1.44963E+04, 1.64081E+04, 2.02165E+04, 2.63886E+03, 3.59998E+03, 1.14633E+04,
 1.29748E+04, 1.43513E+04, 2.21115E+04, 5.54297E+03, 7.23819E+03, 8.89674E+03,
 1.27845E+04, 1.37258E+04, 2.41899E+04, 8.88701E+03, 1.07388E+04, 6.83407E+03,
 1.26896E+04, 1.33903E+04, 2.63195E+04, 1.24417E+04, 1.44565E+04, 4.95709E+03,
 1.16924E+04, 1.26079E+04, 2.82163E+04, 1.73913E+04, 1.95809E+04, 4.40288E+03,
 1.04964E+04, 1.19470E+04, 2.95626E+04, 2.23248E+04, 2.41839E+04, 5.39595E+03,
 1.00600E+04, 1.19339E+04, 3.03188E+04, 2.56588E+04, 2.74277E+04, 6.68744E+03,
 9.92919E+03, 1.18111E+04, 2.97171E+04, 2.81186E+04, 3.00324E+04, 8.89259E+03,
 1.08521E+04, 1.22307E+04, 2.83407E+04, 2.89457E+04, 3.10645E+04, 1.26593E+04,
 1.25229E+04, 1.34731E+04, 2.70442E+04, 2.85763E+04, 3.08585E+04, 1.68199E+04,
 1.45173E+04, 1.53641E+04, 2.67521E+04, 2.68495E+04, 2.92035E+04, 2.04150E+04,
 1.58876E+04, 1.71171E+04, 2.61054E+04, 2.39355E+04, 2.58027E+04, 2.35985E+04,
 1.55417E+04, 1.73494E+04, 2.42897E+04, 2.01958E+04, 2.19326E+04, 2.66183E+04,
 1.49801E+04, 1.70878E+04, 2.21973E+04, 1.59137E+04, 1.73753E+04, 3.02581E+04,
 1.51589E+04, 1.73573E+04, 1.98548E+04, 1.06610E+04, 1.17834E+04, 3.38339E+04,
 1.53974E+04, 1.70647E+04, 1.78646E+04, 5.82560E+03, 6.83600E+03, 3.67955E+04,
 1.53323E+04, 1.66810E+04, 1.59892E+04, 4.03218E+03, 3.74353E+03, 3.91780E+04,
 1.58115E+04, 1.70809E+04, 1.53509E+04, 7.39414E+03, 6.24914E+03, 4.02990E+04,
 1.56103E+04, 1.72120E+04, 1.62478E+04, 1.17976E+04, 1.08642E+04, 4.02919E+04,
 1.48229E+04, 1.67063E+04, 1.75732E+04, 1.48946E+04, 1.42539E+04, 3.97467E+04,
 1.34861E+04, 1.54038E+04, 1.80605E+04, 1.65349E+04, 1.59953E+04, 3.92197E+04,
 1.20285E+04, 1.37502E+04, 1.83954E+04, 1.66271E+04, 1.59589E+04, 3.90505E+04,
 1.18718E+04, 1.30072E+04, 1.99825E+04, 1.55778E+04, 1.49571E+04, 3.86292E+04,
 1.18990E+04, 1.27505E+04, 2.25581E+04, 1.40276E+04, 1.37116E+04, 3.78755E+04,
 1.16649E+04, 1.21699E+04, 2.57415E+04, 1.23537E+04, 1.23900E+04, 3.67193E+04,
 1.19911E+04, 1.28322E+04, 2.86470E+04, 1.14523E+04, 1.19450E+04, 3.51006E+04,
 1.26789E+04, 1.34344E+04, 3.14766E+04, 1.08144E+04, 1.15901E+04, 3.38392E+04,
 1.22838E+04, 1.27109E+04, 3.32667E+04, 8.88716E+03, 9.67003E+03, 3.38739E+04,
 1.18947E+04, 1.17988E+04, 3.34752E+04, 6.94786E+03, 7.58059E+03, 3.51525E+04,
 1.16040E+04, 1.09725E+04, 3.30946E+04, 5.94259E+03, 6.31194E+03, 3.65063E+04,
 1.11606E+04, 1.06844E+04, 3.26946E+04, 5.71207E+03, 6.01147E+03, 3.72606E+04,
 1.10735E+04, 1.10004E+04, 3.24505E+04, 6.45798E+03, 6.95779E+03, 3.73086E+04,
 1.09542E+04, 1.14068E+04, 3.15793E+04, 8.55950E+03, 9.00619E+03, 3.76877E+04,
 1.14246E+04, 1.20544E+04, 2.91488E+04, 1.15057E+04, 1.15698E+04, 3.80782E+04,
 1.24348E+04, 1.30889E+04, 2.52147E+04, 1.42417E+04, 1.36897E+04, 3.85273E+04,
 1.29368E+04, 1.29976E+04, 2.05269E+04, 1.54104E+04, 1.42694E+04, 3.91734E+04,
 1.32082E+04, 1.28557E+04, 1.55551E+04, 1.55896E+04, 1.39701E+04, 3.94632E+04,
 1.46601E+04, 1.44633E+04, 1.13266E+04, 1.63762E+04, 1.49266E+04, 3.89642E+04,
 1.60810E+04, 1.65074E+04, 7.79742E+03, 1.68445E+04, 1.55203E+04, 3.65245E+04,
 1.78908E+04, 1.90418E+04, 4.26775E+03, 1.60909E+04, 1.51154E+04, 3.34980E+04,
 2.08385E+04, 2.19676E+04, 1.77977E+03, 1.43958E+04, 1.31057E+04, 3.10431E+04,
 2.34556E+04, 2.39403E+04, 4.11608E+03, 1.10498E+04, 9.01505E+03, 2.89370E+04,
 2.49938E+04, 2.49720E+04, 7.12605E+03, 6.17308E+03, 3.82598E+03, 2.65123E+04,
 2.46786E+04, 2.46405E+04, 8.76951E+03, 1.74857E+03, 3.45359E+03, 2.31388E+04,
 2.26720E+04, 2.30308E+04, 8.82578E+03, 7.95810E+03, 1.01163E+04, 1.91050E+04,
 2.07681E+04, 2.21703E+04, 7.39709E+03, 1.44528E+04, 1.61850E+04, 1.47349E+04,
 1.86741E+04, 2.11323E+04, 5.13758E+03, 2.02283E+04, 2.15943E+04, 1.04185E+04,
 1.56501E+04, 1.84169E+04, 3.26445E+03, 2.55608E+04, 2.70937E+04, 6.33506E+03,
 1.29387E+04, 1.53586E+04, 1.89606E+03, 2.95640E+04, 3.15104E+04, 3.55635E+03,
 9.50156E+03, 1.13017E+04, 1.08627E+03, 3.19453E+04, 3.46783E+04, 2.11955E+03,
 4.21908E+03, 5.85376E+03, 3.49337E+03, 3.41364E+04, 3.69816E+04, 3.43325E+03,
 3.47989E+03, 2.63853E+03, 6.78154E+03, 3.53119E+04, 3.78146E+04, 6.78837E+03,
 9.25496E+03, 6.77446E+03, 9.68191E+03, 3.51874E+04, 3.73372E+04, 1.05343E+04,
 1.40152E+04, 1.10430E+04, 1.12240E+04, 3.33145E+04, 3.52186E+04, 1.32551E+04,
 1.69763E+04, 1.41475E+04, 1.17036E+04, 3.02321E+04, 3.20907E+04, 1.47830E+04,
 1.98893E+04, 1.77475E+04, 1.09970E+04, 2.63068E+04, 2.83429E+04, 1.54216E+04,
 2.26713E+04, 2.12990E+04, 9.30723E+03, 2.19359E+04, 2.41338E+04, 1.55400E+04,
 2.48839E+04, 2.39184E+04, 7.61581E+03, 1.75849E+04, 1.96475E+04, 1.61561E+04,
 2.79476E+04, 2.68798E+04, 6.65068E+03, 1.47416E+04, 1.64161E+04, 1.71318E+04,
 3.07595E+04, 2.93034E+04, 6.02809E+03, 1.30301E+04, 1.39553E+04, 1.75462E+04,
 3.18644E+04, 3.02824E+04, 4.21274E+03, 1.04783E+04, 1.11631E+04, 1.68166E+04,
 3.20212E+04, 3.10187E+04, 2.01602E+03, 7.84616E+03, 8.40769E+03, 1.45708E+04,
 3.20932E+04, 3.17080E+04, 2.53711E+03, 5.08377E+03, 5.64067E+03, 1.13435E+04,
 3.26234E+04, 3.27041E+04, 3.43794E+03, 3.60489E+03, 3.92356E+03, 8.40415E+03,
 3.45490E+04, 3.47488E+04, 2.99478E+03, 3.18142E+03, 3.19836E+03, 6.04289E+03,
 3.70827E+04, 3.71913E+04, 1.96268E+03, 3.69354E+03, 3.42830E+03, 4.17200E+03,
 4.01501E+04, 4.00045E+04, 3.16347E+03, 5.21820E+03, 4.88120E+03, 2.75246E+03,
 4.35891E+04, 4.36793E+04, 5.99126E+03, 7.61828E+03, 7.28865E+03, 7.89228E+02,
 4.58388E+04, 4.65374E+04, 8.31521E+03, 9.10368E+03, 8.67097E+03, 3.07234E+03,
 4.75097E+04, 4.89345E+04, 1.01173E+04, 9.67581E+03, 9.39680E+03, 6.32787E+03,
 4.97520E+04, 5.15419E+04, 1.28405E+04, 1.10603E+04, 1.03960E+04, 8.12398E+03,
 5.10650E+04, 5.25337E+04, 1.64915E+04, 1.23675E+04, 1.13914E+04, 8.02430E+03,
 5.11622E+04, 5.21380E+04, 2.05737E+04, 1.43719E+04, 1.29989E+04, 7.26300E+03,
 5.09018E+04, 5.17381E+04, 2.36434E+04, 1.55355E+04, 1.41081E+04, 6.79919E+03,
 4.91423E+04, 5.04285E+04, 2.47155E+04, 1.61380E+04, 1.49929E+04, 6.63664E+03,
 4.59381E+04, 4.78060E+04, 2.40398E+04, 1.62226E+04, 1.52935E+04, 6.62873E+03,
 4.09170E+04, 4.35071E+04, 2.24593E+04, 1.54461E+04, 1.45801E+04, 6.73653E+03,
 3.44048E+04, 3.68395E+04, 2.04041E+04, 1.40083E+04, 1.27845E+04, 6.30562E+03,
 2.79055E+04, 2.97515E+04, 1.90993E+04, 1.28814E+04, 1.09984E+04, 4.79746E+03,
 2.11937E+04, 2.22533E+04, 1.79690E+04, 1.20744E+04, 9.49551E+03, 2.80071E+03,
 1.34576E+04, 1.43291E+04, 1.57692E+04, 1.08358E+04, 8.18890E+03, 2.80156E+03,
 6.71689E+03, 8.42572E+03, 1.23364E+04, 1.01566E+04, 8.08487E+03, 3.61607E+03,
 1.93941E+03, 4.41169E+03, 7.85558E+03, 9.17605E+03, 7.99274E+03, 4.70279E+03,
 4.98565E+03, 3.97480E+03, 3.59971E+03, 8.66344E+03, 7.92865E+03, 5.49752E+03,
 1.00176E+04, 8.64113E+03, 1.57886E+03, 8.26659E+03, 7.28373E+03, 5.73854E+03,
 1.41819E+04, 1.37402E+04, 3.48631E+03, 8.03246E+03, 6.67232E+03, 5.81875E+03,
 1.66451E+04, 1.74278E+04, 5.22726E+03, 8.05688E+03, 6.38467E+03, 6.10789E+03,
 1.69720E+04, 1.81654E+04, 7.52085E+03, 8.53806E+03, 7.03591E+03, 6.48976E+03,
 1.60520E+04, 1.69331E+04, 1.12085E+04, 9.31587E+03, 8.51773E+03, 7.02069E+03,
 1.40834E+04, 1.39703E+04, 1.55042E+04, 1.10570E+04, 1.12117E+04, 7.74819E+03,
 1.07003E+04, 1.00765E+04, 1.92731E+04, 1.39013E+04, 1.45865E+04, 6.97156E+03,
 7.22337E+03, 7.09645E+03, 2.12899E+04, 1.57264E+04, 1.61686E+04, 4.87284E+03,
 4.66617E+03, 5.32987E+03, 2.23939E+04, 1.72417E+04, 1.70081E+04, 3.91317E+03,
 3.50001E+03, 3.51610E+03, 2.40391E+04, 1.83052E+04, 1.75128E+04, 6.26236E+03,
 5.48649E+03, 3.80252E+03, 2.61138E+04, 1.92137E+04, 1.84414E+04, 9.10529E+03,
 8.11983E+03, 6.56230E+03, 2.87226E+04, 1.98159E+04, 1.95897E+04, 1.21894E+04,
 1.00182E+04, 9.28589E+03, 3.21163E+04, 2.01586E+04, 2.07816E+04, 1.56621E+04,
 1.06406E+04, 1.03841E+04, 3.49632E+04, 1.99884E+04, 2.10064E+04, 1.97980E+04,
 9.99777E+03, 9.70591E+03, 3.59955E+04, 1.89699E+04, 1.98738E+04, 2.45750E+04,
 8.58221E+03, 7.49041E+03, 3.56884E+04, 1.62083E+04, 1.66111E+04, 2.92480E+04,
 6.06271E+03, 4.41616E+03, 3.52773E+04, 1.13657E+04, 1.11010E+04, 3.23916E+04,
 3.79209E+03, 2.35573E+03, 3.65239E+04, 6.90169E+03, 6.89886E+03, 3.36904E+04,
 2.37826E+03, 1.95438E+03, 3.82523E+04, 2.98650E+03, 3.73780E+03, 3.32399E+04,
 2.67732E+03, 2.77581E+03, 3.89401E+04, 1.96170E+03, 2.20294E+03, 3.20707E+04,
 3.77848E+03, 3.66185E+03, 3.82031E+04, 4.58052E+03, 3.54989E+03, 3.13052E+04,
 3.86790E+03, 3.73050E+03, 3.62373E+04, 7.54655E+03, 6.40390E+03, 3.06139E+04,
 3.40179E+03, 3.29278E+03, 3.35330E+04, 1.05379E+04, 9.77052E+03, 2.97909E+04,
 3.40431E+03, 2.41344E+03, 3.06959E+04, 1.31558E+04, 1.25628E+04, 2.83323E+04,
 4.81711E+03, 3.48279E+03, 2.91572E+04, 1.51236E+04, 1.43616E+04, 2.54202E+04,
 7.89881E+03, 7.49271E+03, 2.92320E+04, 1.55152E+04, 1.42084E+04, 2.18256E+04,
 1.27877E+04, 1.33742E+04, 2.96963E+04, 1.33133E+04, 1.13070E+04, 1.91498E+04,
 1.89532E+04, 1.97966E+04, 2.84910E+04, 9.74738E+03, 7.82493E+03, 1.79537E+04,
 2.59091E+04, 2.64232E+04, 2.60725E+04, 5.67756E+03, 3.75949E+03, 1.79351E+04,
 3.35760E+04, 3.35972E+04, 2.34181E+04, 5.57233E+03, 4.17118E+03, 1.83127E+04,
 3.99247E+04, 3.99881E+04, 2.17883E+04, 9.96077E+03, 9.16949E+03, 1.87674E+04,
 4.37487E+04, 4.43776E+04, 2.14878E+04, 1.54393E+04, 1.49909E+04, 1.89385E+04,
 4.58292E+04, 4.72820E+04, 2.15906E+04, 2.18184E+04, 2.16864E+04, 1.85207E+04,
 4.73057E+04, 4.95544E+04, 2.12936E+04, 2.82644E+04, 2.81875E+04, 1.79906E+04,
 4.88322E+04, 5.10146E+04, 1.95536E+04, 3.47953E+04, 3.43883E+04, 1.86595E+04,
 4.95935E+04, 5.13157E+04, 1.61726E+04, 4.09734E+04, 3.99784E+04, 2.05782E+04,
 4.86255E+04, 4.96391E+04, 1.22801E+04, 4.55175E+04, 4.39710E+04, 2.25970E+04,
 4.56655E+04, 4.66715E+04, 9.42878E+03, 4.88122E+04, 4.75142E+04, 2.29938E+04,
 4.07722E+04, 4.22504E+04, 8.03395E+03, 4.98375E+04, 4.88949E+04, 2.19590E+04,
 3.42756E+04, 3.64402E+04, 7.81195E+03, 4.84427E+04, 4.82162E+04, 2.07845E+04,
 2.83285E+04, 3.07567E+04, 7.35148E+03, 4.71684E+04, 4.70318E+04, 1.94512E+04,
 2.45752E+04, 2.63013E+04, 6.29409E+03, 4.59894E+04, 4.54879E+04, 1.80579E+04,
 2.23681E+04, 2.30819E+04, 4.92195E+03, 4.43251E+04, 4.32068E+04, 1.69190E+04,
 2.07181E+04, 2.00879E+04, 4.04097E+03, 4.26025E+04, 4.09767E+04, 1.61231E+04,
 1.83656E+04, 1.73584E+04, 4.13219E+03, 4.04626E+04, 3.90390E+04, 1.46253E+04,
 1.52899E+04, 1.46572E+04, 6.01258E+03, 3.78236E+04, 3.71486E+04, 1.19603E+04,
 1.26181E+04, 1.29603E+04, 9.22015E+03, 3.56254E+04, 3.57315E+04, 8.55057E+03,
 1.14160E+04, 1.20177E+04, 1.29001E+04, 3.35609E+04, 3.38406E+04, 6.53498E+03,
 1.23410E+04, 1.24811E+04, 1.60603E+04, 3.36531E+04, 3.35437E+04, 6.31098E+03,
 1.53787E+04, 1.45862E+04, 1.88758E+04, 3.69707E+04, 3.60086E+04, 6.60704E+03,
 1.88770E+04, 1.69607E+04, 2.23363E+04, 4.13461E+04, 3.99613E+04, 6.99458E+03,
 2.15215E+04, 1.94925E+04, 2.63827E+04, 4.61026E+04, 4.47210E+04, 7.19488E+03,
 2.37235E+04, 2.22927E+04, 3.16259E+04, 5.10982E+04, 5.02426E+04, 8.00775E+03,
 2.53296E+04, 2.50909E+04, 3.75707E+04, 5.53438E+04, 5.53513E+04, 9.18121E+03,
 2.70315E+04, 2.73786E+04, 4.17885E+04, 5.90282E+04, 5.93079E+04, 1.12622E+04,
 2.91472E+04, 2.92486E+04, 4.33423E+04, 6.23252E+04, 6.23285E+04, 1.45582E+04,
 3.16633E+04, 3.05804E+04, 4.35286E+04, 6.46918E+04, 6.41123E+04, 1.85651E+04,
 3.36362E+04, 3.17382E+04, 4.38684E+04, 6.65264E+04, 6.54527E+04, 2.18965E+04,
 3.38233E+04, 3.19731E+04, 4.47247E+04, 6.60985E+04, 6.51747E+04, 2.38675E+04,
 3.23971E+04, 3.11955E+04, 4.53685E+04, 6.21752E+04, 6.17246E+04, 2.45905E+04,
 3.03316E+04, 3.02021E+04, 4.50411E+04, 5.57046E+04, 5.56826E+04, 2.50300E+04,
 2.79314E+04, 2.83230E+04, 4.36166E+04, 4.72687E+04, 4.75495E+04, 2.63377E+04,
 2.48480E+04, 2.49400E+04, 4.11619E+04, 3.74742E+04, 3.75732E+04, 2.73127E+04,
 2.18654E+04, 2.11178E+04, 3.76648E+04, 2.81668E+04, 2.76721E+04, 2.77404E+04,
 1.92534E+04, 1.79251E+04, 3.48384E+04, 1.96165E+04, 1.88438E+04, 2.69087E+04,
 1.70779E+04, 1.56338E+04, 3.46761E+04, 1.13306E+04, 1.04464E+04, 2.45831E+04,
 1.45767E+04, 1.40592E+04, 3.68434E+04, 4.06029E+03, 3.36319E+03, 2.14879E+04,
 1.17810E+04, 1.20033E+04, 3.88390E+04, 3.68407E+03, 3.90116E+03, 1.86260E+04,
 9.46540E+03, 9.88619E+03, 3.92567E+04, 9.30886E+03, 9.86518E+03, 1.64964E+04,
 7.63706E+03, 7.79669E+03, 3.92357E+04, 1.30027E+04, 1.39137E+04, 1.51354E+04,
 5.99309E+03, 5.57643E+03, 3.96645E+04, 1.50415E+04, 1.63640E+04, 1.41857E+04,
 5.52091E+03, 4.91205E+03, 4.12208E+04, 1.49116E+04, 1.63027E+04, 1.29243E+04,
 6.85931E+03, 6.78900E+03, 4.33572E+04, 1.21504E+04, 1.33684E+04, 1.05370E+04,
 9.78476E+03, 1.06821E+04, 4.54306E+04, 8.47375E+03, 9.41134E+03, 7.55620E+03,
 1.37132E+04, 1.52297E+04, 4.67898E+04, 4.65834E+03, 5.71557E+03, 5.31693E+03,
 1.78082E+04, 1.94685E+04, 4.55013E+04, 6.94991E+02, 1.44189E+03, 4.58164E+03,
 2.20215E+04, 2.29667E+04, 4.12829E+04, 4.56198E+03, 2.54619E+03, 5.04446E+03,
 2.65421E+04, 2.69215E+04, 3.57041E+04, 8.39211E+03, 6.09335E+03, 5.58763E+03,
 3.10358E+04, 3.15314E+04, 3.12512E+04, 1.11804E+04, 9.44170E+03, 5.33027E+03,
 3.53698E+04, 3.64436E+04, 2.75042E+04, 1.30066E+04, 1.19100E+04, 4.98140E+03,
 3.97193E+04, 4.17934E+04, 2.33785E+04, 1.45342E+04, 1.42857E+04, 4.78496E+03,
 4.25997E+04, 4.51516E+04, 1.79219E+04, 1.54384E+04, 1.53192E+04, 4.55567E+03,
 4.30948E+04, 4.52254E+04, 1.17539E+04, 1.43413E+04, 1.40533E+04, 5.66212E+03,
 4.16855E+04, 4.27866E+04, 5.77409E+03, 1.24223E+04, 1.16098E+04, 8.13891E+03,
 3.84137E+04, 3.89023E+04, 3.63984E+03, 1.04705E+04, 9.37844E+03, 1.11633E+04,
 3.40433E+04, 3.45883E+04, 5.39946E+03, 7.91871E+03, 7.10169E+03, 1.31822E+04,
 2.91170E+04, 3.07687E+04, 6.49909E+03, 5.93828E+03, 6.13548E+03, 1.37522E+04,
 2.40536E+04, 2.70702E+04, 6.39794E+03, 5.50240E+03, 6.32254E+03, 1.43217E+04,
 1.94921E+04, 2.28365E+04, 5.90322E+03, 6.23778E+03, 6.85388E+03, 1.55663E+04,
 1.52720E+04, 1.81678E+04, 5.64461E+03, 7.63770E+03, 7.76789E+03, 1.73718E+04,
 1.11003E+04, 1.28323E+04, 5.04242E+03, 9.37679E+03, 8.64271E+03, 1.91288E+04,
 8.27717E+03, 9.16104E+03, 3.76464E+03, 1.06522E+04, 9.38479E+03, 2.01601E+04,
 7.34994E+03, 7.87785E+03, 3.30282E+03, 1.23240E+04, 1.10200E+04, 2.03991E+04,
 7.45684E+03, 7.51812E+03, 5.62639E+03, 1.43461E+04, 1.37009E+04, 1.95701E+04,
 7.70507E+03, 7.87243E+03, 8.49296E+03, 1.65473E+04, 1.68983E+04, 1.77309E+04,
 8.83075E+03, 9.98538E+03, 9.71442E+03, 2.04308E+04, 2.10527E+04, 1.68379E+04,
 1.21243E+04, 1.36690E+04, 9.38361E+03, 2.50355E+04, 2.51868E+04, 1.76270E+04,
 1.78167E+04, 1.82603E+04, 8.77631E+03, 2.93135E+04, 2.84760E+04, 1.88277E+04,
 2.44817E+04, 2.39824E+04, 8.35382E+03, 3.23116E+04, 3.12101E+04, 1.94166E+04,
 3.08612E+04, 3.04248E+04, 7.84118E+03, 3.42659E+04, 3.32758E+04, 1.88031E+04,
 3.72728E+04, 3.78375E+04, 7.70051E+03, 3.56121E+04, 3.52833E+04, 1.74845E+04,
 4.28049E+04, 4.41904E+04, 7.57071E+03, 3.68856E+04, 3.74293E+04, 1.74519E+04,
 4.69001E+04, 4.87554E+04, 6.46561E+03, 3.79358E+04, 3.88656E+04, 1.91004E+04,
 5.11472E+04, 5.23809E+04, 5.54787E+03, 3.86965E+04, 3.94354E+04, 2.19791E+04,
 5.41492E+04, 5.39483E+04, 5.98568E+03, 3.86576E+04, 3.86611E+04, 2.56361E+04,
 5.36783E+04, 5.29856E+04, 6.00698E+03, 3.59300E+04, 3.56043E+04, 2.84414E+04,
 5.01348E+04, 4.94498E+04, 4.46033E+03, 3.12955E+04, 3.10448E+04, 3.00291E+04,
 4.41530E+04, 4.43874E+04, 3.50461E+03, 2.59213E+04, 2.61752E+04, 3.05614E+04,
 3.70853E+04, 3.81197E+04, 3.59236E+03, 2.04103E+04, 2.09948E+04, 3.17591E+04,
 3.13028E+04, 3.22746E+04, 4.28961E+03, 1.51303E+04, 1.56553E+04, 3.40659E+04,
 2.67363E+04, 2.68262E+04, 5.28659E+03, 1.06097E+04, 1.08412E+04, 3.70231E+04,
 2.37194E+04, 2.30016E+04, 5.89789E+03, 6.80251E+03, 6.42131E+03, 3.91049E+04,
 2.22461E+04, 2.11387E+04, 6.87302E+03, 3.42481E+03, 3.08477E+03, 3.84757E+04,
 2.01556E+04, 1.95009E+04, 8.91939E+03, 2.34609E+03, 2.74054E+03, 3.47004E+04,
 1.86118E+04, 1.90115E+04, 1.15940E+04, 5.52638E+03, 5.57931E+03, 2.96985E+04,
 1.94447E+04, 1.99943E+04, 1.34758E+04, 7.55339E+03, 7.43917E+03, 2.54772E+04,
 2.23465E+04, 2.24050E+04, 1.27998E+04, 8.21155E+03, 8.46238E+03, 2.20191E+04,
 2.70704E+04, 2.60054E+04, 1.00434E+04, 8.12790E+03, 8.65794E+03, 1.92188E+04,
 3.29611E+04, 3.12213E+04, 7.09927E+03, 6.88058E+03, 7.33992E+03, 1.58687E+04,
 3.74538E+04, 3.59331E+04, 5.52805E+03, 4.25888E+03, 4.21407E+03, 1.13055E+04,
 4.04046E+04, 3.97749E+04, 4.61370E+03, 1.49475E+03, 5.28357E+02, 6.24151E+03,
 4.17059E+04, 4.19660E+04, 3.78254E+03, 2.88825E+03, 3.66998E+03, 1.24118E+03,
 4.17416E+04, 4.21908E+04, 2.76941E+03, 6.39273E+03, 7.53454E+03, 2.59525E+03,
 4.21593E+04, 4.17765E+04, 2.33337E+03, 1.09200E+04, 1.18068E+04, 3.33431E+03,
 4.15036E+04, 3.99335E+04, 4.62985E+03, 1.61300E+04, 1.65204E+04, 2.32590E+03,
 3.83836E+04, 3.64477E+04, 7.24006E+03, 2.06402E+04, 2.08535E+04, 2.16149E+03,
 3.33429E+04, 3.20810E+04, 8.35635E+03, 2.46396E+04, 2.53476E+04, 3.79003E+03,
 2.63234E+04, 2.67355E+04, 7.57413E+03, 2.75868E+04, 2.90254E+04, 6.13838E+03,
 1.70988E+04, 1.87704E+04, 5.80802E+03, 2.86818E+04, 3.03474E+04, 8.03621E+03,
 7.88517E+03, 9.72846E+03, 4.90479E+03, 2.75675E+04, 2.89924E+04, 9.13257E+03,
 1.48452E+03, 1.17206E+03, 5.88451E+03, 2.52548E+04, 2.57659E+04, 1.01241E+04,
 9.39250E+03, 9.51473E+03, 7.88368E+03, 2.25791E+04, 2.17883E+04, 1.17648E+04,
 1.64407E+04, 1.70482E+04, 9.32787E+03, 1.96736E+04, 1.82227E+04, 1.42827E+04,
 2.32411E+04, 2.29829E+04, 9.93137E+03, 1.65763E+04, 1.50863E+04, 1.85854E+04,
 2.78625E+04, 2.60582E+04, 9.16100E+03, 1.37977E+04, 1.31688E+04, 2.47461E+04,
 2.94459E+04, 2.65436E+04, 8.58350E+03, 1.19556E+04, 1.17326E+04, 3.16128E+04,
 2.93984E+04, 2.65692E+04, 9.40183E+03, 1.03131E+04, 9.93021E+03, 3.66228E+04,
 2.80836E+04, 2.66784E+04, 1.13004E+04, 9.80065E+03, 8.53649E+03, 4.03550E+04,
 2.46348E+04, 2.47983E+04, 1.31190E+04, 1.11038E+04, 8.77922E+03, 4.46343E+04,
 2.05188E+04, 2.13531E+04, 1.44684E+04, 1.42614E+04, 1.13967E+04, 4.96462E+04,
 1.55791E+04, 1.59974E+04, 1.41626E+04, 1.85905E+04, 1.59585E+04, 5.45540E+04,
 1.03600E+04, 9.63593E+03, 1.17736E+04, 2.36506E+04, 2.19425E+04, 5.80760E+04,
 5.12666E+03, 4.02263E+03, 9.39868E+03, 2.90497E+04, 2.81067E+04, 5.96847E+04,
 1.14519E+03, 2.38730E+03, 8.94722E+03, 3.42471E+04, 3.37042E+04, 5.91989E+04,
 4.60593E+03, 4.61822E+03, 1.04450E+04, 3.85262E+04, 3.71572E+04, 5.70205E+04,
 6.78395E+03, 5.23303E+03, 1.16603E+04, 4.17313E+04, 3.95984E+04, 5.31551E+04,
 8.42992E+03, 6.51325E+03, 1.06910E+04, 4.49508E+04, 4.24163E+04, 4.92572E+04,
 1.02544E+04, 9.06111E+03, 7.87486E+03, 4.68064E+04, 4.46495E+04, 4.60846E+04,
 1.10173E+04, 1.11282E+04, 5.66549E+03, 4.66381E+04, 4.53828E+04, 4.28184E+04,
 1.17259E+04, 1.25856E+04, 4.62654E+03, 4.43147E+04, 4.38098E+04, 3.83565E+04,
 1.14193E+04, 1.22787E+04, 4.42836E+03, 3.99272E+04, 3.99903E+04, 3.28650E+04,
 9.81503E+03, 9.95350E+03, 4.80792E+03, 3.35622E+04, 3.35298E+04, 2.73664E+04,
 7.17839E+03, 6.98488E+03, 5.60297E+03, 2.54309E+04, 2.52406E+04, 2.26222E+04,
 4.54848E+03, 5.27509E+03, 5.82556E+03, 1.64095E+04, 1.62648E+04, 1.92203E+04,
 3.56194E+03, 5.76530E+03, 5.40903E+03, 8.66270E+03, 9.24211E+03, 1.72615E+04,
 4.24310E+03, 6.58396E+03, 6.69144E+03, 5.08798E+03, 6.11375E+03, 1.52470E+04,
 5.57247E+03, 7.67934E+03, 7.65720E+03, 9.23024E+03, 8.69279E+03, 1.28544E+04,
 7.06618E+03, 8.79326E+03, 6.83848E+03, 1.37567E+04, 1.27659E+04, 1.01461E+04,
 7.40694E+03, 9.74474E+03, 5.95022E+03, 1.65503E+04, 1.56283E+04, 6.97459E+03,
 8.04777E+03, 1.06091E+04, 5.80200E+03, 1.73651E+04, 1.64477E+04, 4.48422E+03,
 7.94577E+03, 1.07098E+04, 5.57760E+03, 1.66208E+04, 1.56613E+04, 3.58109E+03,
 6.60072E+03, 8.97374E+03, 5.39696E+03, 1.42489E+04, 1.28579E+04, 3.80434E+03,
 4.20828E+03, 6.74616E+03, 5.34700E+03, 9.94113E+03, 8.29684E+03, 4.01491E+03,
 2.82574E+03, 5.93457E+03, 4.98815E+03, 4.62303E+03, 5.54343E+03, 4.23010E+03,
 5.34560E+03, 6.67554E+03, 4.12319E+03, 5.82175E+03, 9.71281E+03, 4.63823E+03,
 8.32536E+03, 7.35235E+03, 5.26918E+03, 1.17720E+04, 1.53338E+04, 5.63345E+03,
 1.04844E+04, 8.42613E+03, 7.48348E+03, 1.77877E+04, 2.11055E+04, 6.43776E+03,
 1.14755E+04, 9.92472E+03, 8.67704E+03, 2.14567E+04, 2.51257E+04, 6.51292E+03,
 1.06679E+04, 1.04925E+04, 9.44305E+03, 2.31037E+04, 2.73892E+04, 5.94172E+03,
 1.03785E+04, 1.08752E+04, 1.10959E+04, 2.36699E+04, 2.82276E+04, 5.12447E+03,
 1.02060E+04, 1.03869E+04, 1.56354E+04, 2.39983E+04, 2.83175E+04, 4.18488E+03,
 8.82030E+03, 7.78137E+03, 2.18400E+04, 2.34903E+04, 2.70686E+04, 3.53732E+03,
 5.79905E+03, 4.02588E+03, 2.75312E+04, 2.17525E+04, 2.42863E+04, 3.30785E+03,
 2.13979E+03, 3.12276E+03, 3.18092E+04, 1.76882E+04, 1.98127E+04, 3.02759E+03,
 6.44468E+03, 7.69797E+03, 3.46809E+04, 1.17410E+04, 1.41164E+04, 1.55232E+03,
 1.47448E+04, 1.42381E+04, 3.67397E+04, 4.68928E+03, 7.84340E+03, 3.59011E+03,
 2.39775E+04, 2.25646E+04, 3.93035E+04, 2.66829E+03, 1.80646E+03, 7.46662E+03,
 3.23273E+04, 3.11634E+04, 4.31237E+04, 7.47440E+03, 4.69598E+03, 1.00527E+04,
 3.84144E+04, 3.85863E+04, 4.80463E+04, 1.02938E+04, 8.57927E+03, 1.24572E+04,
 4.40088E+04, 4.52382E+04, 5.27670E+04, 1.25167E+04, 1.18236E+04, 1.58371E+04,
 4.90175E+04, 5.02466E+04, 5.61815E+04, 1.41892E+04, 1.40707E+04, 1.94159E+04,
 5.26281E+04, 5.26669E+04, 5.75956E+04, 1.47430E+04, 1.45782E+04, 2.36685E+04,
 5.44680E+04, 5.33226E+04, 5.82003E+04, 1.47074E+04, 1.37456E+04, 2.84897E+04,
 5.43542E+04, 5.25232E+04, 6.07536E+04, 1.28895E+04, 1.16516E+04, 3.37418E+04,
 5.12336E+04, 4.98642E+04, 6.53114E+04, 9.17985E+03, 8.12113E+03, 3.80126E+04,
 4.48242E+04, 4.48509E+04, 6.96159E+04, 4.28253E+03, 4.24008E+03, 4.06612E+04,
 3.63615E+04, 3.74172E+04, 7.22927E+04, 3.32611E+03, 3.21636E+03, 4.25458E+04,
 2.77342E+04, 2.87255E+04, 7.32587E+04, 6.55714E+03, 5.67034E+03, 4.53804E+04,
 2.05508E+04, 2.03172E+04, 7.26905E+04, 8.74832E+03, 8.14711E+03, 4.92819E+04,
 1.39126E+04, 1.23293E+04, 7.19022E+04, 1.07762E+04, 1.08712E+04, 5.22915E+04,
 8.27166E+03, 6.32634E+03, 7.10756E+04, 1.17333E+04, 1.25846E+04, 5.27768E+04,
 4.84096E+03, 3.92294E+03, 7.11244E+04, 1.10357E+04, 1.20989E+04, 5.16525E+04,
 5.94491E+03, 5.47122E+03, 7.21128E+04, 9.86627E+03, 1.04051E+04, 4.97674E+04,
 9.18436E+03, 8.24397E+03, 7.16525E+04, 7.90827E+03, 8.37871E+03, 4.72092E+04,
 1.04959E+04, 9.88670E+03, 6.81662E+04, 5.03188E+03, 5.67779E+03, 4.51610E+04,
 9.07842E+03, 9.66442E+03, 6.23294E+04, 2.97366E+03, 4.06051E+03, 4.39611E+04,
 6.27808E+03, 7.61818E+03, 5.70751E+04, 6.62793E+03, 6.23360E+03, 4.29341E+04,
 4.39127E+03, 5.00486E+03, 5.29855E+04, 1.14553E+04, 1.02245E+04, 4.16028E+04,
 6.75697E+03, 6.56581E+03, 4.95103E+04, 1.66725E+04, 1.56156E+04, 3.90423E+04,
 1.16811E+04, 1.24708E+04, 4.55511E+04, 2.28017E+04, 2.21592E+04, 3.54259E+04,
 1.62995E+04, 1.76216E+04, 4.07912E+04, 2.83008E+04, 2.78686E+04, 3.32787E+04,
 2.00850E+04, 2.13236E+04, 3.45696E+04, 3.16830E+04, 3.10233E+04, 3.32777E+04,
 2.40248E+04, 2.45588E+04, 2.76347E+04, 3.37507E+04, 3.24100E+04, 3.43772E+04,
 2.69356E+04, 2.71581E+04, 2.07568E+04, 3.48728E+04, 3.29488E+04, 3.51953E+04,
 2.71312E+04, 2.80855E+04, 1.51641E+04, 3.44488E+04, 3.23123E+04, 3.46613E+04,
 2.46241E+04, 2.68478E+04, 1.23939E+04, 3.29674E+04, 3.12794E+04, 3.26822E+04,
 2.05423E+04, 2.37987E+04, 1.04993E+04, 2.97382E+04, 2.84695E+04, 3.01101E+04,
 1.55245E+04, 1.92424E+04, 7.42115E+03, 2.50007E+04, 2.39996E+04, 2.79144E+04,
 9.37023E+03, 1.30316E+04, 3.77234E+03, 1.84628E+04, 1.68829E+04, 2.63431E+04,
 3.10650E+03, 6.90634E+03, 4.53677E+03, 1.04910E+04, 8.69626E+03, 2.58222E+04,
 3.85484E+03, 5.97854E+03, 8.18359E+03, 3.84307E+03, 5.08762E+03, 2.53253E+04,
 7.74330E+03, 7.70708E+03, 1.05524E+04, 4.41557E+03, 8.61580E+03, 2.32466E+04,
 1.09518E+04, 8.77489E+03, 1.18575E+04, 8.99867E+03, 1.29591E+04, 1.88124E+04,
 1.21870E+04, 8.63327E+03, 1.29454E+04, 1.33509E+04, 1.67384E+04, 1.42618E+04,
 1.03585E+04, 6.93483E+03, 1.40868E+04, 1.64726E+04, 1.95830E+04, 1.10971E+04,
 5.45941E+03, 4.20605E+03, 1.60123E+04, 1.92348E+04, 2.30820E+04, 9.70620E+03,
 1.36519E+03, 5.04485E+03, 1.88098E+04, 2.09201E+04, 2.55987E+04, 9.50784E+03,
 8.09980E+03, 1.06031E+04, 2.06662E+04, 2.09738E+04, 2.61967E+04, 8.94739E+03,
 1.61928E+04, 1.90367E+04, 2.03117E+04, 1.85258E+04, 2.32600E+04, 7.42829E+03,
 2.51963E+04, 2.94214E+04, 1.79595E+04, 1.46087E+04, 1.80140E+04, 6.10293E+03,
 3.38864E+04, 3.90549E+04, 1.58174E+04, 1.04653E+04, 1.27236E+04, 5.62586E+03,
 4.27738E+04, 4.78407E+04, 1.46294E+04, 6.26527E+03, 8.11608E+03, 6.08941E+03,
 5.16744E+04, 5.51983E+04, 1.43066E+04, 1.14936E+03, 3.11523E+03, 8.71278E+03,
 5.83572E+04, 6.05026E+04, 1.36840E+04, 6.63838E+03, 4.29480E+03, 1.33802E+04,
 6.19460E+04, 6.33536E+04, 1.13901E+04, 1.22618E+04, 9.19229E+03, 1.81200E+04,
 6.25520E+04, 6.46732E+04, 8.00444E+03, 1.76379E+04, 1.51513E+04, 2.13120E+04,
 6.11282E+04, 6.46706E+04, 4.52737E+03, 2.17052E+04, 2.06481E+04, 2.30676E+04,
 5.82182E+04, 6.25270E+04, 4.03849E+03, 2.42643E+04, 2.44616E+04, 2.52546E+04,
 5.39083E+04, 5.75169E+04, 7.28176E+03, 2.42491E+04, 2.52439E+04, 2.89408E+04,
 4.80924E+04, 4.99906E+04, 9.93354E+03, 2.33338E+04, 2.39442E+04, 3.30509E+04,
 4.13994E+04, 4.16595E+04, 1.25724E+04, 2.19403E+04, 2.17706E+04, 3.60197E+04,
 3.29254E+04, 3.20181E+04, 1.63744E+04, 1.98055E+04, 1.91550E+04, 3.71707E+04,
 2.33436E+04, 2.28511E+04, 2.18503E+04, 1.59530E+04, 1.55502E+04, 3.67578E+04,
 1.61078E+04, 1.61087E+04, 2.82390E+04, 1.13193E+04, 1.22283E+04, 3.45833E+04,
 1.19067E+04, 1.21408E+04, 3.30861E+04, 8.84469E+03, 1.08325E+04, 3.15020E+04,
 1.01786E+04, 9.66763E+03, 3.55899E+04, 8.01150E+03, 1.06246E+04, 2.96103E+04,
 1.04627E+04, 8.44438E+03, 3.72969E+04, 1.00516E+04, 1.22019E+04, 2.89525E+04,
 1.24883E+04, 9.09537E+03, 3.95925E+04, 1.43182E+04, 1.57381E+04, 2.77257E+04,
 1.55066E+04, 1.17325E+04, 4.24660E+04, 2.04843E+04, 2.12672E+04, 2.48667E+04,
 1.90482E+04, 1.60161E+04, 4.58421E+04, 2.69942E+04, 2.79041E+04, 2.00724E+04,
 2.30603E+04, 2.06974E+04, 4.95325E+04, 3.43915E+04, 3.59718E+04, 1.50850E+04,
 2.91390E+04, 2.73658E+04, 5.21737E+04, 4.30823E+04, 4.53634E+04, 1.20415E+04,
 3.68106E+04, 3.46697E+04, 5.23798E+04, 5.34294E+04, 5.58883E+04, 1.09773E+04,
 4.30416E+04, 4.01119E+04, 5.04795E+04, 6.44759E+04, 6.61056E+04, 1.10648E+04,
 4.71106E+04, 4.38920E+04, 4.77835E+04, 7.39520E+04, 7.47565E+04, 1.14462E+04,
 5.00765E+04, 4.73417E+04, 4.64131E+04, 8.19763E+04, 8.22182E+04, 1.07622E+04,
 5.20010E+04, 5.04015E+04, 4.63290E+04, 8.67409E+04, 8.72364E+04, 8.95613E+03,
 5.27132E+04, 5.22131E+04, 4.49480E+04, 8.89250E+04, 8.98606E+04, 6.95868E+03,
 5.28916E+04, 5.26740E+04, 4.07935E+04, 8.93682E+04, 9.05714E+04, 5.74833E+03,
 5.23779E+04, 5.14539E+04, 3.48333E+04, 8.90860E+04, 8.99354E+04, 5.47748E+03,
 5.12292E+04, 4.97591E+04, 2.74990E+04, 8.63453E+04, 8.64410E+04, 5.71881E+03,
 4.76333E+04, 4.62052E+04, 2.01498E+04, 8.00444E+04, 7.93998E+04, 5.23233E+03,
 4.20197E+04, 4.14045E+04, 1.40200E+04, 7.06527E+04, 6.99939E+04, 3.98048E+03,
 3.61780E+04, 3.72193E+04, 9.31799E+03, 5.94653E+04, 5.93899E+04, 8.17671E+03,
 3.11069E+04, 3.30418E+04, 5.33336E+03, 4.77925E+04, 4.83886E+04, 1.43104E+04,
 2.59587E+04, 2.77154E+04, 3.11703E+03, 3.59139E+04, 3.66382E+04, 1.93263E+04,
 2.21819E+04, 2.27627E+04, 8.48447E+03, 2.65045E+04, 2.61743E+04, 2.30640E+04,
 1.99407E+04, 1.93537E+04, 1.58206E+04, 1.94397E+04, 1.80162E+04, 2.62201E+04,
 1.81576E+04, 1.74973E+04, 2.15925E+04, 1.42438E+04, 1.18355E+04, 3.01402E+04,
 1.78803E+04, 1.82890E+04, 2.43707E+04, 1.01458E+04, 7.75672E+03, 3.50303E+04,
 1.84521E+04, 2.05323E+04, 2.48701E+04, 8.79666E+03, 6.88056E+03, 4.06403E+04,
 2.08079E+04, 2.38729E+04, 2.50036E+04, 1.08791E+04, 9.33751E+03, 4.62831E+04,
 2.44200E+04, 2.72003E+04, 2.57104E+04, 1.52374E+04, 1.32991E+04, 4.98504E+04,
 2.87557E+04, 2.98913E+04, 2.75830E+04, 2.07247E+04, 1.77886E+04, 4.97584E+04,
 3.37354E+04, 3.36495E+04, 2.93258E+04, 2.72616E+04, 2.30340E+04, 4.80534E+04,
 3.95794E+04, 3.93678E+04, 2.95294E+04, 3.49430E+04, 2.97606E+04, 4.76161E+04,
 4.37105E+04, 4.49422E+04, 2.82706E+04, 4.12288E+04, 3.67433E+04, 4.85432E+04,
 4.60817E+04, 4.90589E+04, 2.61595E+04, 4.57322E+04, 4.26744E+04, 4.93665E+04,
 4.82972E+04, 5.19870E+04, 2.39845E+04, 4.86876E+04, 4.73551E+04, 4.81428E+04,
 4.92498E+04, 5.22149E+04, 2.41605E+04, 5.06143E+04, 4.97943E+04, 4.46772E+04,
 4.89470E+04, 4.98920E+04, 2.70702E+04, 5.05674E+04, 4.90671E+04, 3.92225E+04,
 4.67734E+04, 4.59670E+04, 3.06388E+04, 4.82452E+04, 4.55174E+04, 3.31999E+04,
 4.34723E+04, 4.20286E+04, 3.26836E+04, 4.41151E+04, 4.11200E+04, 2.76872E+04,
 3.84188E+04, 3.79094E+04, 3.26410E+04, 3.84339E+04, 3.69692E+04, 2.37229E+04,
 3.07083E+04, 3.14445E+04, 3.21715E+04, 3.10174E+04, 3.16868E+04, 2.10989E+04,
 2.03657E+04, 2.16029E+04, 3.32052E+04, 2.20551E+04, 2.47937E+04, 1.69810E+04,
 1.07393E+04, 1.07396E+04, 3.54966E+04, 1.36321E+04, 1.71538E+04, 1.02883E+04,
 4.03876E+03, 2.88024E+03, 3.76510E+04, 6.08170E+03, 9.31704E+03, 2.46998E+03,
 8.83944E+03, 1.10996E+04, 3.87031E+04, 8.43226E+02, 3.59538E+03, 4.69159E+03,
 1.67270E+04, 1.95895E+04, 3.77780E+04, 4.52855E+03, 5.05769E+03, 9.68395E+03,
 2.34134E+04, 2.53129E+04, 3.41247E+04, 6.28652E+03, 5.61859E+03, 1.26293E+04,
 2.75471E+04, 2.84496E+04, 2.83577E+04, 5.82163E+03, 3.85049E+03, 1.52256E+04,
 2.96689E+04, 2.99622E+04, 2.35403E+04, 4.00440E+03, 3.31358E+03, 1.91801E+04,
 2.87009E+04, 2.96637E+04, 2.08066E+04, 1.25246E+03, 5.80454E+03, 2.42895E+04,
 2.43995E+04, 2.65766E+04, 1.86286E+04, 6.59753E+03, 1.08094E+04, 2.96780E+04,
 1.67505E+04, 1.97469E+04, 1.50632E+04, 1.44702E+04, 1.73524E+04, 3.34643E+04,
 8.44896E+03, 1.12975E+04, 9.24799E+03, 2.19710E+04, 2.42517E+04, 3.44771E+04,
 9.65719E+02, 3.10326E+03, 3.09262E+03, 2.93282E+04, 3.22161E+04, 3.30674E+04,
 1.02219E+04, 9.44261E+03, 4.11794E+03, 3.66172E+04, 4.03375E+04, 3.03635E+04,
 2.04136E+04, 1.95636E+04, 6.60703E+03, 4.19052E+04, 4.63084E+04, 2.82343E+04,
 3.04577E+04, 2.86460E+04, 6.67167E+03, 4.52336E+04, 4.91085E+04, 2.71030E+04,
 3.91151E+04, 3.64005E+04, 4.34925E+03, 4.69862E+04, 4.96749E+04, 2.64113E+04,
 4.55839E+04, 4.24786E+04, 2.36939E+03, 4.81622E+04, 4.97707E+04, 2.40533E+04,
 4.88667E+04, 4.64437E+04, 3.07538E+03, 4.80232E+04, 4.94757E+04, 1.87402E+04,
 4.97352E+04, 4.83128E+04, 4.10523E+03, 4.51635E+04, 4.73264E+04, 1.20832E+04,
 4.88939E+04, 4.80861E+04, 6.52676E+03, 4.10510E+04, 4.39955E+04, 6.77435E+03,
 4.76254E+04, 4.65129E+04, 1.19863E+04, 3.70792E+04, 4.00457E+04, 3.51291E+03,
 4.47577E+04, 4.28474E+04, 2.02579E+04, 3.27456E+04, 3.46435E+04, 2.02703E+03,
 3.91800E+04, 3.66662E+04, 2.87477E+04, 2.67680E+04, 2.77109E+04, 1.92557E+03,
 3.23608E+04, 3.01326E+04, 3.51626E+04, 2.08348E+04, 2.11619E+04, 2.58329E+03,
 2.51224E+04, 2.41087E+04, 3.85176E+04, 1.49948E+04, 1.58682E+04, 4.95402E+03,
 1.85955E+04, 1.89303E+04, 4.01905E+04, 9.59111E+03, 1.14697E+04, 9.26713E+03,
 1.45090E+04, 1.55531E+04, 4.14403E+04, 5.25042E+03, 7.75669E+03, 1.39912E+04,
 1.47002E+04, 1.50848E+04, 4.32657E+04, 2.86115E+03, 4.92616E+03, 1.66889E+04,
 1.76331E+04, 1.69970E+04, 4.60378E+04, 3.48463E+03, 4.38892E+03, 1.74673E+04,
 2.14950E+04, 2.02019E+04, 4.79258E+04, 5.99605E+03, 5.46309E+03, 1.88559E+04,
 2.54458E+04, 2.46022E+04, 4.74515E+04, 9.12900E+03, 7.72442E+03, 2.27545E+04,
 3.13215E+04, 3.19539E+04, 4.47565E+04, 1.31273E+04, 1.23043E+04, 2.84764E+04,
 4.02299E+04, 4.23447E+04, 4.08819E+04, 1.86452E+04, 1.89249E+04, 3.52587E+04,
 5.05788E+04, 5.30391E+04, 3.77088E+04, 2.47184E+04, 2.56094E+04, 4.25996E+04,
 6.09375E+04, 6.25645E+04, 3.74933E+04, 3.26217E+04, 3.27890E+04, 4.91717E+04,
 7.06862E+04, 7.09500E+04, 3.90422E+04, 4.14058E+04, 4.00985E+04, 5.41201E+04,
 7.85520E+04, 7.76722E+04, 4.00897E+04, 4.92752E+04, 4.62130E+04, 5.83612E+04,
 8.22596E+04, 8.17796E+04, 3.91929E+04, 5.47086E+04, 5.14372E+04, 6.30075E+04,
 8.30366E+04, 8.38896E+04, 3.69769E+04, 5.71412E+04, 5.50607E+04, 6.87883E+04,
 8.22198E+04, 8.42763E+04, 3.52708E+04, 5.79895E+04, 5.76096E+04, 7.43968E+04,
 8.03267E+04, 8.28210E+04, 3.54432E+04, 5.78642E+04, 5.85851E+04, 7.71485E+04,
 7.63864E+04, 7.78498E+04, 3.69348E+04, 5.65237E+04, 5.67799E+04, 7.60085E+04,
 6.90897E+04, 6.90663E+04, 3.85521E+04, 5.37180E+04, 5.28352E+04, 7.21346E+04,
 6.00454E+04, 5.91499E+04, 3.91140E+04, 5.05393E+04, 4.83307E+04, 6.65027E+04,
 4.97135E+04, 4.89522E+04, 3.73455E+04, 4.42378E+04, 4.19378E+04, 6.05994E+04,
 3.81704E+04, 3.84883E+04, 3.32288E+04, 3.47842E+04, 3.35542E+04, 5.52085E+04,
 2.65445E+04, 2.79720E+04, 2.86343E+04, 2.43772E+04, 2.50794E+04, 4.95354E+04,
 1.59412E+04, 1.74706E+04, 2.61994E+04, 1.54162E+04, 1.70469E+04, 4.25936E+04,
 7.17751E+03, 7.83775E+03, 2.53828E+04, 8.81351E+03, 9.74978E+03, 3.38737E+04,
 5.58409E+03, 6.00226E+03, 2.38346E+04, 5.35980E+03, 3.41920E+03, 2.48104E+04,
 9.94681E+03, 1.10247E+04, 1.98308E+04, 7.32106E+03, 5.47631E+03, 1.70179E+04,
 1.30417E+04, 1.35366E+04, 1.37116E+04, 1.00826E+04, 8.61968E+03, 1.23611E+04,
 1.40160E+04, 1.35623E+04, 7.43353E+03, 1.10473E+04, 9.27687E+03, 1.03517E+04,
 1.34143E+04, 1.23619E+04, 2.99044E+03, 1.18177E+04, 9.08988E+03, 9.84515E+03,
 1.10220E+04, 9.87411E+03, 1.96855E+03, 1.08214E+04, 7.37158E+03, 8.87905E+03,
 7.31115E+03, 6.56046E+03, 2.92083E+03, 7.56538E+03, 4.22722E+03, 6.98191E+03,
 5.46102E+03, 3.45350E+03, 3.29773E+03, 5.94449E+03, 3.51497E+03, 5.52565E+03,
 9.62528E+03, 5.96962E+03, 4.90105E+03, 7.89331E+03, 6.64619E+03, 5.28203E+03,
 1.61210E+04, 1.26556E+04, 8.64122E+03, 1.00969E+04, 1.01009E+04, 4.64967E+03,
 2.24737E+04, 1.94659E+04, 1.26260E+04, 1.17179E+04, 1.33103E+04, 4.80838E+03,
 2.59049E+04, 2.32709E+04, 1.43212E+04, 1.24816E+04, 1.53010E+04, 6.02400E+03,
 2.67194E+04, 2.34303E+04, 1.32128E+04, 1.19346E+04, 1.48965E+04, 5.98176E+03,
 2.64364E+04, 2.25650E+04, 1.08651E+04, 9.47870E+03, 1.15775E+04, 3.82580E+03,
 2.61288E+04, 2.17949E+04, 9.40555E+03, 6.60980E+03, 7.20375E+03, 4.04367E+03,
 2.39200E+04, 1.98337E+04, 9.10873E+03, 4.14953E+03, 2.12419E+03, 8.56660E+03,
 1.91893E+04, 1.62257E+04, 9.14417E+03, 8.71429E+03, 6.89522E+03, 1.16089E+04,
 1.28125E+04, 1.09176E+04, 8.50232E+03, 1.62489E+04, 1.42709E+04, 1.26207E+04,
 5.51557E+03, 3.85418E+03, 6.52808E+03, 2.51073E+04, 2.29631E+04, 1.42104E+04,
 4.16769E+03, 5.58885E+03, 2.37659E+03, 3.42459E+04, 3.27219E+04, 1.87295E+04,
 1.29771E+04, 1.56725E+04, 3.92844E+03, 4.28096E+04, 4.28082E+04, 2.49011E+04,
 2.06862E+04, 2.37337E+04, 9.20226E+03, 5.02379E+04, 5.15265E+04, 2.96646E+04,
 2.68235E+04, 2.87230E+04, 1.31252E+04, 5.67070E+04, 5.83048E+04, 3.10840E+04,
 3.19138E+04, 3.21124E+04, 1.63988E+04, 6.14014E+04, 6.20932E+04, 2.92121E+04,
 3.63955E+04, 3.52160E+04, 1.99535E+04, 6.40865E+04, 6.37451E+04, 2.46497E+04,
 3.79693E+04, 3.64977E+04, 2.43394E+04, 6.29236E+04, 6.21157E+04, 1.84168E+04,
 3.55993E+04, 3.50386E+04, 2.96412E+04, 5.86640E+04, 5.87033E+04, 1.29352E+04,
 3.03747E+04, 3.11060E+04, 3.47113E+04, 5.30689E+04, 5.45274E+04, 9.39133E+03,
 2.30422E+04, 2.42685E+04, 3.85672E+04, 4.51923E+04, 4.80268E+04, 5.63334E+03,
 1.48830E+04, 1.51730E+04, 4.04484E+04, 3.49826E+04, 3.79513E+04, 2.97762E+03,
 6.51286E+03, 4.98895E+03, 4.12634E+04, 2.34445E+04, 2.51737E+04, 1.21893E+04,
 3.53446E+03, 6.12898E+03, 4.18863E+04, 1.23259E+04, 1.27561E+04, 2.22074E+04,
 1.15009E+04, 1.44101E+04, 4.24892E+04, 1.53830E+03, 2.29759E+03, 2.87794E+04,
 1.95981E+04, 2.12810E+04, 4.27748E+04, 1.07940E+04, 1.00648E+04, 3.18076E+04,
 2.63509E+04, 2.64905E+04, 4.22752E+04, 2.13457E+04, 1.88706E+04, 3.33989E+04,
 2.96456E+04, 2.90795E+04, 4.10106E+04, 2.92702E+04, 2.53096E+04, 3.43089E+04,
 2.94844E+04, 2.96686E+04, 3.85275E+04, 3.45157E+04, 3.04670E+04, 3.55257E+04,
 2.69533E+04, 2.87096E+04, 3.44358E+04, 3.90570E+04, 3.60670E+04, 3.76997E+04,
 2.22184E+04, 2.51317E+04, 3.05258E+04, 4.20679E+04, 4.10043E+04, 3.91687E+04,
 1.69390E+04, 2.00004E+04, 2.89892E+04, 4.29809E+04, 4.26964E+04, 3.72139E+04,
 1.18437E+04, 1.34727E+04, 2.87650E+04, 4.19441E+04, 4.10213E+04, 3.16411E+04,
 6.04703E+03, 6.39109E+03, 2.81937E+04, 4.03866E+04, 3.79105E+04, 2.48130E+04,
 2.71095E+03, 3.28826E+03, 2.72041E+04, 3.73928E+04, 3.38984E+04, 2.00783E+04,
 1.09253E+04, 1.06969E+04, 2.60473E+04, 3.32883E+04, 3.00476E+04, 1.82661E+04,
 1.82620E+04, 1.67892E+04, 2.52907E+04, 2.79815E+04, 2.59404E+04, 1.77928E+04,
 2.17237E+04, 1.96155E+04, 2.40406E+04, 2.33188E+04, 2.30420E+04, 1.65115E+04,
 2.24053E+04, 2.06929E+04, 2.24124E+04, 2.01753E+04, 2.08960E+04, 1.34102E+04,
 2.14200E+04, 2.09280E+04, 2.18883E+04, 1.80569E+04, 1.85150E+04, 9.51583E+03,
 1.78670E+04, 1.85362E+04, 2.14714E+04, 1.79339E+04, 1.70468E+04, 5.83904E+03,
 1.24215E+04, 1.34582E+04, 1.82346E+04, 1.91294E+04, 1.77122E+04, 4.73526E+03,
 6.04661E+03, 6.50281E+03, 1.13186E+04, 2.19401E+04, 2.09241E+04, 6.24960E+03,
 1.94001E+03, 3.02052E+03, 2.78354E+03, 2.56338E+04, 2.60919E+04, 7.94515E+03,
 1.26023E+04, 1.31160E+04, 5.42098E+03, 3.10899E+04, 3.27006E+04, 7.60560E+03,
 2.50719E+04, 2.46239E+04, 1.30059E+04, 3.74340E+04, 3.89620E+04, 5.00153E+03,
 3.63746E+04, 3.48624E+04, 2.07160E+04, 4.41843E+04, 4.51400E+04, 2.91511E+03,
 4.41018E+04, 4.21764E+04, 2.81455E+04, 5.04473E+04, 5.02686E+04, 7.14119E+03,
 4.87706E+04, 4.71571E+04, 3.55483E+04, 5.51599E+04, 5.42486E+04, 1.07412E+04,
 5.23250E+04, 5.15202E+04, 4.39954E+04, 5.71152E+04, 5.66932E+04, 1.27418E+04,
 5.34144E+04, 5.32280E+04, 5.28380E+04, 5.52948E+04, 5.60630E+04, 1.41099E+04,
 5.19675E+04, 5.14296E+04, 5.98219E+04, 5.12040E+04, 5.25096E+04, 1.73730E+04,
 4.87769E+04, 4.70488E+04, 6.25459E+04, 4.56014E+04, 4.65817E+04, 2.33277E+04,
 4.33658E+04, 4.08478E+04, 6.13408E+04, 3.89907E+04, 3.86596E+04, 2.91269E+04,
 3.54820E+04, 3.30493E+04, 5.92197E+04, 2.91742E+04, 2.80775E+04, 3.28569E+04,
 2.57369E+04, 2.42710E+04, 5.73178E+04, 1.69376E+04, 1.65824E+04, 3.46565E+04,
 1.55780E+04, 1.51910E+04, 5.48814E+04, 4.37295E+03, 5.94082E+03, 3.52135E+04,
 6.56558E+03, 6.94516E+03, 5.17360E+04, 1.18573E+04, 1.02683E+04, 3.49492E+04,
 3.70699E+03, 5.16176E+03, 4.71513E+04, 2.65691E+04, 2.36347E+04, 3.48206E+04,
 1.07953E+04, 1.30689E+04, 4.02981E+04, 3.97164E+04, 3.74628E+04, 3.64756E+04,
 1.72626E+04, 2.05502E+04, 3.20629E+04, 4.94487E+04, 4.86241E+04, 3.90839E+04,
 2.23433E+04, 2.55393E+04, 2.46438E+04, 5.65565E+04, 5.66195E+04, 3.96568E+04,
 2.61838E+04, 2.79821E+04, 1.98611E+04, 6.26791E+04, 6.21841E+04, 3.67530E+04,
 2.78611E+04, 2.82987E+04, 1.79787E+04, 6.80232E+04, 6.56766E+04, 3.26573E+04,
 2.76067E+04, 2.73754E+04, 1.71288E+04, 6.95489E+04, 6.58588E+04, 2.94142E+04,
 2.62667E+04, 2.64591E+04, 1.57572E+04, 6.70326E+04, 6.35689E+04, 2.76064E+04,
 2.38744E+04, 2.49387E+04, 1.36509E+04, 6.12654E+04, 5.94607E+04, 2.57593E+04,
 2.03080E+04, 2.20805E+04, 1.12868E+04, 5.32582E+04, 5.39178E+04, 2.32164E+04,
 1.65812E+04, 1.79821E+04, 1.00612E+04, 4.38581E+04, 4.62323E+04, 2.05498E+04,
 1.30933E+04, 1.33914E+04, 1.14053E+04, 3.46927E+04, 3.69480E+04, 1.68037E+04,
 1.19462E+04, 1.05275E+04, 1.43001E+04, 2.81878E+04, 2.93141E+04, 1.16005E+04,
 1.26986E+04, 1.03259E+04, 1.59093E+04, 2.40988E+04, 2.40559E+04, 6.89803E+03,
 1.44837E+04, 1.23064E+04, 1.41627E+04, 2.11161E+04, 2.14013E+04, 4.50562E+03,
 1.81878E+04, 1.68077E+04, 1.02769E+04, 1.86755E+04, 2.08783E+04, 3.52980E+03,
 2.39761E+04, 2.33756E+04, 6.23240E+03, 1.86598E+04, 2.30142E+04, 2.07041E+03,
 3.04449E+04, 2.94759E+04, 3.53322E+03, 2.16697E+04, 2.72562E+04, 2.14828E+03,
 3.71489E+04, 3.53074E+04, 3.77332E+03, 2.77291E+04, 3.29018E+04, 5.47288E+03,
 4.54432E+04, 4.25202E+04, 5.36578E+03, 3.56913E+04, 3.92663E+04, 8.25147E+03,
 5.47447E+04, 5.10764E+04, 8.36317E+03, 4.42807E+04, 4.64703E+04, 9.79267E+03,
 6.42392E+04, 6.06626E+04, 1.40034E+04, 5.26601E+04, 5.46864E+04, 1.01611E+04,
 7.13183E+04, 6.85462E+04, 2.16518E+04, 5.93136E+04, 6.23826E+04, 8.84648E+03,
 7.61974E+04, 7.40098E+04, 2.83423E+04, 6.46257E+04, 6.93265E+04, 7.01189E+03,
 8.00808E+04, 7.78658E+04, 3.04944E+04, 6.89488E+04, 7.40541E+04, 6.18394E+03,
 8.22433E+04, 7.93697E+04, 2.89164E+04, 7.17967E+04, 7.60574E+04, 6.36475E+03,
 8.16591E+04, 7.82033E+04, 2.65271E+04, 7.21736E+04, 7.49429E+04, 6.70545E+03,
 7.87108E+04, 7.53418E+04, 2.44888E+04, 6.98997E+04, 7.17346E+04, 8.43904E+03,
 7.41090E+04, 7.11414E+04, 2.23102E+04, 6.43936E+04, 6.63607E+04, 1.20948E+04,
 6.68963E+04, 6.44047E+04, 1.88059E+04, 5.61282E+04, 5.90021E+04, 1.73767E+04,
 5.67048E+04, 5.46452E+04, 1.33453E+04, 4.64304E+04, 5.00461E+04, 2.26472E+04,
 4.41312E+04, 4.19893E+04, 5.65427E+03, 3.59512E+04, 3.96415E+04, 2.65304E+04,
 3.10323E+04, 2.85446E+04, 7.82808E+03, 2.58306E+04, 2.86677E+04, 2.84882E+04,
 1.80272E+04, 1.53916E+04, 1.89063E+04, 1.50458E+04, 1.65453E+04, 2.97426E+04,
 5.41622E+03, 3.13849E+03, 2.75359E+04, 4.49490E+03, 5.91104E+03, 3.12681E+04,
 8.76825E+03, 9.58852E+03, 3.27020E+04, 6.42688E+03, 5.33582E+03, 3.40046E+04,
 1.91389E+04, 1.95799E+04, 3.67047E+04, 1.16264E+04, 9.16411E+03, 3.69012E+04,
 2.72245E+04, 2.74220E+04, 4.19088E+04, 1.39601E+04, 1.13859E+04, 3.90040E+04,
 3.28246E+04, 3.32110E+04, 4.75899E+04, 1.28688E+04, 1.12504E+04, 3.99960E+04,
 3.55659E+04, 3.60051E+04, 5.19226E+04, 9.03963E+03, 9.09058E+03, 3.96220E+04,
 3.63838E+04, 3.65433E+04, 5.42790E+04, 3.97683E+03, 5.48716E+03, 3.84918E+04,
 3.52032E+04, 3.44543E+04, 5.42040E+04, 4.27490E+03, 4.26330E+03, 3.86254E+04,
 3.22897E+04, 3.04041E+04, 5.19493E+04, 1.01159E+04, 9.75482E+03, 4.16977E+04,
 2.75792E+04, 2.50544E+04, 4.87912E+04, 1.77674E+04, 1.82007E+04, 4.65288E+04,
 2.13274E+04, 1.89856E+04, 4.69247E+04, 2.68865E+04, 2.70863E+04, 5.08439E+04,
 1.44560E+04, 1.31613E+04, 4.67234E+04, 3.49475E+04, 3.37377E+04, 5.35363E+04,
 8.18912E+03, 7.94110E+03, 4.72627E+04, 4.01030E+04, 3.70457E+04, 5.52393E+04,
 3.49610E+03, 4.16254E+03, 4.65829E+04, 4.23517E+04, 3.86005E+04, 5.72575E+04,
 2.89572E+03, 4.82775E+03, 4.45436E+04, 4.21546E+04, 3.90893E+04, 6.01127E+04,
 3.21864E+03, 5.90456E+03, 4.23961E+04, 3.96526E+04, 3.82736E+04, 6.32208E+04,
 2.93572E+03, 5.85659E+03, 4.14060E+04, 3.60284E+04, 3.61764E+04, 6.64623E+04,
 2.49339E+03, 4.87153E+03, 4.14148E+04, 3.14738E+04, 3.20064E+04, 6.83203E+04,
 2.80787E+03, 3.61448E+03, 4.24274E+04, 2.63259E+04, 2.57853E+04, 6.67850E+04,
 6.36777E+03, 6.98232E+03, 4.33001E+04, 1.96581E+04, 1.76563E+04, 6.15859E+04,
 1.28262E+04, 1.38754E+04, 4.22520E+04, 1.14207E+04, 8.79900E+03, 5.57015E+04,
 2.01213E+04, 2.07542E+04, 3.93820E+04, 4.16519E+03, 2.82025E+03, 5.12507E+04,
 2.76471E+04, 2.71982E+04, 3.59986E+04, 7.43357E+03, 6.44334E+03, 4.72749E+04,
 3.43575E+04, 3.33789E+04, 3.31810E+04, 1.33575E+04, 1.09359E+04, 4.18498E+04,
 3.85517E+04, 3.77703E+04, 3.09929E+04, 1.70389E+04, 1.44593E+04, 3.39904E+04,
 3.85975E+04, 3.86609E+04, 2.86090E+04, 1.79057E+04, 1.64308E+04, 2.46124E+04,
 3.52474E+04, 3.65249E+04, 2.54061E+04, 1.69229E+04, 1.69549E+04, 1.48191E+04,
 2.99947E+04, 3.19459E+04, 2.13668E+04, 1.36258E+04, 1.47850E+04, 6.33454E+03,
 2.29294E+04, 2.50306E+04, 1.64580E+04, 8.59371E+03, 9.69273E+03, 5.05670E+02,
 1.30546E+04, 1.46488E+04, 1.14567E+04, 2.42346E+03, 5.43282E+03, 2.97582E+03,
 8.35879E+02, 4.39829E+03, 7.65761E+03, 6.00163E+03, 1.08005E+04, 4.83918E+03,
 1.37617E+04, 1.35965E+04, 5.85411E+03, 1.40822E+04, 1.87350E+04, 7.78645E+03,
 2.85917E+04, 2.71599E+04, 4.69815E+03, 2.31251E+04, 2.66348E+04, 1.16086E+04,
 4.32798E+04, 4.07245E+04, 3.37727E+03, 3.33586E+04, 3.53843E+04, 1.39058E+04,
 5.63472E+04, 5.32811E+04, 4.45075E+03, 4.23718E+04, 4.39897E+04, 1.29534E+04,
 6.61212E+04, 6.31334E+04, 6.73055E+03, 4.90944E+04, 5.11934E+04, 8.97969E+03,
 7.30199E+04, 7.01730E+04, 8.79355E+03, 5.43324E+04, 5.75528E+04, 4.47252E+03,
 7.73882E+04, 7.46148E+04, 1.02239E+04, 5.73451E+04, 6.14460E+04, 4.19069E+03,
 7.93876E+04, 7.64937E+04, 1.02414E+04, 5.89610E+04, 6.29513E+04, 5.38169E+03,
 7.88100E+04, 7.50689E+04, 9.00255E+03, 5.93979E+04, 6.23822E+04, 4.80503E+03,
 7.54241E+04, 7.14203E+04, 7.65341E+03, 5.91635E+04, 6.10165E+04, 4.09469E+03,
 6.95544E+04, 6.57237E+04, 7.67655E+03, 5.86231E+04, 6.02024E+04, 4.74674E+03,
 6.14457E+04, 5.82054E+04, 8.69108E+03, 5.58793E+04, 5.80428E+04, 7.32573E+03,
 5.20601E+04, 4.94569E+04, 8.42516E+03, 4.98702E+04, 5.29014E+04, 9.97133E+03,
 4.27815E+04, 4.01970E+04, 6.38367E+03, 4.25048E+04, 4.53433E+04, 1.05306E+04,
 3.46300E+04, 3.17940E+04, 3.89340E+03, 3.59273E+04, 3.80643E+04, 8.44969E+03,
 2.72932E+04, 2.45867E+04, 1.80947E+03, 3.04994E+04, 3.12656E+04, 5.56990E+03,
 2.20396E+04, 1.96728E+04, 3.07034E+03, 2.66583E+04, 2.66033E+04, 4.05671E+03,
 1.96616E+04, 1.83497E+04, 5.81423E+03, 2.43207E+04, 2.42441E+04, 4.83542E+03,
 2.04158E+04, 2.04712E+04, 8.08334E+03, 2.33180E+04, 2.41379E+04, 7.96567E+03,
 2.38926E+04, 2.46063E+04, 1.02644E+04, 2.36154E+04, 2.54121E+04, 1.18482E+04,
 2.94465E+04, 3.00310E+04, 1.40790E+04, 2.56106E+04, 2.69880E+04, 1.40035E+04,
 3.77306E+04, 3.75965E+04, 1.98439E+04, 3.00958E+04, 3.00634E+04, 1.41467E+04,
 4.73630E+04, 4.67115E+04, 2.59223E+04, 3.75288E+04, 3.57472E+04, 1.41787E+04,
 5.62277E+04, 5.60232E+04, 3.10037E+04, 4.61618E+04, 4.39364E+04, 1.62660E+04,
 6.39960E+04, 6.49661E+04, 3.48922E+04, 5.40533E+04, 5.25325E+04, 2.07751E+04,
 7.13363E+04, 7.32813E+04, 3.77277E+04, 6.06785E+04, 6.07894E+04, 2.65041E+04,
 7.70648E+04, 7.95377E+04, 3.98645E+04, 6.56178E+04, 6.67656E+04, 3.23756E+04,
 8.01852E+04, 8.18221E+04, 4.15112E+04, 6.88739E+04, 6.97870E+04, 3.60557E+04,
 7.94443E+04, 7.96871E+04, 4.34300E+04, 7.08314E+04, 7.00766E+04, 3.64615E+04,
 7.57358E+04, 7.49205E+04, 4.51792E+04, 7.08711E+04, 6.82064E+04, 3.57531E+04,
 7.01006E+04, 6.94129E+04, 4.52908E+04, 6.77416E+04, 6.45785E+04, 3.63816E+04,
 6.19625E+04, 6.24437E+04, 4.34486E+04, 6.08546E+04, 5.88832E+04, 3.86981E+04,
 5.22376E+04, 5.43061E+04, 4.06537E+04, 5.10878E+04, 5.11451E+04, 3.99107E+04,
 4.29226E+04, 4.56563E+04, 3.74468E+04, 4.01554E+04, 4.14996E+04, 3.76659E+04,
 3.40348E+04, 3.61604E+04, 3.44906E+04, 2.91205E+04, 3.01891E+04, 3.26330E+04,
 2.45868E+04, 2.58261E+04, 3.25795E+04, 1.73520E+04, 1.68170E+04, 2.60954E+04,
 1.55458E+04, 1.59853E+04, 3.05333E+04, 6.52796E+03, 5.35015E+03, 1.93442E+04,
 8.00845E+03, 8.75080E+03, 2.75977E+04, 8.97871E+03, 1.18985E+04, 1.40644E+04,
 5.23091E+03, 5.51309E+03, 2.29654E+04, 2.00253E+04, 2.19226E+04, 1.07383E+04,
 6.17870E+03, 4.57170E+03, 1.79904E+04, 3.03257E+04, 3.02026E+04, 8.96835E+03,
 6.61786E+03, 4.12815E+03, 1.45128E+04, 3.71448E+04, 3.53530E+04, 8.69200E+03,
 5.27616E+03, 3.80757E+03, 1.27006E+04, 3.84685E+04, 3.66756E+04, 1.21615E+04,
 4.12301E+03, 4.25848E+03, 1.12762E+04, 3.62732E+04, 3.56696E+04, 1.82220E+04,
 6.63615E+03, 6.60475E+03, 9.66175E+03, 3.22249E+04, 3.30474E+04, 2.25656E+04,
 1.20063E+04, 1.15958E+04, 7.62105E+03, 2.71184E+04, 2.83101E+04, 2.45211E+04,
 1.91632E+04, 1.87367E+04, 4.76205E+03, 1.97226E+04, 1.98809E+04, 2.49007E+04,
 2.63005E+04, 2.60949E+04, 2.03001E+03, 1.04986E+04, 8.89619E+03, 2.50907E+04,
 3.31610E+04, 3.27094E+04, 3.30496E+03, 2.58771E+03, 3.56061E+03, 2.64557E+04,
 3.90766E+04, 3.79649E+04, 4.06567E+03, 1.09749E+04, 1.34589E+04, 2.86927E+04,
 4.31744E+04, 4.09626E+04, 4.04623E+03, 2.09134E+04, 2.22636E+04, 3.12591E+04,
 4.46975E+04, 4.17043E+04, 5.48950E+03, 2.78825E+04, 2.80619E+04, 3.22649E+04,
 4.33680E+04, 4.02728E+04, 9.66248E+03, 2.99925E+04, 3.03337E+04, 3.10394E+04,
 4.01838E+04, 3.75618E+04, 1.51338E+04, 2.92688E+04, 3.05216E+04, 2.87065E+04,
 3.62828E+04, 3.37284E+04, 1.97098E+04, 2.71057E+04, 2.94319E+04, 2.75359E+04,
 3.02379E+04, 2.77306E+04, 2.25613E+04, 2.42081E+04, 2.68359E+04, 2.83698E+04,
 2.26590E+04, 1.99183E+04, 2.40072E+04, 1.97152E+04, 2.17094E+04, 3.06849E+04,
 1.57190E+04, 1.28830E+04, 2.41565E+04, 1.36648E+04, 1.44604E+04, 3.31641E+04,
 9.17562E+03, 6.57271E+03, 2.37193E+04, 6.56108E+03, 6.76344E+03, 3.43168E+04,
 3.09473E+03, 2.61278E+03, 2.51089E+04, 2.93173E+03, 3.77639E+03, 3.31664E+04,
 7.27823E+03, 8.60426E+03, 2.79616E+04, 1.00329E+04, 9.15185E+03, 3.01883E+04,
 1.36576E+04, 1.50148E+04, 2.95083E+04, 1.49411E+04, 1.32908E+04, 2.78293E+04,
 1.80335E+04, 1.97726E+04, 2.73752E+04, 1.60496E+04, 1.50814E+04, 2.63921E+04,
 2.06692E+04, 2.27403E+04, 2.30647E+04, 1.43589E+04, 1.48394E+04, 2.51095E+04,
 2.18989E+04, 2.34508E+04, 1.90620E+04, 9.82983E+03, 1.14567E+04, 2.29316E+04,
 2.05553E+04, 2.11983E+04, 1.67364E+04, 3.91779E+03, 5.21825E+03, 1.92724E+04,
 1.66578E+04, 1.59436E+04, 1.55886E+04, 8.61284E+03, 7.96976E+03, 1.38461E+04,
 1.22410E+04, 1.07031E+04, 1.51640E+04, 1.95134E+04, 2.01103E+04, 7.42991E+03,
 7.54212E+03, 5.83313E+03, 1.45045E+04, 3.28373E+04, 3.38947E+04, 2.82435E+03,
 4.98120E+03, 5.00432E+03, 1.27093E+04, 4.86666E+04, 4.85808E+04, 5.56280E+03,
 1.32739E+04, 1.29910E+04, 9.56014E+03, 6.47034E+04, 6.25699E+04, 7.62738E+03,
 2.36781E+04, 2.34250E+04, 7.31272E+03, 7.88078E+04, 7.51744E+04, 9.44995E+03,
 3.31271E+04, 3.39447E+04, 7.59366E+03, 8.99554E+04, 8.64073E+04, 1.23573E+04,
 4.05585E+04, 4.29637E+04, 9.79655E+03, 9.86070E+04, 9.66897E+04, 1.57895E+04,
 4.57280E+04, 4.90437E+04, 1.26556E+04, 1.03695E+05, 1.03400E+05, 1.82683E+04,
 4.88578E+04, 5.22191E+04, 1.44263E+04, 1.04514E+05, 1.04402E+05, 1.97848E+04,
 4.99838E+04, 5.24575E+04, 1.48984E+04, 1.02025E+05, 1.00661E+05, 1.99734E+04,
 5.02085E+04, 5.16310E+04, 1.42520E+04, 9.82464E+04, 9.45979E+04, 1.90494E+04,
 4.90035E+04, 4.95501E+04, 1.44472E+04, 9.25678E+04, 8.74655E+04, 1.73871E+04,
 4.45152E+04, 4.54286E+04, 1.58820E+04, 8.39591E+04, 7.90979E+04, 1.65401E+04,
 3.78729E+04, 4.00734E+04, 1.80991E+04, 7.35471E+04, 7.07184E+04, 1.76936E+04,
 3.01823E+04, 3.33579E+04, 1.90342E+04, 6.31405E+04, 6.21735E+04, 1.92613E+04,
 2.19946E+04, 2.49842E+04, 1.75417E+04, 5.35813E+04, 5.32195E+04, 1.86960E+04,
 1.53029E+04, 1.66321E+04, 1.46987E+04, 4.46822E+04, 4.30489E+04, 1.60787E+04,
 1.11549E+04, 1.03014E+04, 1.23939E+04, 3.75929E+04, 3.39292E+04, 1.36348E+04,
 9.05564E+03, 6.55787E+03, 1.13919E+04, 3.34494E+04, 2.87450E+04, 1.19077E+04,
 8.79410E+03, 5.57157E+03, 1.14540E+04, 3.18333E+04, 2.75572E+04, 1.07733E+04,
 9.36918E+03, 6.22169E+03, 1.29117E+04, 3.11011E+04, 2.86537E+04, 9.72113E+03,
 9.84916E+03, 6.91926E+03, 1.42320E+04, 3.17158E+04, 3.09157E+04, 8.55816E+03,
 1.15450E+04, 9.63007E+03, 1.41112E+04, 3.43240E+04, 3.42601E+04, 7.29152E+03,
 1.64522E+04, 1.46174E+04, 1.33588E+04, 3.85927E+04, 3.76027E+04, 8.51386E+03,
 2.29622E+04, 2.08451E+04, 1.36985E+04, 4.39006E+04, 4.17433E+04, 1.42293E+04,
 3.12510E+04, 2.92180E+04, 1.67761E+04, 4.94085E+04, 4.66935E+04, 2.01792E+04,
 4.03203E+04, 3.89687E+04, 2.26175E+04, 5.44682E+04, 5.26878E+04, 2.44014E+04,
 4.84725E+04, 4.79609E+04, 2.90456E+04, 5.82001E+04, 5.79138E+04, 2.73448E+04,
 5.52423E+04, 5.52003E+04, 3.46663E+04, 6.04404E+04, 6.10798E+04, 3.12146E+04,
 5.98822E+04, 5.99511E+04, 3.91479E+04, 6.04890E+04, 6.12426E+04, 3.63684E+04,
 6.22385E+04, 6.19471E+04, 4.23804E+04, 5.84650E+04, 5.83121E+04, 4.24437E+04,
 6.04060E+04, 5.94273E+04, 4.46469E+04, 5.36345E+04, 5.25758E+04, 4.80517E+04,
 5.31423E+04, 5.19775E+04, 4.73012E+04, 4.63322E+04, 4.51465E+04, 5.14319E+04,
 4.32392E+04, 4.24003E+04, 5.15720E+04, 3.81268E+04, 3.78985E+04, 5.13737E+04,
 3.24642E+04, 3.22975E+04, 5.51172E+04, 2.84416E+04, 2.94725E+04, 4.95034E+04,
 2.07155E+04, 2.06979E+04, 5.53848E+04, 1.80245E+04, 1.96234E+04, 4.84501E+04,
 8.05712E+03, 7.67301E+03, 5.23477E+04, 8.50776E+03, 9.03375E+03, 4.90961E+04,
 7.54223E+03, 8.85905E+03, 4.84847E+04, 3.60773E+03, 3.32855E+03, 5.15567E+04,
 2.15535E+04, 2.32234E+04, 4.49158E+04, 1.01138E+04, 1.08623E+04, 5.35854E+04,
 3.51592E+04, 3.67116E+04, 4.21192E+04, 1.85362E+04, 1.89212E+04, 5.38171E+04,
 4.63968E+04, 4.72410E+04, 3.99644E+04, 2.66181E+04, 2.57046E+04, 5.16599E+04,
 5.39818E+04, 5.40781E+04, 3.86130E+04, 3.17188E+04, 2.96784E+04, 4.86212E+04,
 5.70136E+04, 5.68787E+04, 3.72671E+04, 3.33612E+04, 3.13674E+04, 4.68367E+04,
 5.65487E+04, 5.69894E+04, 3.47984E+04, 3.36793E+04, 3.29925E+04, 4.81332E+04,
 5.37570E+04, 5.51396E+04, 3.12987E+04, 3.16615E+04, 3.28313E+04, 5.08879E+04,
 4.88472E+04, 5.03743E+04, 2.93225E+04, 2.79108E+04, 2.99795E+04, 5.21268E+04,
 4.21627E+04, 4.30515E+04, 2.97230E+04, 2.38759E+04, 2.51085E+04, 5.07891E+04,
 3.34612E+04, 3.29005E+04, 3.09695E+04, 2.03382E+04, 2.03204E+04, 4.73950E+04,
 2.22663E+04, 2.06069E+04, 3.17170E+04, 1.65971E+04, 1.56648E+04, 4.35585E+04,
 1.04569E+04, 8.67205E+03, 3.13490E+04, 1.12957E+04, 1.13040E+04, 3.99087E+04,
 5.21764E+03, 5.72809E+03, 2.95963E+04, 6.20535E+03, 7.70831E+03, 3.81430E+04,
 1.15499E+04, 1.18325E+04, 2.64645E+04, 6.60766E+03, 6.72975E+03, 3.74250E+04,
 1.73065E+04, 1.68835E+04, 2.31783E+04, 7.94139E+03, 6.86381E+03, 3.52067E+04,
 2.07620E+04, 2.09848E+04, 2.05148E+04, 7.29211E+03, 7.23495E+03, 2.92334E+04,
 2.09627E+04, 2.26140E+04, 1.88316E+04, 5.05673E+03, 7.65926E+03, 2.08622E+04,
 1.76998E+04, 2.07652E+04, 1.61883E+04, 7.10881E+03, 9.80667E+03, 1.37771E+04,
 1.28492E+04, 1.67446E+04, 1.23072E+04, 1.28738E+04, 1.48383E+04, 1.01330E+04,
 7.78853E+03, 1.15301E+04, 8.03443E+03, 1.86806E+04, 2.15692E+04, 8.49557E+03,
 3.04749E+03, 6.96153E+03, 4.89256E+03, 2.50338E+04, 2.95110E+04, 7.40704E+03,
 7.08681E+03, 9.06395E+03, 4.01656E+03, 3.23345E+04, 3.74514E+04, 6.87825E+03,
 1.24369E+04, 1.31848E+04, 3.90582E+03, 4.08337E+04, 4.54396E+04, 7.19074E+03,
 1.67334E+04, 1.57270E+04, 3.48647E+03, 4.96554E+04, 5.25871E+04, 9.37819E+03,
 1.98500E+04, 1.71722E+04, 4.04228E+03, 5.61410E+04, 5.77529E+04, 1.11761E+04,
 2.11467E+04, 1.78043E+04, 4.47230E+03, 6.02336E+04, 6.18969E+04, 1.05039E+04,
 1.89010E+04, 1.63175E+04, 5.23232E+03, 6.05492E+04, 6.35657E+04, 8.32790E+03,
 1.19795E+04, 1.13647E+04, 7.80169E+03, 5.78929E+04, 6.23012E+04, 7.91441E+03,
 4.00061E+03, 6.54574E+03, 1.21239E+04, 5.38589E+04, 5.90574E+04, 7.92576E+03,
 9.33905E+03, 1.19446E+04, 1.79343E+04, 4.88783E+04, 5.32672E+04, 7.38648E+03,
 1.95786E+04, 2.23620E+04, 2.43345E+04, 4.12711E+04, 4.44655E+04, 6.46871E+03,
 3.05303E+04, 3.39071E+04, 3.02054E+04, 3.18385E+04, 3.41588E+04, 5.75606E+03,
 4.11250E+04, 4.44129E+04, 3.45764E+04, 2.11441E+04, 2.33348E+04, 6.27483E+03,
 5.16595E+04, 5.41253E+04, 3.64870E+04, 9.50407E+03, 1.24803E+04, 8.56412E+03,
 6.18269E+04, 6.31749E+04, 3.68279E+04, 5.28977E+03, 4.05549E+03, 1.10363E+04,
 7.04838E+04, 7.11543E+04, 3.80093E+04, 1.49048E+04, 1.14922E+04, 1.12796E+04,
 7.54510E+04, 7.61071E+04, 4.02665E+04, 2.20656E+04, 1.99299E+04, 8.97549E+03,
 7.53623E+04, 7.64811E+04, 4.17341E+04, 2.58520E+04, 2.49004E+04, 7.08925E+03,
 7.14744E+04, 7.25621E+04, 4.10941E+04, 2.79043E+04, 2.77905E+04, 8.34559E+03,
 6.50908E+04, 6.56298E+04, 3.85325E+04, 2.83874E+04, 2.77801E+04, 1.22603E+04,
 5.68636E+04, 5.67648E+04, 3.50469E+04, 2.49797E+04, 2.36502E+04, 1.77646E+04,
 4.75700E+04, 4.70822E+04, 3.16077E+04, 1.87370E+04, 1.74214E+04, 2.23870E+04,
 3.77327E+04, 3.72709E+04, 2.96883E+04, 1.10942E+04, 1.04826E+04, 2.51942E+04,
 2.64591E+04, 2.66036E+04, 3.02408E+04, 2.83293E+03, 4.18956E+03, 2.63368E+04,
 1.47509E+04, 1.53226E+04, 3.28208E+04, 6.95945E+03, 5.96877E+03, 2.79000E+04,
 4.76088E+03, 4.96933E+03, 3.48089E+04, 1.58612E+04, 1.43088E+04, 3.15344E+04,
 5.37579E+03, 5.64320E+03, 3.43994E+04, 2.24720E+04, 2.19192E+04, 3.74911E+04,
 1.02713E+04, 1.16069E+04, 3.25275E+04, 2.66435E+04, 2.71279E+04, 4.34332E+04,
 1.39262E+04, 1.54004E+04, 3.17949E+04, 2.95332E+04, 3.03847E+04, 4.67880E+04,
 1.59544E+04, 1.67647E+04, 3.25644E+04, 3.11418E+04, 3.09008E+04, 4.78245E+04,
 1.62788E+04, 1.59961E+04, 3.38679E+04, 2.94314E+04, 2.76439E+04, 4.68931E+04,
 1.55554E+04, 1.49050E+04, 3.47231E+04, 2.46076E+04, 2.21132E+04, 4.52416E+04,
 1.47302E+04, 1.42423E+04, 3.36999E+04, 1.76717E+04, 1.58716E+04, 4.35817E+04,
 1.19252E+04, 1.27602E+04, 2.99475E+04, 8.95981E+03, 8.94564E+03, 4.25779E+04,
 7.92273E+03, 1.00630E+04, 2.40418E+04, 2.18794E+03, 2.52516E+03, 4.08577E+04,
 4.54411E+03, 7.22060E+03, 1.80501E+04, 9.53717E+03, 7.20450E+03, 3.66958E+04,
 3.92547E+03, 5.70255E+03, 1.38600E+04, 1.72883E+04, 1.63267E+04, 2.97321E+04,
 5.02618E+03, 5.44924E+03, 1.10038E+04, 2.38979E+04, 2.49387E+04, 2.20923E+04,
 6.22585E+03, 5.70346E+03, 7.07551E+03, 2.94006E+04, 3.14101E+04, 1.63255E+04,
 8.55411E+03, 7.76921E+03, 1.75075E+03, 3.22818E+04, 3.35815E+04, 1.28536E+04,
 1.31096E+04, 1.31947E+04, 6.19015E+03, 3.12092E+04, 3.05867E+04, 1.04936E+04,
 1.99418E+04, 2.06975E+04, 1.33358E+04, 2.64809E+04, 2.39008E+04, 8.83279E+03,
 2.81517E+04, 2.93664E+04, 1.86051E+04, 1.82111E+04, 1.52586E+04, 8.02391E+03,
 3.86159E+04, 3.88121E+04, 2.13862E+04, 6.63984E+03, 4.34450E+03, 6.91355E+03,
 5.05431E+04, 4.89627E+04, 2.23288E+04, 8.73827E+03, 7.67200E+03, 6.09831E+03,
 6.24178E+04, 5.92490E+04, 2.36041E+04, 2.21898E+04, 2.04871E+04, 6.65374E+03,
 7.22838E+04, 6.86385E+04, 2.66648E+04, 3.54499E+04, 3.46915E+04, 9.72738E+03,
 8.07479E+04, 7.77195E+04, 3.06074E+04, 4.86852E+04, 4.99585E+04, 1.38546E+04,
 8.88724E+04, 8.69102E+04, 3.30683E+04, 6.12373E+04, 6.40072E+04, 1.64755E+04,
 9.59444E+04, 9.44397E+04, 3.37571E+04, 7.07866E+04, 7.39706E+04, 1.67160E+04,
 1.00790E+05, 9.87827E+04, 3.27189E+04, 7.61886E+04, 7.82864E+04, 1.58657E+04,
 1.03233E+05, 1.00344E+05, 3.13155E+04, 7.86884E+04, 7.92517E+04, 1.42519E+04,
 1.02887E+05, 9.88923E+04, 3.14688E+04, 7.86330E+04, 7.85224E+04, 1.17159E+04,
 9.95770E+04, 9.53247E+04, 3.37216E+04, 7.44912E+04, 7.46580E+04, 9.53496E+03,
 9.45744E+04, 9.11445E+04, 3.76131E+04, 6.76959E+04, 6.91494E+04, 7.73176E+03,
 8.84011E+04, 8.62241E+04, 4.01463E+04, 5.96206E+04, 6.19450E+04, 6.86398E+03,
 8.15551E+04, 8.01885E+04, 3.91896E+04, 5.13531E+04, 5.31482E+04, 8.85322E+03,
 7.32178E+04, 7.22584E+04, 3.56648E+04, 4.23787E+04, 4.27169E+04, 1.49184E+04,
 6.34307E+04, 6.21699E+04, 3.23429E+04, 3.29828E+04, 3.21941E+04, 2.11513E+04,
 5.34846E+04, 5.21194E+04, 3.00424E+04, 2.51601E+04, 2.36658E+04, 2.48233E+04,
 4.42099E+04, 4.29542E+04, 2.80503E+04, 1.98708E+04, 1.87701E+04, 2.59837E+04,
 3.56044E+04, 3.47748E+04, 2.54071E+04, 1.64910E+04, 1.58019E+04, 2.51628E+04,
 2.89037E+04, 2.88982E+04, 2.09942E+04, 1.46218E+04, 1.40789E+04, 2.31991E+04,
 2.54642E+04, 2.63021E+04, 1.41868E+04, 1.59577E+04, 1.52391E+04, 2.08438E+04,
 2.36644E+04, 2.50758E+04, 5.81041E+03, 2.03577E+04, 1.88061E+04, 1.87175E+04,
 2.34252E+04, 2.49899E+04, 6.12047E+03, 2.71505E+04, 2.51669E+04, 1.57559E+04,
 2.54795E+04, 2.71312E+04, 1.09377E+04, 3.49316E+04, 3.36432E+04, 1.12515E+04,
 3.01214E+04, 3.18988E+04, 1.34379E+04, 4.29364E+04, 4.30712E+04, 7.82713E+03,
 3.70999E+04, 3.94035E+04, 1.58420E+04, 5.11255E+04, 5.18212E+04, 1.06785E+04,
 4.42074E+04, 4.66665E+04, 1.93634E+04, 5.84177E+04, 5.87707E+04, 1.54101E+04,
 5.07986E+04, 5.29691E+04, 2.31510E+04, 6.43106E+04, 6.32448E+04, 1.83781E+04,
 5.76880E+04, 5.92769E+04, 2.60263E+04, 6.84153E+04, 6.62655E+04, 1.85274E+04,
 6.29758E+04, 6.42854E+04, 2.77918E+04, 6.96949E+04, 6.71046E+04, 1.68781E+04,
 6.45745E+04, 6.61515E+04, 2.75381E+04, 6.63827E+04, 6.45764E+04, 1.49169E+04,
 6.33721E+04, 6.60819E+04, 2.54112E+04, 5.96388E+04, 5.92665E+04, 1.38902E+04,
 6.00731E+04, 6.38945E+04, 2.26536E+04, 5.02194E+04, 5.05959E+04, 1.24120E+04,
 5.45470E+04, 5.86080E+04, 2.17648E+04, 3.95517E+04, 3.93619E+04, 8.72109E+03,
 4.72607E+04, 5.04140E+04, 2.33624E+04, 2.89959E+04, 2.69710E+04, 4.97520E+03,
 3.77289E+04, 3.95287E+04, 2.51839E+04, 1.92134E+04, 1.57431E+04, 8.80482E+03,
 2.75037E+04, 2.87393E+04, 2.61412E+04, 9.62735E+03, 6.14551E+03, 1.46834E+04,
 1.69527E+04, 1.87729E+04, 2.62293E+04, 1.34011E+03, 3.24452E+03, 1.94849E+04,
 5.14051E+03, 8.11592E+03, 2.68625E+04, 1.08542E+04, 1.17648E+04, 2.25403E+04,
 7.00593E+03, 3.70921E+03, 2.83604E+04, 1.89572E+04, 1.88284E+04, 2.42969E+04,
 1.58579E+04, 1.21132E+04, 3.07259E+04, 2.23392E+04, 2.24854E+04, 2.60700E+04,
 2.18786E+04, 1.96438E+04, 3.34582E+04, 2.27747E+04, 2.42630E+04, 2.98917E+04,
 2.45465E+04, 2.42816E+04, 3.57365E+04, 2.03244E+04, 2.31901E+04, 3.40637E+04,
 2.35477E+04, 2.44700E+04, 3.52510E+04, 1.60486E+04, 1.88899E+04, 3.55812E+04,
 2.05946E+04, 2.09639E+04, 3.14608E+04, 1.06594E+04, 1.19430E+04, 3.40706E+04,
 1.50768E+04, 1.38799E+04, 2.64398E+04, 5.81741E+03, 4.43050E+03, 3.17923E+04,
 8.46223E+03, 5.51203E+03, 2.11417E+04, 6.38516E+03, 6.42576E+03, 3.12739E+04,
 7.42320E+03, 6.45128E+03, 1.54634E+04, 1.45888E+04, 1.52552E+04, 3.26254E+04,
 1.77665E+04, 1.71426E+04, 9.16499E+03, 2.59350E+04, 2.59479E+04, 3.56186E+04,
 3.02332E+04, 2.84230E+04, 5.86262E+03, 3.68352E+04, 3.59396E+04, 3.96564E+04,
 4.11506E+04, 3.83346E+04, 1.32789E+04, 4.42972E+04, 4.32680E+04, 4.27790E+04,
 4.99537E+04, 4.77753E+04, 2.40085E+04, 4.99775E+04, 4.98211E+04, 4.39368E+04,
 5.52347E+04, 5.45732E+04, 3.50459E+04, 5.37431E+04, 5.49903E+04, 4.39408E+04,
 5.54798E+04, 5.60612E+04, 4.36743E+04, 5.60554E+04, 5.78886E+04, 4.54750E+04,
 5.34961E+04, 5.37229E+04, 4.93343E+04, 5.69800E+04, 5.86379E+04, 5.04135E+04,
 4.88204E+04, 4.81105E+04, 5.31090E+04, 5.67865E+04, 5.74421E+04, 5.60376E+04,
 4.21197E+04, 4.04165E+04, 5.65720E+04, 5.54072E+04, 5.56658E+04, 5.93990E+04,
 3.30029E+04, 3.11436E+04, 5.90727E+04, 5.28168E+04, 5.34910E+04, 5.94521E+04,
 2.18859E+04, 2.09101E+04, 6.03850E+04, 4.91024E+04, 5.04998E+04, 5.70195E+04,
 1.15507E+04, 1.17516E+04, 6.05461E+04, 4.61023E+04, 4.83380E+04, 5.30128E+04,
 5.46022E+03, 6.10595E+03, 5.88931E+04, 4.50496E+04, 4.76594E+04, 4.96955E+04,
 1.02468E+04, 9.81068E+03, 5.46412E+04, 4.40892E+04, 4.63908E+04, 4.81548E+04,
 1.62069E+04, 1.62413E+04, 4.89831E+04, 4.39776E+04, 4.57089E+04, 4.75764E+04,
 1.81252E+04, 1.86604E+04, 4.48777E+04, 4.45265E+04, 4.61555E+04, 4.54285E+04,
 1.76508E+04, 1.74328E+04, 4.33356E+04, 4.57244E+04, 4.77225E+04, 3.92370E+04,
 1.41148E+04, 1.28189E+04, 4.43083E+04, 4.84428E+04, 5.10368E+04, 3.12825E+04,
 9.10720E+03, 6.12358E+03, 4.55983E+04, 5.38540E+04, 5.62735E+04, 2.41691E+04,
 9.57193E+03, 7.94399E+03, 4.72798E+04, 6.10505E+04, 6.27114E+04, 1.99308E+04,
 2.13211E+04, 2.05921E+04, 4.98945E+04, 6.94990E+04, 6.99093E+04, 1.81531E+04,
 3.61239E+04, 3.50091E+04, 5.27071E+04, 7.76283E+04, 7.69810E+04, 1.71672E+04,
 5.05568E+04, 4.94262E+04, 5.60660E+04, 8.53026E+04, 8.41119E+04, 1.51321E+04,
 6.54001E+04, 6.50701E+04, 6.11952E+04, 9.46023E+04, 9.37242E+04, 1.14490E+04,
 7.85859E+04, 8.00597E+04, 6.79575E+04, 1.03254E+05, 1.02893E+05, 8.09563E+03,
 8.83717E+04, 9.09552E+04, 7.40474E+04, 1.10538E+05, 1.10161E+05, 8.08526E+03,
 9.58917E+04, 9.81768E+04, 7.69543E+04, 1.17242E+05, 1.15766E+05, 9.24368E+03,
 9.96260E+04, 1.00759E+05, 7.63460E+04, 1.21695E+05, 1.18568E+05, 9.66291E+03,
 9.91167E+04, 9.90762E+04, 7.40531E+04, 1.21919E+05, 1.17939E+05, 9.81293E+03,
 9.37855E+04, 9.37673E+04, 7.06749E+04, 1.18319E+05, 1.14443E+05, 1.08004E+04,
 8.46248E+04, 8.55374E+04, 6.62946E+04, 1.11796E+05, 1.09186E+05, 1.35816E+04,
 7.28874E+04, 7.52233E+04, 6.13654E+04, 1.04488E+05, 1.03156E+05, 1.74458E+04,
 6.10416E+04, 6.41653E+04, 5.53975E+04, 9.62988E+04, 9.56008E+04, 2.05656E+04,
 4.92583E+04, 5.19522E+04, 4.75033E+04, 8.52976E+04, 8.41414E+04, 2.05871E+04,
 3.92512E+04, 4.01282E+04, 3.75206E+04, 7.39537E+04, 7.16372E+04, 1.78217E+04,
 3.16570E+04, 3.08210E+04, 2.64049E+04, 6.33108E+04, 6.00156E+04, 1.54875E+04,
 2.40520E+04, 2.26638E+04, 1.82741E+04, 5.19810E+04, 4.89478E+04, 1.44763E+04,
 1.81575E+04, 1.77423E+04, 1.33080E+04, 4.12575E+04, 3.92616E+04, 1.40602E+04,
 1.54639E+04, 1.67354E+04, 1.02397E+04, 3.25049E+04, 3.17034E+04, 1.11905E+04,
 1.61016E+04, 1.83772E+04, 8.50435E+03, 2.60092E+04, 2.58629E+04, 5.18858E+03,
 1.94487E+04, 2.18458E+04, 7.37587E+03, 2.26553E+04, 2.20074E+04, 3.59449E+03,
 2.54922E+04, 2.70344E+04, 6.62410E+03, 2.16525E+04, 1.99314E+04, 1.19833E+04,
 3.30343E+04, 3.35997E+04, 5.90597E+03, 2.29594E+04, 2.02487E+04, 1.97649E+04,
 4.11752E+04, 4.18373E+04, 5.40333E+03, 2.75406E+04, 2.45971E+04, 2.51437E+04,
 4.76183E+04, 4.95076E+04, 9.77118E+03, 3.30465E+04, 3.09897E+04, 2.80871E+04,
 5.23429E+04, 5.57290E+04, 1.67642E+04, 3.89079E+04, 3.81990E+04, 3.11023E+04,
 5.84161E+04, 6.26577E+04, 2.19019E+04, 4.66059E+04, 4.60217E+04, 3.53870E+04,
 6.40736E+04, 6.74830E+04, 2.42223E+04, 5.45844E+04, 5.34585E+04, 4.08115E+04,
 6.66508E+04, 6.87711E+04, 2.41136E+04, 6.16377E+04, 5.93402E+04, 4.39211E+04,
 6.57135E+04, 6.67773E+04, 2.28694E+04, 6.75615E+04, 6.45876E+04, 4.36188E+04,
 6.17478E+04, 6.24459E+04, 2.19527E+04, 6.96225E+04, 6.70452E+04, 4.18351E+04,
 5.44773E+04, 5.55291E+04, 2.14607E+04, 6.68149E+04, 6.52626E+04, 3.95126E+04,
 4.44185E+04, 4.60108E+04, 2.07829E+04, 6.00201E+04, 5.96613E+04, 3.78937E+04,
 3.23698E+04, 3.39845E+04, 1.76097E+04, 5.00469E+04, 5.01888E+04, 3.82587E+04,
 2.12767E+04, 2.21966E+04, 1.04730E+04, 3.93969E+04, 3.91018E+04, 4.05277E+04,
 1.17867E+04, 1.22478E+04, 2.67100E+03, 2.82816E+04, 2.72888E+04, 4.35082E+04,
 2.45756E+03, 5.30701E+03, 3.16060E+03, 1.51364E+04, 1.48301E+04, 4.57475E+04,
 9.11257E+03, 1.07247E+04, 5.16829E+03, 4.38449E+03, 7.20123E+03, 4.71615E+04,
 1.66913E+04, 1.68662E+04, 4.40727E+03, 1.21319E+04, 1.25713E+04, 5.00987E+04,
 2.15092E+04, 2.07475E+04, 3.18879E+03, 2.36257E+04, 2.25366E+04, 5.54442E+04,
 2.36729E+04, 2.26398E+04, 2.82059E+03, 3.23088E+04, 3.10143E+04, 6.23433E+04,
 2.25609E+04, 2.21388E+04, 3.93776E+03, 3.63636E+04, 3.55429E+04, 6.95084E+04,
 1.89559E+04, 1.93864E+04, 5.48048E+03, 3.62236E+04, 3.59833E+04, 7.58391E+04,
 1.33494E+04, 1.43787E+04, 5.66702E+03, 3.30263E+04, 3.25108E+04, 7.99569E+04,
 8.02588E+03, 8.73851E+03, 4.11526E+03, 2.91819E+04, 2.71694E+04, 8.12772E+04,
 7.04556E+03, 8.50964E+03, 8.26964E+03, 2.37524E+04, 2.03727E+04, 7.99360E+04,
 1.41451E+04, 1.67486E+04, 1.30447E+04, 1.53391E+04, 1.13239E+04, 7.74508E+04,
 2.36338E+04, 2.59738E+04, 1.42092E+04, 1.00448E+04, 7.02693E+03, 7.36060E+04,
 3.34086E+04, 3.49197E+04, 1.25660E+04, 1.54213E+04, 1.34718E+04, 6.68265E+04,
 4.37501E+04, 4.44754E+04, 1.11757E+04, 2.58470E+04, 2.37821E+04, 5.79287E+04,
 5.30533E+04, 5.38439E+04, 1.04364E+04, 3.56977E+04, 3.41501E+04, 4.71804E+04,
 6.00942E+04, 6.17274E+04, 1.09753E+04, 4.27470E+04, 4.25814E+04, 3.53624E+04,
 6.59600E+04, 6.86317E+04, 1.25934E+04, 4.66428E+04, 4.77937E+04, 2.29658E+04,
 6.99687E+04, 7.29039E+04, 1.29792E+04, 4.72549E+04, 4.86562E+04, 1.17228E+04,
 7.22361E+04, 7.43622E+04, 1.07653E+04, 4.59974E+04, 4.57362E+04, 5.49148E+03,
 7.22845E+04, 7.28062E+04, 7.84271E+03, 4.18976E+04, 3.97501E+04, 8.24464E+03,
 6.90210E+04, 6.86851E+04, 6.18582E+03, 3.33153E+04, 3.02980E+04, 1.38647E+04,
 6.56291E+04, 6.53625E+04, 6.01800E+03, 2.18875E+04, 2.02300E+04, 1.89066E+04,
 6.19978E+04, 6.28336E+04, 8.79260E+03, 1.08591E+04, 1.17890E+04, 2.16972E+04,
 5.73569E+04, 5.95685E+04, 1.27990E+04, 4.07238E+03, 7.38140E+03, 2.28218E+04,
 5.32498E+04, 5.59069E+04, 1.60010E+04, 1.12180E+04, 1.25508E+04, 2.30322E+04,
 5.11023E+04, 5.32924E+04, 1.71239E+04, 1.71009E+04, 1.92451E+04, 2.23616E+04,
 5.00471E+04, 5.08480E+04, 1.69842E+04, 2.13608E+04, 2.47953E+04, 2.04283E+04,
 5.02035E+04, 4.97982E+04, 1.81767E+04, 2.28531E+04, 2.69226E+04, 1.77913E+04,
 5.13949E+04, 5.08755E+04, 2.18486E+04, 2.15570E+04, 2.45977E+04, 1.68116E+04,
 5.44387E+04, 5.50737E+04, 2.67956E+04, 1.72622E+04, 1.85988E+04, 1.77093E+04,
 6.02583E+04, 6.20742E+04, 2.99583E+04, 9.14298E+03, 9.03482E+03, 1.91418E+04,
 6.59531E+04, 6.84125E+04, 2.89725E+04, 5.21931E+03, 4.61812E+03, 2.10476E+04,
 7.17863E+04, 7.35115E+04, 2.56264E+04, 1.59000E+04, 1.44839E+04, 2.37004E+04,
 7.87552E+04, 7.89411E+04, 2.24275E+04, 2.91089E+04, 2.68259E+04, 2.80898E+04,
 8.58449E+04, 8.47438E+04, 2.15873E+04, 4.11331E+04, 3.86335E+04, 3.30119E+04,
 9.13080E+04, 8.98966E+04, 2.35172E+04, 5.14298E+04, 4.99247E+04, 3.82151E+04,
 9.55758E+04, 9.49539E+04, 2.72355E+04, 6.15605E+04, 6.15424E+04, 4.45999E+04,
 9.80465E+04, 9.85114E+04, 3.03367E+04, 7.05298E+04, 7.16221E+04, 5.13430E+04,
 9.86568E+04, 9.93482E+04, 3.03821E+04, 7.71153E+04, 7.80332E+04, 5.56153E+04,
 9.69726E+04, 9.67874E+04, 2.89764E+04, 8.00360E+04, 7.99207E+04, 5.57836E+04,
 9.40642E+04, 9.30360E+04, 2.87267E+04, 7.95367E+04, 7.88637E+04, 5.43772E+04,
