 1.28431E-06, 1.25167E-06, 1.25381E-06, 6.16940E-07, 6.58857E-07,
 1.28431E-06, 1.25167E-06, 1.25381E-06, 6.16940E-07, 6.58857E-07,
 1.28431E-06, 1.25167E-06, 1.25381E-06, 6.16940E-07, 6.58857E-07,
 1.28431E-06, 1.25167E-06, 1.25381E-06, 6.16940E-07, 6.58857E-07,
 1.28431E-06, 1.25167E-06, 1.25381E-06, 6.16940E-07, 6.58857E-07,
 1.28431E-06, 1.25167E-06, 1.25381E-06, 6.16940E-07, 6.58857E-07,
 1.28431E-06, 1.25167E-06, 1.25381E-06, 6.16940E-07, 6.58857E-07,
 1.28431E-06, 1.25167E-06, 1.25381E-06, 6.16940E-07, 6.58857E-07,
 1.28431E-06, 1.25167E-06, 1.25381E-06, 6.16940E-07, 6.58857E-07,
 1.28431E-06, 1.25167E-06, 1.25381E-06, 6.16940E-07, 6.58857E-07,
 1.28432E-06, 1.25168E-06, 1.25381E-06, 6.16943E-07, 6.58850E-07,
 1.28435E-06, 1.25166E-06, 1.25376E-06, 6.16925E-07, 6.58801E-07,
 1.28446E-06, 1.25156E-06, 1.25360E-06, 6.16860E-07, 6.58741E-07,
 1.28461E-06, 1.25138E-06, 1.25325E-06, 6.16716E-07, 6.58420E-07,
 1.28471E-06, 1.25110E-06, 1.25258E-06, 6.16318E-07, 6.57623E-07,
 1.28460E-06, 1.25056E-06, 1.25157E-06, 6.15492E-07, 6.56098E-07,
 1.28411E-06, 1.24969E-06, 1.25016E-06, 6.13935E-07, 6.53673E-07,
 1.28314E-06, 1.24833E-06, 1.24827E-06, 6.11400E-07, 6.50130E-07,
 1.28159E-06, 1.24637E-06, 1.24567E-06, 6.07800E-07, 6.45174E-07,
 1.27934E-06, 1.24382E-06, 1.24216E-06, 6.03093E-07, 6.38721E-07,
 1.27625E-06, 1.24056E-06, 1.23770E-06, 5.97356E-07, 6.30636E-07,
 1.27212E-06, 1.23636E-06, 1.23227E-06, 5.90559E-07, 6.21137E-07,
 1.26671E-06, 1.23091E-06, 1.22600E-06, 5.82664E-07, 6.10362E-07,
 1.25991E-06, 1.22397E-06, 1.21887E-06, 5.73707E-07, 5.98851E-07,
 1.25167E-06, 1.21551E-06, 1.21072E-06, 5.64013E-07, 5.87022E-07,
 1.24200E-06, 1.20551E-06, 1.20127E-06, 5.53927E-07, 5.75039E-07,
 1.23085E-06, 1.19398E-06, 1.19036E-06, 5.43736E-07, 5.63217E-07,
 1.21806E-06, 1.18083E-06, 1.17807E-06, 5.33600E-07, 5.51903E-07,
 1.20348E-06, 1.16591E-06, 1.16459E-06, 5.23442E-07, 5.41676E-07,
 1.18707E-06, 1.14903E-06, 1.15005E-06, 5.13394E-07, 5.32753E-07,
 1.16890E-06, 1.13013E-06, 1.13433E-06, 5.03310E-07, 5.25429E-07,
 1.14906E-06, 1.10938E-06, 1.11719E-06, 4.93260E-07, 5.19932E-07,
 1.12758E-06, 1.08721E-06, 1.09834E-06, 4.83496E-07, 5.16131E-07,
 1.10443E-06, 1.06385E-06, 1.07765E-06, 4.74227E-07, 5.13779E-07,
 1.07960E-06, 1.03932E-06, 1.05513E-06, 4.65500E-07, 5.12548E-07,
 1.05308E-06, 1.01371E-06, 1.03102E-06, 4.57152E-07, 5.12670E-07,
 1.02498E-06, 9.86950E-07, 1.00543E-06, 4.49292E-07, 5.14136E-07,
 9.95498E-07, 9.59156E-07, 9.78315E-07, 4.42123E-07, 5.16665E-07,
 9.64829E-07, 9.30411E-07, 9.49670E-07, 4.35784E-07, 5.19908E-07,
 9.33020E-07, 9.00906E-07, 9.19392E-07, 4.30158E-07, 5.23581E-07,
 9.00011E-07, 8.70924E-07, 8.87659E-07, 4.25445E-07, 5.27451E-07,
 8.65829E-07, 8.40532E-07, 8.54755E-07, 4.21854E-07, 5.30733E-07,
 8.30719E-07, 8.09593E-07, 8.20805E-07, 4.19303E-07, 5.33003E-07,
 7.94979E-07, 7.77925E-07, 7.86256E-07, 4.17277E-07, 5.34012E-07,
 7.58813E-07, 7.45507E-07, 7.51371E-07, 4.15321E-07, 5.33703E-07,
 7.22356E-07, 7.12509E-07, 7.16354E-07, 4.13466E-07, 5.31615E-07,
 6.85731E-07, 6.79078E-07, 6.81385E-07, 4.11316E-07, 5.27257E-07,
 6.49087E-07, 6.45394E-07, 6.46523E-07, 4.08297E-07, 5.20430E-07,
 6.12594E-07, 6.11699E-07, 6.11853E-07, 4.04237E-07, 5.10871E-07,
 5.76494E-07, 5.78023E-07, 5.77635E-07, 3.98936E-07, 4.98346E-07,
 5.41044E-07, 5.44426E-07, 5.43820E-07, 3.92392E-07, 4.82482E-07,
 5.06451E-07, 5.11062E-07, 5.10485E-07, 3.83958E-07, 4.63419E-07,
 4.72835E-07, 4.78026E-07, 4.77928E-07, 3.73118E-07, 4.41637E-07,
 4.40183E-07, 4.45731E-07, 4.46252E-07, 3.60143E-07, 4.17398E-07,
 4.08597E-07, 4.14293E-07, 4.15684E-07, 3.45196E-07, 3.91044E-07,
 3.78340E-07, 3.83631E-07, 3.86148E-07, 3.28138E-07, 3.62867E-07,
 3.49570E-07, 3.53828E-07, 3.57622E-07, 3.08958E-07, 3.33179E-07,
 3.22278E-07, 3.24943E-07, 3.30110E-07, 2.88150E-07, 3.02262E-07,
 2.96254E-07, 2.97105E-07, 3.03563E-07, 2.66030E-07, 2.70526E-07,
 2.71292E-07, 2.70429E-07, 2.77908E-07, 2.42617E-07, 2.38636E-07,
 2.47273E-07, 2.44818E-07, 2.53159E-07, 2.17439E-07, 2.07092E-07,
 2.24079E-07, 2.20002E-07, 2.29102E-07, 1.90875E-07, 1.76312E-07,
 2.01517E-07, 1.95942E-07, 2.05693E-07, 1.63461E-07, 1.46396E-07,
 1.79445E-07, 1.72386E-07, 1.82635E-07, 1.35331E-07, 1.17647E-07,
 1.57703E-07, 1.49317E-07, 1.59469E-07, 1.06564E-07, 8.99978E-08,
 1.35961E-07, 1.26810E-07, 1.35997E-07, 7.73939E-08, 6.32260E-08,
 1.13923E-07, 1.04868E-07, 1.11964E-07, 4.85326E-08, 3.72888E-08,
 9.13917E-08, 8.33907E-08, 8.73712E-08, 2.01074E-08, 1.25732E-08,
 6.84219E-08, 6.19421E-08, 6.23804E-08,-8.09692E-09,-1.08351E-08,
 4.51386E-08, 3.99762E-08, 3.69945E-08,-3.56730E-08,-3.32805E-08,
 2.14686E-08, 1.72642E-08, 1.13202E-08,-6.21120E-08,-5.48257E-08,
-2.76925E-09,-6.09927E-09,-1.43766E-08,-8.69839E-08,-7.52468E-08,
-2.76905E-08,-3.02032E-08,-4.03024E-08,-1.10131E-07,-9.43849E-08,
-5.32761E-08,-5.51089E-08,-6.65714E-08,-1.31424E-07,-1.12801E-07,
-7.95579E-08,-8.09597E-08,-9.31508E-08,-1.50529E-07,-1.30739E-07,
-1.06606E-07,-1.08020E-07,-1.19841E-07,-1.67551E-07,-1.47700E-07,
-1.34471E-07,-1.36474E-07,-1.46390E-07,-1.82792E-07,-1.63132E-07,
-1.63165E-07,-1.66545E-07,-1.72818E-07,-1.96368E-07,-1.77511E-07,
-1.92744E-07,-1.98223E-07,-1.99344E-07,-2.08317E-07,-1.91129E-07,
-2.23399E-07,-2.31010E-07,-2.26123E-07,-2.19036E-07,-2.03723E-07,
-2.55193E-07,-2.64628E-07,-2.53415E-07,-2.28397E-07,-2.14727E-07,
-2.88002E-07,-2.98746E-07,-2.81446E-07,-2.36522E-07,-2.24472E-07,
-3.21571E-07,-3.33129E-07,-3.10581E-07,-2.43411E-07,-2.33545E-07,
-3.55748E-07,-3.67628E-07,-3.40851E-07,-2.49565E-07,-2.41412E-07,
-3.90499E-07,-4.02004E-07,-3.71976E-07,-2.55453E-07,-2.47396E-07,
-4.25728E-07,-4.35916E-07,-4.04021E-07,-2.60609E-07,-2.51383E-07,
-4.61242E-07,-4.69094E-07,-4.37069E-07,-2.65133E-07,-2.54027E-07,
-4.96773E-07,-5.01343E-07,-4.71201E-07,-2.69356E-07,-2.55209E-07,
-5.32141E-07,-5.32445E-07,-5.06354E-07,-2.73259E-07,-2.54713E-07,
-5.67239E-07,-5.62398E-07,-5.42211E-07,-2.76257E-07,-2.52868E-07,
-6.01936E-07,-5.91250E-07,-5.78392E-07,-2.78283E-07,-2.50527E-07,
-6.36154E-07,-6.19514E-07,-6.14842E-07,-2.79828E-07,-2.48126E-07,
-6.70052E-07,-6.47410E-07,-6.50998E-07,-2.81711E-07,-2.45680E-07,
-7.03855E-07,-6.75129E-07,-6.86347E-07,-2.83358E-07,-2.43594E-07,
-7.37552E-07,-7.03011E-07,-7.20588E-07,-2.84384E-07,-2.42315E-07,
-7.70858E-07,-7.31405E-07,-7.53411E-07,-2.85815E-07,-2.42602E-07,
-8.03516E-07,-7.60722E-07,-7.84783E-07,-2.88084E-07,-2.44725E-07,
-8.35544E-07,-7.90770E-07,-8.14408E-07,-2.90850E-07,-2.49114E-07,
-8.67037E-07,-8.21185E-07,-8.41906E-07,-2.93741E-07,-2.56328E-07,
-8.97773E-07,-8.51905E-07,-8.67430E-07,-2.97402E-07,-2.66172E-07,
-9.27388E-07,-8.82859E-07,-8.91076E-07,-3.03200E-07,-2.78901E-07,
-9.55552E-07,-9.13661E-07,-9.12808E-07,-3.11338E-07,-2.94312E-07,
-9.82004E-07,-9.43762E-07,-9.32703E-07,-3.20977E-07,-3.11952E-07,
-1.00646E-06,-9.72587E-07,-9.50871E-07,-3.32625E-07,-3.31484E-07,
-1.02866E-06,-9.99649E-07,-9.67930E-07,-3.47006E-07,-3.52656E-07,
-1.04861E-06,-1.02443E-06,-9.84457E-07,-3.63931E-07,-3.75513E-07,
-1.06652E-06,-1.04636E-06,-1.00061E-06,-3.82856E-07,-3.99459E-07,
-1.08263E-06,-1.06512E-06,-1.01679E-06,-4.03450E-07,-4.23672E-07,
-1.09697E-06,-1.08094E-06,-1.03357E-06,-4.26153E-07,-4.47463E-07,
-1.10975E-06,-1.09430E-06,-1.05104E-06,-4.51218E-07,-4.71178E-07,
-1.12149E-06,-1.10572E-06,-1.06932E-06,-4.77408E-07,-4.94339E-07,
-1.13296E-06,-1.11542E-06,-1.08808E-06,-5.04137E-07,-5.16507E-07,
-1.14466E-06,-1.12398E-06,-1.10716E-06,-5.31500E-07,-5.37575E-07,
-1.15674E-06,-1.13203E-06,-1.12696E-06,-5.59250E-07,-5.58072E-07,
-1.16934E-06,-1.13997E-06,-1.14741E-06,-5.86887E-07,-5.79163E-07,
-1.18271E-06,-1.14827E-06,-1.16806E-06,-6.13544E-07,-5.99817E-07,
-1.19699E-06,-1.15732E-06,-1.18825E-06,-6.39196E-07,-6.19623E-07,
-1.21197E-06,-1.16785E-06,-1.20741E-06,-6.64237E-07,-6.38907E-07,
-1.22738E-06,-1.18040E-06,-1.22523E-06,-6.88554E-07,-6.58242E-07,
-1.24307E-06,-1.19481E-06,-1.24131E-06,-7.11792E-07,-6.77492E-07,
-1.25886E-06,-1.21046E-06,-1.25533E-06,-7.33886E-07,-6.95837E-07,
-1.27431E-06,-1.22715E-06,-1.26763E-06,-7.54377E-07,-7.13626E-07,
-1.28894E-06,-1.24486E-06,-1.27874E-06,-7.73303E-07,-7.31750E-07,
-1.30273E-06,-1.26339E-06,-1.28871E-06,-7.90234E-07,-7.50091E-07,
-1.31601E-06,-1.28249E-06,-1.29737E-06,-8.04773E-07,-7.67022E-07,
-1.32905E-06,-1.30208E-06,-1.30475E-06,-8.17167E-07,-7.82474E-07,
-1.34182E-06,-1.32220E-06,-1.31182E-06,-8.27271E-07,-7.96968E-07,
-1.35448E-06,-1.34258E-06,-1.31960E-06,-8.35413E-07,-8.10320E-07,
-1.36761E-06,-1.36255E-06,-1.32868E-06,-8.41490E-07,-8.21811E-07,
-1.38178E-06,-1.38157E-06,-1.33999E-06,-8.44571E-07,-8.30497E-07,
-1.39738E-06,-1.39973E-06,-1.35427E-06,-8.44681E-07,-8.37434E-07,
-1.41466E-06,-1.41745E-06,-1.37172E-06,-8.42625E-07,-8.42653E-07,
-1.43395E-06,-1.43495E-06,-1.39209E-06,-8.38823E-07,-8.45181E-07,
-1.45544E-06,-1.45217E-06,-1.41496E-06,-8.33671E-07,-8.44709E-07,
-1.47893E-06,-1.46930E-06,-1.44024E-06,-8.26889E-07,-8.41743E-07,
-1.50399E-06,-1.48635E-06,-1.46806E-06,-8.18821E-07,-8.37417E-07,
-1.53026E-06,-1.50329E-06,-1.49787E-06,-8.10019E-07,-8.31844E-07,
-1.55754E-06,-1.52014E-06,-1.52867E-06,-7.99947E-07,-8.25217E-07,
-1.58541E-06,-1.53712E-06,-1.55949E-06,-7.88266E-07,-8.17919E-07,
-1.61314E-06,-1.55460E-06,-1.58940E-06,-7.75834E-07,-8.11092E-07,
-1.64001E-06,-1.57291E-06,-1.61777E-06,-7.63688E-07,-8.04629E-07,
-1.66560E-06,-1.59181E-06,-1.64406E-06,-7.52238E-07,-7.98371E-07,
-1.68979E-06,-1.61067E-06,-1.66799E-06,-7.40988E-07,-7.92814E-07,
-1.71233E-06,-1.62948E-06,-1.68937E-06,-7.29681E-07,-7.87960E-07,
-1.73298E-06,-1.64822E-06,-1.70809E-06,-7.19500E-07,-7.84528E-07,
-1.75165E-06,-1.66697E-06,-1.72410E-06,-7.10465E-07,-7.82300E-07,
-1.76848E-06,-1.68560E-06,-1.73709E-06,-7.02041E-07,-7.81388E-07,
-1.78360E-06,-1.70375E-06,-1.74722E-06,-6.94107E-07,-7.81867E-07,
-1.79694E-06,-1.72116E-06,-1.75517E-06,-6.87204E-07,-7.83616E-07,
-1.80857E-06,-1.73760E-06,-1.76140E-06,-6.82234E-07,-7.86567E-07,
-1.81868E-06,-1.75257E-06,-1.76616E-06,-6.78752E-07,-7.90449E-07,
-1.82747E-06,-1.76561E-06,-1.76954E-06,-6.76210E-07,-7.95144E-07,
-1.83471E-06,-1.77652E-06,-1.77155E-06,-6.75390E-07,-8.00174E-07,
-1.84004E-06,-1.78501E-06,-1.77257E-06,-6.77370E-07,-8.05658E-07,
-1.84318E-06,-1.79040E-06,-1.77310E-06,-6.81997E-07,-8.11389E-07,
-1.84401E-06,-1.79186E-06,-1.77296E-06,-6.89102E-07,-8.16957E-07,
-1.84235E-06,-1.78909E-06,-1.77227E-06,-6.99069E-07,-8.21681E-07,
-1.83782E-06,-1.78234E-06,-1.77065E-06,-7.12427E-07,-8.25217E-07,
-1.83016E-06,-1.77217E-06,-1.76734E-06,-7.29374E-07,-8.28196E-07,
-1.81930E-06,-1.75902E-06,-1.76167E-06,-7.48638E-07,-8.30489E-07,
-1.80527E-06,-1.74294E-06,-1.75312E-06,-7.69550E-07,-8.32069E-07,
-1.78804E-06,-1.72415E-06,-1.74182E-06,-7.92014E-07,-8.33094E-07,
-1.76768E-06,-1.70328E-06,-1.72799E-06,-8.15382E-07,-8.34173E-07,
-1.74460E-06,-1.68077E-06,-1.71155E-06,-8.39133E-07,-8.35840E-07,
-1.71942E-06,-1.65750E-06,-1.69200E-06,-8.62677E-07,-8.37145E-07,
-1.69269E-06,-1.63448E-06,-1.66899E-06,-8.86010E-07,-8.37440E-07,
-1.66481E-06,-1.61229E-06,-1.64273E-06,-9.08806E-07,-8.36956E-07,
-1.63612E-06,-1.59132E-06,-1.61413E-06,-9.30726E-07,-8.35953E-07,
-1.60716E-06,-1.57115E-06,-1.58406E-06,-9.51286E-07,-8.33715E-07,
-1.57853E-06,-1.55134E-06,-1.55339E-06,-9.70168E-07,-8.29482E-07,
-1.55066E-06,-1.53210E-06,-1.52278E-06,-9.87289E-07,-8.23186E-07,
-1.52381E-06,-1.51391E-06,-1.49226E-06,-1.00253E-06,-8.15041E-07,
-1.49817E-06,-1.49710E-06,-1.46188E-06,-1.01618E-06,-8.04778E-07,
-1.47395E-06,-1.48154E-06,-1.43169E-06,-1.02771E-06,-7.91434E-07,
-1.45109E-06,-1.46652E-06,-1.40222E-06,-1.03684E-06,-7.75664E-07,
-1.42940E-06,-1.45133E-06,-1.37453E-06,-1.04309E-06,-7.58327E-07,
-1.40860E-06,-1.43532E-06,-1.34921E-06,-1.04652E-06,-7.39837E-07,
-1.38864E-06,-1.41803E-06,-1.32593E-06,-1.04714E-06,-7.20249E-07,
-1.36936E-06,-1.39964E-06,-1.30424E-06,-1.04426E-06,-6.99355E-07,
-1.35036E-06,-1.38035E-06,-1.28343E-06,-1.03816E-06,-6.77944E-07,
-1.33114E-06,-1.36032E-06,-1.26339E-06,-1.02918E-06,-6.56328E-07,
-1.31144E-06,-1.33923E-06,-1.24446E-06,-1.01747E-06,-6.34365E-07,
-1.29135E-06,-1.31630E-06,-1.22663E-06,-1.00238E-06,-6.12111E-07,
-1.27092E-06,-1.29146E-06,-1.21010E-06,-9.83234E-07,-5.89794E-07,
-1.25019E-06,-1.26535E-06,-1.19445E-06,-9.60258E-07,-5.67373E-07,
-1.22916E-06,-1.23876E-06,-1.17903E-06,-9.33953E-07,-5.44902E-07,
-1.20807E-06,-1.21258E-06,-1.16322E-06,-9.03810E-07,-5.21984E-07,
-1.18715E-06,-1.18701E-06,-1.14676E-06,-8.69293E-07,-4.98244E-07,
-1.16658E-06,-1.16193E-06,-1.12989E-06,-8.30809E-07,-4.73842E-07,
-1.14646E-06,-1.13749E-06,-1.11327E-06,-7.88676E-07,-4.48566E-07,
-1.12701E-06,-1.11360E-06,-1.09679E-06,-7.43152E-07,-4.22747E-07,
-1.10850E-06,-1.09057E-06,-1.07983E-06,-6.93884E-07,-3.96470E-07,
-1.09093E-06,-1.06886E-06,-1.06193E-06,-6.41114E-07,-3.69740E-07,
-1.07401E-06,-1.04861E-06,-1.04258E-06,-5.86155E-07,-3.43133E-07,
-1.05728E-06,-1.02951E-06,-1.02203E-06,-5.29451E-07,-3.17298E-07,
-1.04046E-06,-1.01058E-06,-1.00054E-06,-4.71189E-07,-2.92747E-07,
-1.02316E-06,-9.90646E-07,-9.78067E-07,-4.12147E-07,-2.69652E-07,
-1.00479E-06,-9.69284E-07,-9.54470E-07,-3.53301E-07,-2.48183E-07,
-9.84573E-07,-9.46411E-07,-9.29201E-07,-2.95840E-07,-2.28979E-07,
-9.61841E-07,-9.21636E-07,-9.01627E-07,-2.40204E-07,-2.12499E-07,
-9.35990E-07,-8.94380E-07,-8.71506E-07,-1.86586E-07,-1.98364E-07,
-9.06469E-07,-8.63361E-07,-8.39148E-07,-1.35839E-07,-1.86419E-07,
-8.72725E-07,-8.27711E-07,-8.05340E-07,-8.86481E-08,-1.77106E-07,
-8.34491E-07,-7.87086E-07,-7.70365E-07,-4.54503E-08,-1.70594E-07,
-7.91870E-07,-7.41492E-07,-7.33771E-07,-6.90725E-09,-1.66478E-07,
-7.45135E-07,-6.91758E-07,-6.94810E-07, 2.67124E-08,-1.63696E-07,
-6.94550E-07,-6.38876E-07,-6.53099E-07, 5.50942E-08,-1.62370E-07,
-6.40440E-07,-5.83372E-07,-6.08953E-07, 7.82750E-08,-1.63246E-07,
-5.83456E-07,-5.25290E-07,-5.63115E-07, 9.68758E-08,-1.66068E-07,
-5.24386E-07,-4.64713E-07,-5.16022E-07, 1.11050E-07,-1.70434E-07,
-4.63977E-07,-4.02088E-07,-4.67937E-07, 1.21366E-07,-1.75927E-07,
-4.02681E-07,-3.38865E-07,-4.18694E-07, 1.28214E-07,-1.82724E-07,
-3.40925E-07,-2.76735E-07,-3.67252E-07, 1.31419E-07,-1.90234E-07,
-2.79125E-07,-2.16615E-07,-3.13346E-07, 1.31295E-07,-1.97442E-07,
-2.17692E-07,-1.58612E-07,-2.57298E-07, 1.28659E-07,-2.04013E-07,
-1.56837E-07,-1.02144E-07,-2.00048E-07, 1.24137E-07,-2.10372E-07,
-9.66560E-08,-4.67056E-08,-1.42735E-07, 1.18226E-07,-2.16511E-07,
-3.72205E-08, 7.83113E-09,-8.57070E-08, 1.10872E-07,-2.21705E-07,
 2.14248E-08, 6.10105E-08,-2.85360E-08, 1.02336E-07,-2.25279E-07,
 7.92842E-08, 1.12024E-07, 2.92464E-08, 9.32313E-08,-2.26423E-07,
 1.36419E-07, 1.60388E-07, 8.77064E-08, 8.31443E-08,-2.24929E-07,
 1.92697E-07, 2.06364E-07, 1.46179E-07, 7.20031E-08,-2.20126E-07,
 2.47818E-07, 2.51071E-07, 2.03370E-07, 6.05562E-08,-2.11832E-07,
 3.01375E-07, 2.95527E-07, 2.58279E-07, 5.00988E-08,-2.00492E-07,
 3.53167E-07, 3.39578E-07, 3.10332E-07, 4.13929E-08,-1.85785E-07,
 4.03013E-07, 3.82299E-07, 3.59706E-07, 3.41623E-08,-1.67340E-07,
 4.50603E-07, 4.22727E-07, 4.06805E-07, 2.85896E-08,-1.44757E-07,
 4.95331E-07, 4.60437E-07, 4.51733E-07, 2.57455E-08,-1.17532E-07,
 5.36649E-07, 4.95711E-07, 4.94067E-07, 2.61522E-08,-8.57331E-08,
 5.74277E-07, 5.29143E-07, 5.32688E-07, 2.97465E-08,-4.96505E-08,
 6.08105E-07, 5.60956E-07, 5.66755E-07, 3.69400E-08,-9.97140E-09,
 6.38013E-07, 5.90926E-07, 5.96713E-07, 4.82882E-08, 3.26125E-08,
 6.63930E-07, 6.18405E-07, 6.23351E-07, 6.44050E-08, 7.81341E-08,
 6.86073E-07, 6.42608E-07, 6.47599E-07, 8.45059E-08, 1.26509E-07,
 7.04797E-07, 6.63467E-07, 6.69879E-07, 1.07498E-07, 1.76936E-07,
 7.20501E-07, 6.81606E-07, 6.89968E-07, 1.33626E-07, 2.28751E-07,
 7.33553E-07, 6.98164E-07, 7.08136E-07, 1.62723E-07, 2.81729E-07,
 7.44716E-07, 7.13608E-07, 7.24629E-07, 1.94100E-07, 3.35535E-07,
 7.54910E-07, 7.27723E-07, 7.39986E-07, 2.26839E-07, 3.89584E-07,
 7.64870E-07, 7.40297E-07, 7.55266E-07, 2.60479E-07, 4.42569E-07,
 7.74934E-07, 7.51518E-07, 7.71484E-07, 2.95090E-07, 4.94349E-07,
 7.85440E-07, 7.62194E-07, 7.88838E-07, 3.30257E-07, 5.44984E-07,
 7.96917E-07, 7.73363E-07, 8.06855E-07, 3.65127E-07, 5.93372E-07,
 8.09872E-07, 7.85674E-07, 8.25033E-07, 3.99377E-07, 6.38696E-07,
 8.24558E-07, 7.99429E-07, 8.43593E-07, 4.33144E-07, 6.80517E-07,
 8.40945E-07, 8.14535E-07, 8.63338E-07, 4.66036E-07, 7.18976E-07,
 8.59035E-07, 8.30556E-07, 8.84590E-07, 4.97958E-07, 7.53842E-07,
 8.78752E-07, 8.47552E-07, 9.07482E-07, 5.28551E-07, 7.83927E-07,
 8.99988E-07, 8.66274E-07, 9.31260E-07, 5.57941E-07, 8.08532E-07,
 9.22570E-07, 8.87814E-07, 9.55143E-07, 5.86478E-07, 8.28104E-07,
 9.46587E-07, 9.12832E-07, 9.78758E-07, 6.13532E-07, 8.42713E-07,
 9.72269E-07, 9.41014E-07, 1.00200E-06, 6.39055E-07, 8.51989E-07,
 9.99779E-07, 9.71366E-07, 1.02564E-06, 6.62140E-07, 8.56447E-07,
 1.02900E-06, 1.00326E-06, 1.05066E-06, 6.82249E-07, 8.56834E-07,
 1.05977E-06, 1.03666E-06, 1.07736E-06, 6.99451E-07, 8.53988E-07,
 1.09222E-06, 1.07202E-06, 1.10527E-06, 7.13714E-07, 8.47468E-07,
 1.12665E-06, 1.10963E-06, 1.13356E-06, 7.25017E-07, 8.36379E-07,
 1.16317E-06, 1.14949E-06, 1.16187E-06, 7.33187E-07, 8.21430E-07,
 1.20156E-06, 1.19100E-06, 1.19106E-06, 7.38313E-07, 8.03461E-07,
 1.24158E-06, 1.23274E-06, 1.22216E-06, 7.40289E-07, 7.83239E-07,
 1.28295E-06, 1.27334E-06, 1.25570E-06, 7.39177E-07, 7.61157E-07,
 1.32535E-06, 1.31223E-06, 1.29150E-06, 7.34534E-07, 7.37699E-07,
 1.36818E-06, 1.34980E-06, 1.32869E-06, 7.27418E-07, 7.13431E-07,
 1.41086E-06, 1.38648E-06, 1.36603E-06, 7.19223E-07, 6.88654E-07,
 1.45281E-06, 1.42239E-06, 1.40238E-06, 7.10297E-07, 6.63232E-07,
 1.49347E-06, 1.45659E-06, 1.43721E-06, 7.00858E-07, 6.37818E-07,
 1.53194E-06, 1.48809E-06, 1.47088E-06, 6.90539E-07, 6.13799E-07,
 1.56734E-06, 1.51619E-06, 1.50349E-06, 6.80281E-07, 5.91920E-07,
 1.59910E-06, 1.54056E-06, 1.53447E-06, 6.70760E-07, 5.72965E-07,
 1.62697E-06, 1.56143E-06, 1.56263E-06, 6.61532E-07, 5.56910E-07,
 1.65074E-06, 1.57948E-06, 1.58644E-06, 6.53111E-07, 5.43903E-07,
 1.67005E-06, 1.59533E-06, 1.60534E-06, 6.46319E-07, 5.34169E-07,
 1.68461E-06, 1.60869E-06, 1.61956E-06, 6.41527E-07, 5.27954E-07,
 1.69444E-06, 1.61906E-06, 1.62952E-06, 6.38201E-07, 5.25679E-07,
 1.69981E-06, 1.62578E-06, 1.63584E-06, 6.35360E-07, 5.27544E-07,
 1.70100E-06, 1.62902E-06, 1.63887E-06, 6.33180E-07, 5.33909E-07,
 1.69844E-06, 1.62971E-06, 1.63840E-06, 6.32540E-07, 5.44960E-07,
 1.69273E-06, 1.62860E-06, 1.63423E-06, 6.33219E-07, 5.60683E-07,
 1.68456E-06, 1.62582E-06, 1.62634E-06, 6.34429E-07, 5.80572E-07,
 1.67433E-06, 1.62116E-06, 1.61554E-06, 6.36492E-07, 6.04126E-07,
 1.66211E-06, 1.61428E-06, 1.60327E-06, 6.39575E-07, 6.30885E-07,
 1.64808E-06, 1.60477E-06, 1.59061E-06, 6.43752E-07, 6.61041E-07,
 1.63277E-06, 1.59293E-06, 1.57772E-06, 6.48527E-07, 6.93799E-07,
 1.61679E-06, 1.57912E-06, 1.56426E-06, 6.53354E-07, 7.27795E-07,
 1.60038E-06, 1.56374E-06, 1.55015E-06, 6.58950E-07, 7.62583E-07,
 1.58349E-06, 1.54705E-06, 1.53592E-06, 6.64951E-07, 7.97774E-07,
 1.56596E-06, 1.52862E-06, 1.52217E-06, 6.70776E-07, 8.33097E-07,
 1.54776E-06, 1.50781E-06, 1.50931E-06, 6.75801E-07, 8.67323E-07,
 1.52875E-06, 1.48487E-06, 1.49760E-06, 6.79740E-07, 8.99343E-07,
 1.50888E-06, 1.46071E-06, 1.48644E-06, 6.83072E-07, 9.29129E-07,
 1.48837E-06, 1.43647E-06, 1.47513E-06, 6.85363E-07, 9.56893E-07,
 1.46772E-06, 1.41269E-06, 1.46296E-06, 6.85871E-07, 9.81848E-07,
 1.44722E-06, 1.38929E-06, 1.44966E-06, 6.84171E-07, 1.00339E-06,
 1.42672E-06, 1.36627E-06, 1.43611E-06, 6.80188E-07, 1.02202E-06,
 1.40609E-06, 1.34366E-06, 1.42325E-06, 6.73857E-07, 1.03839E-06,
 1.38567E-06, 1.32186E-06, 1.41080E-06, 6.65147E-07, 1.05193E-06,
 1.36624E-06, 1.30163E-06, 1.39781E-06, 6.54019E-07, 1.06098E-06,
 1.34832E-06, 1.28389E-06, 1.38359E-06, 6.40780E-07, 1.06533E-06,
 1.33211E-06, 1.26938E-06, 1.36804E-06, 6.26184E-07, 1.06571E-06,
 1.31763E-06, 1.25784E-06, 1.35196E-06, 6.09970E-07, 1.06225E-06,
 1.30505E-06, 1.24776E-06, 1.33617E-06, 5.91862E-07, 1.05445E-06,
 1.29419E-06, 1.23842E-06, 1.32136E-06, 5.71750E-07, 1.04189E-06,
 1.28465E-06, 1.22975E-06, 1.30792E-06, 5.50324E-07, 1.02547E-06,
 1.27614E-06, 1.22205E-06, 1.29522E-06, 5.28861E-07, 1.00542E-06,
 1.26864E-06, 1.21575E-06, 1.28208E-06, 5.07725E-07, 9.80694E-07,
 1.26193E-06, 1.21045E-06, 1.26773E-06, 4.87439E-07, 9.51074E-07,
 1.25527E-06, 1.20535E-06, 1.25284E-06, 4.68228E-07, 9.17680E-07,
 1.24781E-06, 1.19955E-06, 1.23858E-06, 4.50745E-07, 8.81849E-07,
 1.23913E-06, 1.19184E-06, 1.22542E-06, 4.35386E-07, 8.43892E-07,
 1.22926E-06, 1.18165E-06, 1.21296E-06, 4.21878E-07, 8.03583E-07,
 1.21816E-06, 1.16950E-06, 1.20046E-06, 4.10413E-07, 7.61273E-07,
 1.20565E-06, 1.15644E-06, 1.18687E-06, 4.01908E-07, 7.17947E-07,
 1.19166E-06, 1.14317E-06, 1.17193E-06, 3.96887E-07, 6.73650E-07,
 1.17643E-06, 1.12926E-06, 1.15585E-06, 3.94490E-07, 6.28419E-07,
 1.16024E-06, 1.11405E-06, 1.13899E-06, 3.93919E-07, 5.82837E-07,
 1.14323E-06, 1.09741E-06, 1.12213E-06, 3.94635E-07, 5.37923E-07,
 1.12553E-06, 1.07960E-06, 1.10537E-06, 3.96945E-07, 4.94741E-07,
 1.10745E-06, 1.06151E-06, 1.08753E-06, 4.00544E-07, 4.53176E-07,
 1.08925E-06, 1.04389E-06, 1.06761E-06, 4.04286E-07, 4.13141E-07,
 1.07075E-06, 1.02677E-06, 1.04531E-06, 4.08033E-07, 3.75202E-07,
 1.05144E-06, 1.01025E-06, 1.02101E-06, 4.12237E-07, 3.39923E-07,
 1.03100E-06, 9.93438E-07, 9.95411E-07, 4.17159E-07, 3.07711E-07,
 1.00941E-06, 9.75129E-07, 9.68530E-07, 4.22127E-07, 2.78648E-07,
 9.86430E-07, 9.55336E-07, 9.39806E-07, 4.26944E-07, 2.52372E-07,
 9.61470E-07, 9.34299E-07, 9.08752E-07, 4.32516E-07, 2.29079E-07,
 9.33836E-07, 9.12281E-07, 8.75276E-07, 4.39126E-07, 2.09221E-07,
 9.03284E-07, 8.88797E-07, 8.39461E-07, 4.46273E-07, 1.92598E-07,
 8.69839E-07, 8.62716E-07, 8.01794E-07, 4.53409E-07, 1.78625E-07,
 8.33558E-07, 8.33262E-07, 7.63141E-07, 4.60995E-07, 1.66918E-07,
 7.94468E-07, 8.00606E-07, 7.24159E-07, 4.69829E-07, 1.57493E-07,
 7.52915E-07, 7.65373E-07, 6.84549E-07, 4.79919E-07, 1.50249E-07,
 7.09512E-07, 7.28203E-07, 6.44037E-07, 4.90390E-07, 1.44212E-07,
 6.64842E-07, 6.89645E-07, 6.02689E-07, 5.00790E-07, 1.38619E-07,
 6.19383E-07, 6.49859E-07, 5.61405E-07, 5.11434E-07, 1.33836E-07,
 5.73718E-07, 6.08752E-07, 5.21596E-07, 5.21635E-07, 1.30232E-07,
 5.28736E-07, 5.65852E-07, 4.83878E-07, 5.30868E-07, 1.27350E-07,
 4.85163E-07, 5.21923E-07, 4.47728E-07, 5.38617E-07, 1.23744E-07,
 4.43184E-07, 4.78494E-07, 4.12477E-07, 5.44701E-07, 1.19035E-07,
 4.02651E-07, 4.37119E-07, 3.77428E-07, 5.49243E-07, 1.14073E-07,
 3.63633E-07, 3.98685E-07, 3.41965E-07, 5.51452E-07, 1.08540E-07,
 3.26399E-07, 3.62320E-07, 3.06341E-07, 5.50524E-07, 1.02013E-07,
 2.90982E-07, 3.26704E-07, 2.71399E-07, 5.45698E-07, 9.48820E-08,
 2.56905E-07, 2.91485E-07, 2.37857E-07, 5.37044E-07, 8.81339E-08,
 2.23626E-07, 2.57005E-07, 2.05454E-07, 5.25017E-07, 8.22137E-08,
 1.90783E-07, 2.23899E-07, 1.73164E-07, 5.09817E-07, 7.61601E-08,
 1.58247E-07, 1.92884E-07, 1.39713E-07, 4.91410E-07, 6.87928E-08,
 1.25801E-07, 1.64015E-07, 1.05230E-07, 4.69977E-07, 6.08167E-08,
 9.33993E-08, 1.36176E-07, 7.12365E-08, 4.45858E-07, 5.35360E-08,
 6.13555E-08, 1.08092E-07, 3.91611E-08, 4.18761E-07, 4.66479E-08,
 3.01402E-08, 7.88266E-08, 9.78189E-09, 3.88472E-07, 4.00662E-08,
 6.12375E-11, 4.87672E-08,-1.66897E-08, 3.54479E-07, 3.37135E-08,
-2.87861E-08, 1.96310E-08,-4.06578E-08, 3.17630E-07, 2.79514E-08,
-5.58789E-08,-7.17113E-09,-6.29285E-08, 2.78846E-07, 2.23601E-08,
-8.03278E-08,-3.17299E-08,-8.35277E-08, 2.37367E-07, 1.55575E-08,
-1.01317E-07,-5.50627E-08,-1.01895E-07, 1.92527E-07, 7.49700E-09,
-1.18846E-07,-7.78367E-08,-1.16753E-07, 1.44234E-07,-1.39545E-09,
-1.33323E-07,-1.00505E-07,-1.27266E-07, 9.29687E-08,-1.08347E-08,
-1.45137E-07,-1.22830E-07,-1.34047E-07, 3.86647E-08,-2.13678E-08,
-1.54533E-07,-1.44100E-07,-1.39053E-07,-1.93494E-08,-3.38832E-08,
-1.61992E-07,-1.63848E-07,-1.43812E-07,-8.09013E-08,-4.84526E-08,
-1.68369E-07,-1.82181E-07,-1.48866E-07,-1.44562E-07,-6.43879E-08,
-1.74524E-07,-1.99910E-07,-1.54596E-07,-2.09435E-07,-8.15095E-08,
-1.81366E-07,-2.18484E-07,-1.61130E-07,-2.76030E-07,-9.94158E-08,
-1.89898E-07,-2.38867E-07,-1.68937E-07,-3.44316E-07,-1.17424E-07,
-2.01326E-07,-2.60378E-07,-1.79151E-07,-4.12915E-07,-1.34978E-07,
-2.16432E-07,-2.82372E-07,-1.92952E-07,-4.79906E-07,-1.51278E-07,
-2.35296E-07,-3.04997E-07,-2.11372E-07,-5.44616E-07,-1.66269E-07,
-2.57717E-07,-3.29063E-07,-2.34855E-07,-6.06787E-07,-1.80629E-07,
-2.83876E-07,-3.55585E-07,-2.62410E-07,-6.64743E-07,-1.94379E-07,
-3.14185E-07,-3.85244E-07,-2.92524E-07,-7.17060E-07,-2.07281E-07,
-3.48678E-07,-4.17851E-07,-3.24919E-07,-7.62913E-07,-2.19343E-07,
-3.86718E-07,-4.53043E-07,-3.60189E-07,-8.02817E-07,-2.31111E-07,
-4.27527E-07,-4.90394E-07,-3.98817E-07,-8.36683E-07,-2.43056E-07,
-4.70657E-07,-5.29352E-07,-4.40728E-07,-8.63481E-07,-2.54313E-07,
-5.15876E-07,-5.70038E-07,-4.84834E-07,-8.83119E-07,-2.64212E-07,
-5.62914E-07,-6.13362E-07,-5.30220E-07,-8.96513E-07,-2.72480E-07,
-6.11643E-07,-6.59882E-07,-5.76343E-07,-9.04582E-07,-2.79993E-07,
-6.62220E-07,-7.08713E-07,-6.23454E-07,-9.06708E-07,-2.87099E-07,
-7.14760E-07,-7.58892E-07,-6.72081E-07,-9.02674E-07,-2.92907E-07,
-7.69069E-07,-8.09713E-07,-7.23007E-07,-8.92839E-07,-2.97268E-07,
-8.24747E-07,-8.61396E-07,-7.76785E-07,-8.78285E-07,-3.01022E-07,
-8.81927E-07,-9.14911E-07,-8.32523E-07,-8.59283E-07,-3.04687E-07,
-9.41113E-07,-9.70767E-07,-8.88652E-07,-8.35938E-07,-3.07766E-07,
-1.00267E-06,-1.02855E-06,-9.44392E-07,-8.08563E-07,-3.10080E-07,
-1.06612E-06,-1.08775E-06,-1.00064E-06,-7.77563E-07,-3.12453E-07,
-1.13059E-06,-1.14708E-06,-1.05856E-06,-7.44040E-07,-3.16484E-07,
-1.19548E-06,-1.20498E-06,-1.11911E-06,-7.07908E-07,-3.22011E-07,
-1.26052E-06,-1.26076E-06,-1.18173E-06,-6.70000E-07,-3.27782E-07,
-1.32537E-06,-1.31468E-06,-1.24478E-06,-6.31567E-07,-3.34039E-07,
-1.38942E-06,-1.36755E-06,-1.30717E-06,-5.93828E-07,-3.41845E-07,
-1.45206E-06,-1.41934E-06,-1.36783E-06,-5.57795E-07,-3.51983E-07,
-1.51266E-06,-1.46890E-06,-1.42631E-06,-5.23518E-07,-3.64014E-07,
-1.57040E-06,-1.51480E-06,-1.48309E-06,-4.90630E-07,-3.77966E-07,
-1.62415E-06,-1.55621E-06,-1.53878E-06,-4.59573E-07,-3.95829E-07,
-1.67328E-06,-1.59344E-06,-1.59245E-06,-4.31699E-07,-4.18378E-07,
-1.71787E-06,-1.62714E-06,-1.64234E-06,-4.07348E-07,-4.44834E-07,
-1.75815E-06,-1.65762E-06,-1.68632E-06,-3.86705E-07,-4.74363E-07,
-1.79367E-06,-1.68548E-06,-1.72361E-06,-3.70295E-07,-5.07180E-07,
-1.82359E-06,-1.71061E-06,-1.75510E-06,-3.59226E-07,-5.43973E-07,
-1.84745E-06,-1.73162E-06,-1.78195E-06,-3.54276E-07,-5.84437E-07,
-1.86552E-06,-1.74764E-06,-1.80452E-06,-3.54469E-07,-6.27336E-07,
-1.87828E-06,-1.75864E-06,-1.82240E-06,-3.59540E-07,-6.72324E-07,
-1.88595E-06,-1.76552E-06,-1.83529E-06,-3.70197E-07,-7.20579E-07,
-1.88874E-06,-1.76981E-06,-1.84268E-06,-3.87183E-07,-7.71458E-07,
-1.88700E-06,-1.77174E-06,-1.84441E-06,-4.09947E-07,-8.24126E-07,
-1.88103E-06,-1.77053E-06,-1.84158E-06,-4.36751E-07,-8.77914E-07,
-1.87092E-06,-1.76605E-06,-1.83601E-06,-4.67553E-07,-9.32794E-07,
-1.85706E-06,-1.75834E-06,-1.82882E-06,-5.02815E-07,-9.89272E-07,
-1.84049E-06,-1.74790E-06,-1.82045E-06,-5.41859E-07,-1.04648E-06,
-1.82256E-06,-1.73543E-06,-1.81027E-06,-5.83130E-07,-1.10349E-06,
-1.80402E-06,-1.72196E-06,-1.79813E-06,-6.26131E-07,-1.15948E-06,
-1.78494E-06,-1.70816E-06,-1.78564E-06,-6.71208E-07,-1.21437E-06,
-1.76554E-06,-1.69400E-06,-1.77417E-06,-7.18277E-07,-1.26754E-06,
-1.74659E-06,-1.67921E-06,-1.76429E-06,-7.65938E-07,-1.31747E-06,
-1.72910E-06,-1.66392E-06,-1.75605E-06,-8.12538E-07,-1.36283E-06,
-1.71354E-06,-1.64945E-06,-1.74894E-06,-8.58287E-07,-1.40357E-06,
-1.70014E-06,-1.63758E-06,-1.74241E-06,-9.02973E-07,-1.44015E-06,
-1.68913E-06,-1.62912E-06,-1.73609E-06,-9.45101E-07,-1.47207E-06,
-1.68081E-06,-1.62337E-06,-1.73003E-06,-9.82950E-07,-1.49858E-06,
-1.67498E-06,-1.62019E-06,-1.72508E-06,-1.01597E-06,-1.51892E-06,
-1.67135E-06,-1.61939E-06,-1.72220E-06,-1.04515E-06,-1.53360E-06,
-1.67005E-06,-1.62099E-06,-1.72135E-06,-1.07056E-06,-1.54277E-06,
-1.67161E-06,-1.62545E-06,-1.72139E-06,-1.09120E-06,-1.54456E-06,
-1.67622E-06,-1.63323E-06,-1.72145E-06,-1.10743E-06,-1.53853E-06,
-1.68341E-06,-1.64446E-06,-1.72222E-06,-1.12000E-06,-1.52516E-06,
-1.69277E-06,-1.65867E-06,-1.72477E-06,-1.12926E-06,-1.50517E-06,
-1.70432E-06,-1.67439E-06,-1.72988E-06,-1.13470E-06,-1.47832E-06,
-1.71835E-06,-1.69032E-06,-1.73815E-06,-1.13549E-06,-1.44386E-06,
-1.73479E-06,-1.70695E-06,-1.74919E-06,-1.13254E-06,-1.40245E-06,
-1.75337E-06,-1.72553E-06,-1.76205E-06,-1.12729E-06,-1.35519E-06,
-1.77406E-06,-1.74679E-06,-1.77586E-06,-1.11980E-06,-1.30258E-06,
-1.79700E-06,-1.77032E-06,-1.78985E-06,-1.10951E-06,-1.24410E-06,
-1.82189E-06,-1.79524E-06,-1.80443E-06,-1.09643E-06,-1.18077E-06,
-1.84806E-06,-1.82032E-06,-1.82091E-06,-1.08059E-06,-1.11424E-06,
-1.87499E-06,-1.84470E-06,-1.83978E-06,-1.06260E-06,-1.04607E-06,
-1.90257E-06,-1.86822E-06,-1.85982E-06,-1.04247E-06,-9.76193E-07,
-1.93056E-06,-1.89107E-06,-1.87939E-06,-1.02018E-06,-9.04291E-07,
-1.95821E-06,-1.91389E-06,-1.89708E-06,-9.97004E-07,-8.32093E-07,
-1.98443E-06,-1.93687E-06,-1.91249E-06,-9.73693E-07,-7.60667E-07,
-2.00847E-06,-1.95865E-06,-1.92564E-06,-9.50342E-07,-6.91248E-07,
-2.02983E-06,-1.97726E-06,-1.93668E-06,-9.26002E-07,-6.24198E-07,
-2.04777E-06,-1.99185E-06,-1.94545E-06,-9.00487E-07,-5.60715E-07,
-2.06146E-06,-2.00228E-06,-1.95139E-06,-8.75179E-07,-5.02583E-07,
-2.07019E-06,-2.00895E-06,-1.95339E-06,-8.50715E-07,-4.50604E-07,
-2.07366E-06,-2.01214E-06,-1.94969E-06,-8.27165E-07,-4.04121E-07,
-2.07146E-06,-2.01125E-06,-1.93975E-06,-8.04808E-07,-3.62679E-07,
-2.06296E-06,-2.00543E-06,-1.92460E-06,-7.84079E-07,-3.27194E-07,
-2.04772E-06,-1.99369E-06,-1.90539E-06,-7.65845E-07,-2.98057E-07,
-2.02593E-06,-1.97503E-06,-1.88243E-06,-7.50004E-07,-2.75389E-07,
-1.99809E-06,-1.94925E-06,-1.85549E-06,-7.35438E-07,-2.58411E-07,
-1.96442E-06,-1.91716E-06,-1.82381E-06,-7.22602E-07,-2.47250E-07,
-1.92490E-06,-1.88010E-06,-1.78718E-06,-7.12677E-07,-2.42478E-07,
-1.87975E-06,-1.83845E-06,-1.74614E-06,-7.05531E-07,-2.43752E-07,
-1.82968E-06,-1.79150E-06,-1.70124E-06,-7.00685E-07,-2.50557E-07,
-1.77528E-06,-1.73882E-06,-1.65335E-06,-6.97500E-07,-2.62285E-07,
-1.71681E-06,-1.68082E-06,-1.60334E-06,-6.95921E-07,-2.79379E-07,
-1.65447E-06,-1.61856E-06,-1.55094E-06,-6.96783E-07,-3.02186E-07,
-1.58876E-06,-1.55336E-06,-1.49533E-06,-6.99074E-07,-3.29512E-07,
-1.52012E-06,-1.48580E-06,-1.43625E-06,-7.01765E-07,-3.60451E-07,
-1.44874E-06,-1.41587E-06,-1.37437E-06,-7.04773E-07,-3.94679E-07,
-1.37465E-06,-1.34396E-06,-1.31097E-06,-7.08482E-07,-4.32079E-07,
-1.29829E-06,-1.26985E-06,-1.24686E-06,-7.12616E-07,-4.71876E-07,
-1.22043E-06,-1.19372E-06,-1.18187E-06,-7.15624E-07,-5.12932E-07,
-1.14164E-06,-1.11723E-06,-1.11518E-06,-7.16741E-07,-5.53624E-07,
-1.06221E-06,-1.04194E-06,-1.04658E-06,-7.15862E-07,-5.93848E-07,
-9.82497E-07,-9.68635E-07,-9.76746E-07,-7.12523E-07,-6.33768E-07,
-9.03378E-07,-8.97314E-07,-9.06587E-07,-7.05135E-07,-6.71945E-07,
-8.25883E-07,-8.27068E-07,-8.37453E-07,-6.92672E-07,-7.07410E-07,
-7.50823E-07,-7.57814E-07,-7.70712E-07,-6.74911E-07,-7.39007E-07,
-6.78708E-07,-6.90807E-07,-7.06834E-07,-6.52547E-07,-7.66501E-07,
-6.10268E-07,-6.27392E-07,-6.45421E-07,-6.25572E-07,-7.88670E-07,
-5.46355E-07,-5.68177E-07,-5.86173E-07,-5.93108E-07,-8.04038E-07,
-4.87489E-07,-5.13410E-07,-5.29428E-07,-5.55508E-07,-8.11732E-07,
-4.33762E-07,-4.62463E-07,-4.76807E-07,-5.13209E-07,-8.12463E-07,
-3.85201E-07,-4.14058E-07,-4.30231E-07,-4.66391E-07,-8.07066E-07,
-3.42056E-07,-3.67340E-07,-3.89881E-07,-4.15184E-07,-7.94705E-07,
-3.04295E-07,-3.22545E-07,-3.54843E-07,-3.59755E-07,-7.74634E-07,
-2.71333E-07,-2.80807E-07,-3.23804E-07,-3.01236E-07,-7.46970E-07,
-2.42246E-07,-2.43197E-07,-2.95482E-07,-2.41075E-07,-7.12869E-07,
-2.16401E-07,-2.09604E-07,-2.69287E-07,-1.79774E-07,-6.72256E-07,
-1.93368E-07,-1.78217E-07,-2.45225E-07,-1.17139E-07,-6.25543E-07,
-1.72499E-07,-1.47284E-07,-2.23971E-07,-5.29646E-08,-5.73611E-07,
-1.52857E-07,-1.16317E-07,-2.05620E-07, 1.19130E-08,-5.17818E-07,
-1.33636E-07,-8.55243E-08,-1.89025E-07, 7.64561E-08,-4.59032E-07,
-1.14429E-07,-5.61060E-08,-1.71882E-07, 1.40300E-07,-3.96547E-07,
-9.49729E-08,-2.89522E-08,-1.52131E-07, 2.03396E-07,-3.30045E-07,
-7.48177E-08,-3.96070E-09,-1.29153E-07, 2.64998E-07,-2.60659E-07,
-5.34920E-08, 1.97519E-08,-1.04139E-07, 3.24429E-07,-1.89768E-07,
-3.09260E-08, 4.36109E-08,-7.78681E-08, 3.81679E-07,-1.18030E-07,
-7.31758E-09, 6.87657E-08,-5.02666E-08, 4.37450E-07,-4.56840E-08,
 1.73818E-08, 9.51190E-08,-2.09331E-08, 4.91889E-07, 2.68234E-08,
 4.35902E-08, 1.21102E-07, 1.14479E-08, 5.43023E-07, 9.86496E-08,
 7.15425E-08, 1.45876E-07, 4.77393E-08, 5.89227E-07, 1.69283E-07,
 1.01173E-07, 1.70277E-07, 8.77421E-08, 6.30401E-07, 2.38714E-07,
 1.32469E-07, 1.96188E-07, 1.30664E-07, 6.66379E-07, 3.06352E-07,
 1.65943E-07, 2.25084E-07, 1.75017E-07, 6.96211E-07, 3.70991E-07,
 2.02282E-07, 2.57570E-07, 2.19930E-07, 7.18925E-07, 4.31308E-07,
 2.41882E-07, 2.93461E-07, 2.66518E-07, 7.34359E-07, 4.86501E-07,
 2.84922E-07, 3.32008E-07, 3.16333E-07, 7.43193E-07, 5.36960E-07,
 3.31769E-07, 3.73135E-07, 3.69907E-07, 7.44955E-07, 5.81947E-07,
 3.82997E-07, 4.17011E-07, 4.26580E-07, 7.38645E-07, 6.20690E-07,
 4.38818E-07, 4.64646E-07, 4.85267E-07, 7.24237E-07, 6.52626E-07,
 4.99083E-07, 5.17360E-07, 5.45329E-07, 7.03157E-07, 6.78172E-07,
 5.63547E-07, 5.74932E-07, 6.06893E-07, 6.76147E-07, 6.98165E-07,
 6.32127E-07, 6.35771E-07, 6.70505E-07, 6.42760E-07, 7.12658E-07,
 7.04449E-07, 6.98350E-07, 7.36514E-07, 6.03328E-07, 7.21337E-07,
 7.79592E-07, 7.62099E-07, 8.04599E-07, 5.58924E-07, 7.24666E-07,
 8.56301E-07, 8.27344E-07, 8.73935E-07, 5.10830E-07, 7.24350E-07,
 9.33617E-07, 8.94543E-07, 9.42626E-07, 4.59422E-07, 7.20779E-07,
 1.01087E-06, 9.62931E-07, 1.00919E-06, 4.05257E-07, 7.14082E-07,
 1.08714E-06, 1.03075E-06, 1.07402E-06, 3.49314E-07, 7.04678E-07,
 1.16122E-06, 1.09605E-06, 1.13810E-06, 2.93245E-07, 6.94005E-07,
 1.23202E-06, 1.15724E-06, 1.20187E-06, 2.38514E-07, 6.82892E-07,
 1.29886E-06, 1.21357E-06, 1.26474E-06, 1.86004E-07, 6.70582E-07,
 1.36132E-06, 1.26540E-06, 1.32493E-06, 1.37314E-07, 6.56853E-07,
 1.41898E-06, 1.31382E-06, 1.38077E-06, 9.38425E-08, 6.42210E-07,
 1.47143E-06, 1.35915E-06, 1.43205E-06, 5.66117E-08, 6.28236E-07,
 1.51879E-06, 1.40010E-06, 1.47926E-06, 2.60704E-08, 6.15735E-07,
 1.56125E-06, 1.43530E-06, 1.52327E-06, 1.95719E-09, 6.04682E-07,
 1.59884E-06, 1.46409E-06, 1.56472E-06,-1.55789E-08, 5.95941E-07,
 1.63142E-06, 1.48746E-06, 1.60297E-06,-2.58964E-08, 5.90446E-07,
 1.65902E-06, 1.50766E-06, 1.63610E-06,-2.81053E-08, 5.88181E-07,
 1.68197E-06, 1.52609E-06, 1.66208E-06,-2.22792E-08, 5.88436E-07,
 1.70048E-06, 1.54276E-06, 1.68031E-06,-9.19585E-09, 5.91424E-07,
 1.71429E-06, 1.55707E-06, 1.69171E-06, 1.07117E-08, 5.98017E-07,
 1.72289E-06, 1.56753E-06, 1.69806E-06, 3.72777E-08, 6.09262E-07,
 1.72610E-06, 1.57298E-06, 1.70021E-06, 7.02989E-08, 6.25052E-07,
 1.72390E-06, 1.57371E-06, 1.69720E-06, 1.08936E-07, 6.44149E-07,
 1.71619E-06, 1.57091E-06, 1.68749E-06, 1.53237E-07, 6.66359E-07,
 1.70261E-06, 1.56586E-06, 1.67025E-06, 2.03663E-07, 6.91319E-07,
 1.68294E-06, 1.55872E-06, 1.64555E-06, 2.60175E-07, 7.18501E-07,
 1.65736E-06, 1.54810E-06, 1.61491E-06, 3.21616E-07, 7.47189E-07,
 1.62627E-06, 1.53229E-06, 1.58063E-06, 3.85817E-07, 7.76769E-07,
 1.59011E-06, 1.51092E-06, 1.54457E-06, 4.52431E-07, 8.07409E-07,
 1.54964E-06, 1.48512E-06, 1.50734E-06, 5.21382E-07, 8.38244E-07,
 1.50616E-06, 1.45662E-06, 1.46850E-06, 5.91997E-07, 8.68095E-07,
 1.46121E-06, 1.42694E-06, 1.42779E-06, 6.63039E-07, 8.95516E-07,
 1.41601E-06, 1.39723E-06, 1.38628E-06, 7.33825E-07, 9.19354E-07,
 1.37161E-06, 1.36750E-06, 1.34644E-06, 8.04369E-07, 9.39430E-07,
 1.32928E-06, 1.33749E-06, 1.31082E-06, 8.73241E-07, 9.55491E-07,
 1.29060E-06, 1.30764E-06, 1.28033E-06, 9.38653E-07, 9.66898E-07,
 1.25695E-06, 1.27909E-06, 1.25456E-06, 9.98874E-07, 9.73073E-07,
 1.22888E-06, 1.25395E-06, 1.23280E-06, 1.05389E-06, 9.74442E-07,
 1.20652E-06, 1.23396E-06, 1.21419E-06, 1.10328E-06, 9.70983E-07,
 1.18980E-06, 1.21923E-06, 1.19868E-06, 1.14557E-06, 9.63134E-07,
 1.17857E-06, 1.20874E-06, 1.18698E-06, 1.17956E-06, 9.50580E-07,
 1.17235E-06, 1.20186E-06, 1.17942E-06, 1.20495E-06, 9.33366E-07,
 1.17060E-06, 1.19843E-06, 1.17571E-06, 1.22239E-06, 9.13008E-07,
 1.17286E-06, 1.19879E-06, 1.17479E-06, 1.23109E-06, 8.90024E-07,
 1.17867E-06, 1.20329E-06, 1.17453E-06, 1.23074E-06, 8.64687E-07,
 1.18715E-06, 1.21170E-06, 1.17424E-06, 1.22159E-06, 8.36819E-07,
 1.19714E-06, 1.22317E-06, 1.17478E-06, 1.20414E-06, 8.07318E-07,
 1.20792E-06, 1.23632E-06, 1.17721E-06, 1.17907E-06, 7.76879E-07,
 1.21949E-06, 1.24996E-06, 1.18210E-06, 1.14650E-06, 7.45225E-07,
 1.23233E-06, 1.26348E-06, 1.18895E-06, 1.10717E-06, 7.11596E-07,
 1.24663E-06, 1.27761E-06, 1.19668E-06, 1.06220E-06, 6.76054E-07,
 1.26221E-06, 1.29332E-06, 1.20478E-06, 1.01250E-06, 6.39493E-07,
 1.27877E-06, 1.31023E-06, 1.21371E-06, 9.58590E-07, 6.02106E-07,
 1.29625E-06, 1.32703E-06, 1.22446E-06, 9.00745E-07, 5.63807E-07,
 1.31475E-06, 1.34214E-06, 1.23843E-06, 8.39808E-07, 5.24408E-07,
 1.33438E-06, 1.35463E-06, 1.25612E-06, 7.76829E-07, 4.85175E-07,
 1.35521E-06, 1.36482E-06, 1.27658E-06, 7.13457E-07, 4.46764E-07,
 1.37704E-06, 1.37362E-06, 1.29756E-06, 6.51011E-07, 4.08627E-07,
 1.39905E-06, 1.38149E-06, 1.31713E-06, 5.89959E-07, 3.70949E-07,
 1.41971E-06, 1.38801E-06, 1.33493E-06, 5.30436E-07, 3.34852E-07,
 1.43742E-06, 1.39204E-06, 1.35140E-06, 4.72592E-07, 3.02523E-07,
 1.45116E-06, 1.39160E-06, 1.36673E-06, 4.17021E-07, 2.74962E-07,
 1.46055E-06, 1.38548E-06, 1.37990E-06, 3.63150E-07, 2.52434E-07,
 1.46500E-06, 1.37409E-06, 1.38847E-06, 3.11644E-07, 2.35522E-07,
 1.46335E-06, 1.35895E-06, 1.39010E-06, 2.63469E-07, 2.24931E-07,
 1.45427E-06, 1.34129E-06, 1.38353E-06, 2.19681E-07, 2.21102E-07,
 1.43706E-06, 1.32089E-06, 1.36828E-06, 1.80938E-07, 2.23177E-07,
 1.41176E-06, 1.29629E-06, 1.34560E-06, 1.46298E-07, 2.31266E-07,
 1.37895E-06, 1.26594E-06, 1.31734E-06, 1.15917E-07, 2.45968E-07,
 1.33950E-06, 1.22962E-06, 1.28441E-06, 9.07644E-08, 2.67610E-07,
 1.29445E-06, 1.18836E-06, 1.24660E-06, 7.14706E-08, 2.94713E-07,
 1.24467E-06, 1.14390E-06, 1.20318E-06, 5.76732E-08, 3.25586E-07,
 1.19065E-06, 1.09797E-06, 1.15407E-06, 4.93088E-08, 3.59210E-07,
 1.13290E-06, 1.05138E-06, 1.10093E-06, 4.70662E-08, 3.94591E-07,
 1.07257E-06, 1.00338E-06, 1.04612E-06, 5.11310E-08, 4.31548E-07,
 1.01148E-06, 9.52578E-07, 9.91469E-07, 6.05082E-08, 4.68892E-07,
 9.51073E-07, 8.98723E-07, 9.37830E-07, 7.35222E-08, 5.06353E-07,
 8.91785E-07, 8.42880E-07, 8.85059E-07, 9.04522E-08, 5.43334E-07,
 8.33157E-07, 7.86920E-07, 8.32822E-07, 1.12048E-07, 5.78776E-07,
 7.74794E-07, 7.32086E-07, 7.80763E-07, 1.37680E-07, 6.11512E-07,
 7.16756E-07, 6.77762E-07, 7.29007E-07, 1.66163E-07, 6.40426E-07,
 6.59323E-07, 6.22796E-07, 6.78604E-07, 1.96411E-07, 6.65090E-07,
 6.02665E-07, 5.66667E-07, 6.30193E-07, 2.29276E-07, 6.85228E-07,
 5.46782E-07, 5.09590E-07, 5.83488E-07, 2.63718E-07, 7.01169E-07,
 4.91506E-07, 4.52645E-07, 5.37435E-07, 2.97579E-07, 7.12704E-07,
 4.36433E-07, 3.97571E-07, 4.90522E-07, 3.29562E-07, 7.19282E-07,
 3.81190E-07, 3.45649E-07, 4.42588E-07, 3.59471E-07, 7.20705E-07,
 3.26081E-07, 2.97026E-07, 3.94493E-07, 3.87103E-07, 7.17511E-07,
 2.72332E-07, 2.51060E-07, 3.46783E-07, 4.10460E-07, 7.10021E-07,
 2.21313E-07, 2.07244E-07, 2.99896E-07, 4.28531E-07, 6.97232E-07,
 1.73708E-07, 1.66433E-07, 2.54121E-07, 4.40973E-07, 6.78418E-07,
 1.29513E-07, 1.30430E-07, 2.09411E-07, 4.48463E-07, 6.53738E-07,
 8.89277E-08, 1.00480E-07, 1.65894E-07, 4.49891E-07, 6.23446E-07,
 5.27019E-08, 7.60484E-08, 1.24242E-07, 4.44169E-07, 5.87203E-07,
 2.18186E-08, 5.56239E-08, 8.56856E-08, 4.31642E-07, 5.44054E-07,
-3.24074E-09, 3.78983E-08, 5.17865E-08, 4.12680E-07, 4.94831E-07,
-2.25382E-08, 2.21003E-08, 2.33323E-08, 3.87776E-07, 4.40784E-07,
-3.65921E-08, 8.64041E-09,-5.53590E-10, 3.56516E-07, 3.81341E-07,
-4.63014E-08,-1.61737E-09,-2.14106E-08, 3.19965E-07, 3.15303E-07,
-5.27228E-08,-8.49560E-09,-4.02190E-08, 2.79071E-07, 2.43398E-07,
-5.68512E-08,-1.30769E-08,-5.66368E-08, 2.34317E-07, 1.68107E-07,
-5.91682E-08,-1.76651E-08,-7.00784E-08, 1.86287E-07, 9.09380E-08,
-6.01709E-08,-2.47805E-08,-8.02284E-08, 1.35468E-07, 1.19824E-08,
-6.08541E-08,-3.52841E-08,-8.76664E-08, 8.30426E-08,-6.87457E-08,
-6.28576E-08,-4.79815E-08,-9.40212E-08, 3.02242E-08,-1.49754E-07,
-6.75149E-08,-6.13887E-08,-1.01091E-07,-2.16542E-08,-2.30188E-07,
-7.51874E-08,-7.52293E-08,-1.10494E-07,-7.17355E-08,-3.10365E-07,
-8.55770E-08,-9.04389E-08,-1.22767E-07,-1.20022E-07,-3.89185E-07,
-9.84848E-08,-1.08471E-07,-1.37024E-07,-1.66943E-07,-4.64073E-07,
-1.14109E-07,-1.30174E-07,-1.52110E-07,-2.13103E-07,-5.32636E-07,
-1.32611E-07,-1.55124E-07,-1.68455E-07,-2.57824E-07,-5.94463E-07,
-1.54053E-07,-1.81886E-07,-1.87725E-07,-3.01751E-07,-6.50396E-07,
-1.78373E-07,-2.08892E-07,-2.11515E-07,-3.45310E-07,-6.99524E-07,
-2.05494E-07,-2.34971E-07,-2.40625E-07,-3.87444E-07,-7.40743E-07,
-2.35067E-07,-2.60896E-07,-2.74353E-07,-4.27290E-07,-7.73950E-07,
-2.66659E-07,-2.88857E-07,-3.11315E-07,-4.64522E-07,-7.99052E-07,
-3.00365E-07,-3.20517E-07,-3.50322E-07,-5.00387E-07,-8.15745E-07,
-3.36971E-07,-3.56182E-07,-3.90817E-07,-5.34250E-07,-8.23422E-07,
-3.77324E-07,-3.95081E-07,-4.33340E-07,-5.64445E-07,-8.22628E-07,
-4.21771E-07,-4.36510E-07,-4.79224E-07,-5.89690E-07,-8.14503E-07,
-4.70210E-07,-4.80774E-07,-5.29351E-07,-6.10309E-07,-8.00040E-07,
-5.22782E-07,-5.29096E-07,-5.83000E-07,-6.26411E-07,-7.79034E-07,
-5.80004E-07,-5.82664E-07,-6.38519E-07,-6.36722E-07,-7.52076E-07,
-6.42306E-07,-6.42155E-07,-6.94695E-07,-6.41252E-07,-7.19860E-07,
-7.09584E-07,-7.07335E-07,-7.51531E-07,-6.41167E-07,-6.82795E-07,
-7.81278E-07,-7.77038E-07,-8.09843E-07,-6.37891E-07,-6.41959E-07,
-8.56696E-07,-8.49538E-07,-8.70195E-07,-6.30562E-07,-5.98007E-07,
-9.34895E-07,-9.23740E-07,-9.32285E-07,-6.18411E-07,-5.52259E-07,
-1.01478E-06,-9.99658E-07,-9.94808E-07,-6.02869E-07,-5.05263E-07,
-1.09513E-06,-1.07717E-06,-1.05659E-06,-5.85290E-07,-4.58363E-07,
-1.17503E-06,-1.15519E-06,-1.11660E-06,-5.66448E-07,-4.13001E-07,
-1.25341E-06,-1.23178E-06,-1.17457E-06,-5.46144E-07,-3.69802E-07,
-1.32892E-06,-1.30440E-06,-1.23131E-06,-5.25337E-07,-3.29050E-07,
-1.39995E-06,-1.37163E-06,-1.28740E-06,-5.06073E-07,-2.91117E-07,
-1.46533E-06,-1.43312E-06,-1.34239E-06,-4.89066E-07,-2.57372E-07,
-1.52480E-06,-1.48865E-06,-1.39487E-06,-4.74305E-07,-2.28441E-07,
-1.57840E-06,-1.53832E-06,-1.44338E-06,-4.62148E-07,-2.04501E-07,
-1.62600E-06,-1.58196E-06,-1.48747E-06,-4.54316E-07,-1.85804E-07,
-1.66714E-06,-1.61887E-06,-1.52822E-06,-4.51089E-07,-1.73799E-07,
-1.70166E-06,-1.64823E-06,-1.56662E-06,-4.52033E-07,-1.69336E-07,
-1.72980E-06,-1.67026E-06,-1.60251E-06,-4.56895E-07,-1.71386E-07,
-1.75217E-06,-1.68608E-06,-1.63479E-06,-4.66254E-07,-1.79370E-07,
-1.76940E-06,-1.69787E-06,-1.66204E-06,-4.81074E-07,-1.93593E-07,
-1.78218E-06,-1.70726E-06,-1.68316E-06,-5.00872E-07,-2.14860E-07,
-1.79104E-06,-1.71429E-06,-1.69811E-06,-5.25326E-07,-2.42529E-07,
-1.79612E-06,-1.71818E-06,-1.70816E-06,-5.53656E-07,-2.75773E-07,
-1.79718E-06,-1.71836E-06,-1.71472E-06,-5.85597E-07,-3.14733E-07,
-1.79413E-06,-1.71526E-06,-1.71821E-06,-6.20498E-07,-3.59817E-07,
-1.78740E-06,-1.70971E-06,-1.71768E-06,-6.58014E-07,-4.10220E-07,
-1.77756E-06,-1.70289E-06,-1.71129E-06,-6.98271E-07,-4.63725E-07,
-1.76467E-06,-1.69564E-06,-1.69832E-06,-7.40905E-07,-5.19793E-07,
-1.74819E-06,-1.68774E-06,-1.68008E-06,-7.85338E-07,-5.78770E-07,
-1.72769E-06,-1.67797E-06,-1.65848E-06,-8.30661E-07,-6.40473E-07,
-1.70336E-06,-1.66493E-06,-1.63528E-06,-8.76133E-07,-7.03237E-07,
-1.67594E-06,-1.64781E-06,-1.61133E-06,-9.20555E-07,-7.65841E-07,
-1.64616E-06,-1.62760E-06,-1.58653E-06,-9.63562E-07,-8.27926E-07,
-1.61477E-06,-1.60599E-06,-1.56035E-06,-1.00551E-06,-8.88316E-07,
-1.58241E-06,-1.58415E-06,-1.53291E-06,-1.04640E-06,-9.44962E-07,
-1.54981E-06,-1.56216E-06,-1.50544E-06,-1.08533E-06,-9.96155E-07,
-1.51771E-06,-1.53970E-06,-1.48015E-06,-1.12086E-06,-1.04208E-06,
-1.48721E-06,-1.51626E-06,-1.45916E-06,-1.15226E-06,-1.08278E-06,
-1.45981E-06,-1.49224E-06,-1.44306E-06,-1.17926E-06,-1.11768E-06,
-1.43691E-06,-1.46908E-06,-1.43105E-06,-1.20123E-06,-1.14562E-06,
-1.41927E-06,-1.44850E-06,-1.42208E-06,-1.21728E-06,-1.16633E-06,
-1.40672E-06,-1.43221E-06,-1.41603E-06,-1.22737E-06,-1.18002E-06,
-1.39896E-06,-1.42062E-06,-1.41313E-06,-1.23204E-06,-1.18614E-06,
-1.39598E-06,-1.41312E-06,-1.41410E-06,-1.23091E-06,-1.18469E-06,
-1.39808E-06,-1.40857E-06,-1.41895E-06,-1.22304E-06,-1.17629E-06,
-1.40517E-06,-1.40682E-06,-1.42678E-06,-1.20827E-06,-1.16182E-06,
-1.41650E-06,-1.40859E-06,-1.43628E-06,-1.18750E-06,-1.14167E-06,
-1.43079E-06,-1.41439E-06,-1.44620E-06,-1.16129E-06,-1.11629E-06,
-1.44666E-06,-1.42422E-06,-1.45570E-06,-1.12927E-06,-1.08620E-06,
-1.46311E-06,-1.43710E-06,-1.46472E-06,-1.09149E-06,-1.05177E-06,
-1.47957E-06,-1.45153E-06,-1.47360E-06,-1.04929E-06,-1.01349E-06,
-1.49587E-06,-1.46642E-06,-1.48235E-06,-1.00421E-06,-9.71859E-07,
-1.51200E-06,-1.48143E-06,-1.49035E-06,-9.56631E-07,-9.27828E-07,
-1.52769E-06,-1.49635E-06,-1.49679E-06,-9.06556E-07,-8.82038E-07,
-1.54226E-06,-1.51138E-06,-1.50161E-06,-8.54978E-07,-8.34334E-07,
-1.55510E-06,-1.52634E-06,-1.50547E-06,-8.03403E-07,-7.85031E-07,
-1.56620E-06,-1.53988E-06,-1.50947E-06,-7.52358E-07,-7.35083E-07,
-1.57633E-06,-1.55054E-06,-1.51433E-06,-7.01613E-07,-6.85017E-07,
-1.58616E-06,-1.55770E-06,-1.51965E-06,-6.52155E-07,-6.34643E-07,
-1.59568E-06,-1.56185E-06,-1.52469E-06,-6.05340E-07,-5.84430E-07,
-1.60411E-06,-1.56433E-06,-1.52855E-06,-5.61590E-07,-5.35620E-07,
-1.61063E-06,-1.56554E-06,-1.53023E-06,-5.20513E-07,-4.89113E-07,
-1.61463E-06,-1.56452E-06,-1.52983E-06,-4.81778E-07,-4.45302E-07,
-1.61573E-06,-1.55964E-06,-1.52796E-06,-4.45871E-07,-4.04535E-07,
-1.61352E-06,-1.54973E-06,-1.52477E-06,-4.13511E-07,-3.68639E-07,
-1.60761E-06,-1.53447E-06,-1.51930E-06,-3.84842E-07,-3.38274E-07,
-1.59721E-06,-1.51462E-06,-1.50965E-06,-3.60660E-07,-3.12616E-07,
-1.58118E-06,-1.49154E-06,-1.49384E-06,-3.42253E-07,-2.90833E-07,
-1.55834E-06,-1.46574E-06,-1.47143E-06,-3.29975E-07,-2.73547E-07,
-1.52822E-06,-1.43645E-06,-1.44307E-06,-3.23487E-07,-2.62545E-07,
-1.49126E-06,-1.40204E-06,-1.40963E-06,-3.22430E-07,-2.57610E-07,
-1.44824E-06,-1.36145E-06,-1.37168E-06,-3.26454E-07,-2.58216E-07,
-1.39958E-06,-1.31514E-06,-1.32918E-06,-3.35311E-07,-2.64542E-07,
-1.34521E-06,-1.26541E-06,-1.28142E-06,-3.48585E-07,-2.76965E-07,
-1.28530E-06,-1.21437E-06,-1.22756E-06,-3.65982E-07,-2.94250E-07,
-1.22058E-06,-1.16280E-06,-1.16777E-06,-3.87101E-07,-3.14983E-07,
-1.15238E-06,-1.11021E-06,-1.10363E-06,-4.10350E-07,-3.38664E-07,
-1.08208E-06,-1.05541E-06,-1.03759E-06,-4.34760E-07,-3.65952E-07,
-1.01101E-06,-9.97616E-07,-9.71837E-07,-4.59422E-07,-3.96790E-07,
-9.40163E-07,-9.37216E-07,-9.07262E-07,-4.83678E-07,-4.28923E-07,
-8.70047E-07,-8.75726E-07,-8.43493E-07,-5.06746E-07,-4.61202E-07,
-8.00868E-07,-8.15035E-07,-7.80365E-07,-5.27785E-07,-4.92968E-07,
-7.32962E-07,-7.56010E-07,-7.18387E-07,-5.47008E-07,-5.23396E-07,
-6.67283E-07,-6.97982E-07,-6.58460E-07,-5.64468E-07,-5.51610E-07,
-6.04846E-07,-6.39737E-07,-6.02026E-07,-5.78539E-07,-5.76648E-07,
-5.46124E-07,-5.80717E-07,-5.49937E-07,-5.87646E-07,-5.98816E-07,
-4.90677E-07,-5.21980E-07,-5.02110E-07,-5.91767E-07,-6.18192E-07,
-4.37931E-07,-4.65457E-07,-4.57703E-07,-5.90696E-07,-6.33795E-07,
-3.87722E-07,-4.12204E-07,-4.15585E-07,-5.84256E-07,-6.45106E-07,
-3.40382E-07,-3.62494E-07,-3.75083E-07,-5.71416E-07,-6.51854E-07,
-2.96231E-07,-3.15878E-07,-3.36873E-07,-5.52489E-07,-6.53771E-07,
-2.55460E-07,-2.71575E-07,-3.01784E-07,-5.28702E-07,-6.50620E-07,
-2.18100E-07,-2.29728E-07,-2.69936E-07,-4.99785E-07,-6.42075E-07,
-1.83961E-07,-1.91056E-07,-2.40766E-07,-4.64628E-07,-6.27902E-07,
-1.52733E-07,-1.56451E-07,-2.13255E-07,-4.23432E-07,-6.08830E-07,
-1.24224E-07,-1.26862E-07,-1.87062E-07,-3.77043E-07,-5.84926E-07,
-9.87956E-08,-1.01978E-07,-1.62265E-07,-3.26268E-07,-5.56751E-07,
-7.70586E-08,-8.04340E-08,-1.39413E-07,-2.71049E-07,-5.24694E-07,
-5.92971E-08,-6.14001E-08,-1.19040E-07,-2.11360E-07,-4.87935E-07,
-4.50963E-08,-4.49050E-08,-1.01288E-07,-1.49301E-07,-4.46587E-07,
-3.38598E-08,-3.16607E-08,-8.56777E-08,-8.59812E-08,-4.00944E-07,
-2.52388E-08,-2.21087E-08,-7.14438E-08,-2.17181E-08,-3.51773E-07,
-1.93030E-08,-1.54103E-08,-5.79012E-08, 4.30009E-08,-2.99416E-07,
-1.58814E-08,-9.94791E-09,-4.55828E-08, 1.06850E-07,-2.44140E-07,
-1.43591E-08,-4.08848E-09,-3.56345E-08, 1.68727E-07,-1.86902E-07,
-1.38280E-08, 3.36369E-09,-2.81619E-08, 2.27972E-07,-1.28740E-07,
-1.32961E-08, 1.25475E-08,-2.19923E-08, 2.84430E-07,-6.95698E-08,
-1.17191E-08, 2.28261E-08,-1.49777E-08, 3.36967E-07,-9.15237E-09,
-7.98854E-09, 3.32893E-08,-5.16164E-09, 3.84134E-07, 5.13053E-08,
-1.25531E-09, 4.43489E-08, 8.22281E-09, 4.26116E-07, 1.09791E-07,
 9.06981E-09, 5.80084E-08, 2.49476E-08, 4.63211E-07, 1.64767E-07,
 2.35504E-08, 7.62537E-08, 4.44228E-08, 4.95777E-07, 2.16178E-07,
 4.31218E-08, 9.97881E-08, 6.63470E-08, 5.23246E-07, 2.63698E-07,
 6.85462E-08, 1.27987E-07, 9.14632E-08, 5.45111E-07, 3.06310E-07,
 1.00029E-07, 1.59268E-07, 1.21462E-07, 5.60823E-07, 3.44323E-07,
 1.37072E-07, 1.92747E-07, 1.57927E-07, 5.69717E-07, 3.78944E-07,
 1.79139E-07, 2.28535E-07, 2.00702E-07, 5.71930E-07, 4.10456E-07,
 2.25875E-07, 2.67508E-07, 2.47942E-07, 5.68409E-07, 4.37494E-07,
 2.76946E-07, 3.10820E-07, 2.97560E-07, 5.60108E-07, 4.58824E-07,
 3.31725E-07, 3.58889E-07, 3.48382E-07, 5.47777E-07, 4.75197E-07,
 3.89396E-07, 4.10608E-07, 4.00894E-07, 5.32244E-07, 4.87410E-07,
 4.49277E-07, 4.63869E-07, 4.56467E-07, 5.13637E-07, 4.95587E-07,
 5.10794E-07, 5.17046E-07, 5.15769E-07, 4.92019E-07, 4.99591E-07,
 5.73503E-07, 5.69808E-07, 5.78288E-07, 4.67346E-07, 5.00553E-07,
 6.36954E-07, 6.23288E-07, 6.42653E-07, 4.40336E-07, 4.99471E-07,
 7.01107E-07, 6.78780E-07, 7.06544E-07, 4.12814E-07, 4.95813E-07,
 7.65943E-07, 7.36601E-07, 7.68802E-07, 3.85177E-07, 4.89207E-07,
 8.31302E-07, 7.95797E-07, 8.29693E-07, 3.56811E-07, 4.80568E-07,
 8.96634E-07, 8.55062E-07, 8.90381E-07, 3.27730E-07, 4.71898E-07,
 9.61562E-07, 9.13429E-07, 9.51546E-07, 2.98617E-07, 4.63854E-07,
 1.02602E-06, 9.70399E-07, 1.01246E-06, 2.69827E-07, 4.56785E-07,
 1.08990E-06, 1.02624E-06, 1.07132E-06, 2.41030E-07, 4.51141E-07,
 1.15255E-06, 1.08135E-06, 1.12667E-06, 2.13084E-07, 4.47399E-07,
 1.21282E-06, 1.13543E-06, 1.17831E-06, 1.87808E-07, 4.45706E-07,
 1.26972E-06, 1.18722E-06, 1.22664E-06, 1.66621E-07, 4.45439E-07,
 1.32245E-06, 1.23500E-06, 1.27213E-06, 1.49266E-07, 4.46917E-07,
 1.37049E-06, 1.27749E-06, 1.31469E-06, 1.35752E-07, 4.50529E-07,
 1.41315E-06, 1.31466E-06, 1.35371E-06, 1.27582E-07, 4.56699E-07,
 1.44995E-06, 1.34720E-06, 1.38784E-06, 1.25846E-07, 4.65468E-07,
 1.48045E-06, 1.37530E-06, 1.41629E-06, 1.30132E-07, 4.77089E-07,
 1.50434E-06, 1.39847E-06, 1.43922E-06, 1.39481E-07, 4.91628E-07,
 1.52138E-06, 1.41637E-06, 1.45762E-06, 1.54937E-07, 5.08266E-07,
 1.53181E-06, 1.42868E-06, 1.47250E-06, 1.77297E-07, 5.26882E-07,
 1.53655E-06, 1.43581E-06, 1.48415E-06, 2.06050E-07, 5.47359E-07,
 1.53689E-06, 1.43888E-06, 1.49177E-06, 2.40163E-07, 5.69936E-07,
 1.53388E-06, 1.43957E-06, 1.49489E-06, 2.79438E-07, 5.94004E-07,
 1.52808E-06, 1.43931E-06, 1.49413E-06, 3.24504E-07, 6.19493E-07,
 1.52016E-06, 1.43836E-06, 1.49092E-06, 3.74036E-07, 6.47108E-07,
 1.51108E-06, 1.43606E-06, 1.48705E-06, 4.26405E-07, 6.76672E-07,
 1.50200E-06, 1.43204E-06, 1.48350E-06, 4.80911E-07, 7.07418E-07,
 1.49368E-06, 1.42758E-06, 1.48022E-06, 5.38179E-07, 7.38358E-07,
 1.48662E-06, 1.42460E-06, 1.47621E-06, 5.98278E-07, 7.69772E-07,
 1.48096E-06, 1.42449E-06, 1.47082E-06, 6.59856E-07, 8.01716E-07,
 1.47668E-06, 1.42721E-06, 1.46403E-06, 7.21872E-07, 8.33142E-07,
 1.47334E-06, 1.43183E-06, 1.45701E-06, 7.83560E-07, 8.63228E-07,
 1.47053E-06, 1.43666E-06, 1.45171E-06, 8.44173E-07, 8.92572E-07,
 1.46821E-06, 1.44073E-06, 1.44895E-06, 9.02406E-07, 9.21619E-07,
 1.46666E-06, 1.44420E-06, 1.44781E-06, 9.57963E-07, 9.48850E-07,
 1.46592E-06, 1.44824E-06, 1.44682E-06, 1.01085E-06, 9.72840E-07,
 1.46564E-06, 1.45436E-06, 1.44518E-06, 1.06089E-06, 9.93447E-07,
 1.46561E-06, 1.46302E-06, 1.44316E-06, 1.10741E-06, 1.01130E-06,
 1.46610E-06, 1.47296E-06, 1.44229E-06, 1.14896E-06, 1.02606E-06,
 1.46790E-06, 1.48249E-06, 1.44407E-06, 1.18469E-06, 1.03657E-06,
 1.47181E-06, 1.49121E-06, 1.44953E-06, 1.21389E-06, 1.04354E-06,
 1.47851E-06, 1.50003E-06, 1.45889E-06, 1.23631E-06, 1.04781E-06,
 1.48853E-06, 1.51097E-06, 1.47112E-06, 1.25230E-06, 1.04907E-06,
 1.50239E-06, 1.52555E-06, 1.48482E-06, 1.26220E-06, 1.04542E-06,
 1.52029E-06, 1.54429E-06, 1.50015E-06, 1.26606E-06, 1.03648E-06,
 1.54227E-06, 1.56637E-06, 1.51842E-06, 1.26360E-06, 1.02365E-06,
 1.56843E-06, 1.59035E-06, 1.54106E-06, 1.25513E-06, 1.00754E-06,
 1.59895E-06, 1.61505E-06, 1.56818E-06, 1.24055E-06, 9.88099E-07,
 1.63350E-06, 1.64050E-06, 1.59871E-06, 1.21970E-06, 9.65477E-07,
 1.67101E-06, 1.66809E-06, 1.63089E-06, 1.19305E-06, 9.41185E-07,
 1.71009E-06, 1.69865E-06, 1.66328E-06, 1.16168E-06, 9.15640E-07,
 1.74955E-06, 1.73137E-06, 1.69514E-06, 1.12664E-06, 8.88975E-07,
 1.78871E-06, 1.76422E-06, 1.72628E-06, 1.08774E-06, 8.61165E-07,
 1.82678E-06, 1.79527E-06, 1.75710E-06, 1.04527E-06, 8.33797E-07,
 1.86284E-06, 1.82335E-06, 1.78759E-06, 1.00010E-06, 8.08237E-07,
 1.89592E-06, 1.84844E-06, 1.81680E-06, 9.53664E-07, 7.84406E-07,
 1.92527E-06, 1.87094E-06, 1.84320E-06, 9.06196E-07, 7.62686E-07,
 1.95033E-06, 1.89096E-06, 1.86619E-06, 8.57552E-07, 7.43413E-07,
 1.97087E-06, 1.90794E-06, 1.88594E-06, 8.08973E-07, 7.27244E-07,
 1.98712E-06, 1.92080E-06, 1.90327E-06, 7.61860E-07, 7.13853E-07,
 1.99964E-06, 1.92841E-06, 1.91883E-06, 7.16702E-07, 7.03293E-07,
 2.00888E-06, 1.93098E-06, 1.93221E-06, 6.72996E-07, 6.95636E-07,
 2.01481E-06, 1.92990E-06, 1.94258E-06, 6.31283E-07, 6.91149E-07,
 2.01719E-06, 1.92662E-06, 1.94920E-06, 5.92443E-07, 6.89841E-07,
 2.01608E-06, 1.92177E-06, 1.95160E-06, 5.56939E-07, 6.91846E-07,
 2.01197E-06, 1.91470E-06, 1.95005E-06, 5.24160E-07, 6.97683E-07,
 2.00522E-06, 1.90392E-06, 1.94530E-06, 4.94106E-07, 7.07081E-07,
 1.99572E-06, 1.88865E-06, 1.93774E-06, 4.68314E-07, 7.19765E-07,
 1.98267E-06, 1.86954E-06, 1.92683E-06, 4.47659E-07, 7.35107E-07,
 1.96525E-06, 1.84769E-06, 1.91098E-06, 4.32068E-07, 7.52658E-07,
 1.94271E-06, 1.82399E-06, 1.88895E-06, 4.21668E-07, 7.71583E-07,
 1.91471E-06, 1.79805E-06, 1.86083E-06, 4.16971E-07, 7.90842E-07,
 1.88124E-06, 1.76830E-06, 1.82810E-06, 4.18306E-07, 8.10828E-07,
 1.84260E-06, 1.73299E-06, 1.79239E-06, 4.24606E-07, 8.32053E-07,
 1.79908E-06, 1.69164E-06, 1.75432E-06, 4.35147E-07, 8.54022E-07,
 1.75074E-06, 1.64570E-06, 1.71325E-06, 4.50643E-07, 8.75214E-07,
 1.69773E-06, 1.59772E-06, 1.66830E-06, 4.71475E-07, 8.94738E-07,
 1.64066E-06, 1.54969E-06, 1.61901E-06, 4.96925E-07, 9.12643E-07,
 1.58101E-06, 1.50192E-06, 1.56611E-06, 5.25727E-07, 9.28584E-07,
 1.52047E-06, 1.45331E-06, 1.51181E-06, 5.57152E-07, 9.41771E-07,
 1.46038E-06, 1.40298E-06, 1.45837E-06, 5.90157E-07, 9.51663E-07,
 1.40143E-06, 1.35132E-06, 1.40724E-06, 6.23750E-07, 9.58890E-07,
 1.34410E-06, 1.29986E-06, 1.35836E-06, 6.56862E-07, 9.62721E-07,
 1.28899E-06, 1.25104E-06, 1.31041E-06, 6.89772E-07, 9.61395E-07,
 1.23686E-06, 1.20639E-06, 1.26241E-06, 7.22453E-07, 9.53640E-07,
 1.18840E-06, 1.16586E-06, 1.21470E-06, 7.53658E-07, 9.39913E-07,
 1.14398E-06, 1.12830E-06, 1.16862E-06, 7.82552E-07, 9.21195E-07,
 1.10347E-06, 1.09231E-06, 1.12554E-06, 8.08041E-07, 8.97393E-07,
 1.06630E-06, 1.05714E-06, 1.08581E-06, 8.29142E-07, 8.68705E-07,
 1.03160E-06, 1.02367E-06, 1.04847E-06, 8.44572E-07, 8.35924E-07,
 9.98671E-07, 9.93421E-07, 1.01179E-06, 8.54302E-07, 7.99786E-07,
 9.67355E-07, 9.67074E-07, 9.74332E-07, 8.59429E-07, 7.59568E-07,
 9.37661E-07, 9.44091E-07, 9.35866E-07, 8.60165E-07, 7.14746E-07,
 9.09424E-07, 9.22645E-07, 8.97453E-07, 8.55726E-07, 6.65642E-07,
 8.82000E-07, 9.01389E-07, 8.60719E-07, 8.45846E-07, 6.13416E-07,
 8.54824E-07, 8.79970E-07, 8.26647E-07, 8.31105E-07, 5.58311E-07,
 8.27881E-07, 8.58903E-07, 7.94715E-07, 8.11736E-07, 4.99893E-07,
 8.01833E-07, 8.38903E-07, 7.63734E-07, 7.87468E-07, 4.38592E-07,
 7.77343E-07, 8.20616E-07, 7.33472E-07, 7.58505E-07, 3.75006E-07,
 7.54918E-07, 8.03831E-07, 7.04562E-07, 7.26217E-07, 3.09381E-07,
 7.34868E-07, 7.87620E-07, 6.78209E-07, 6.91396E-07, 2.41737E-07,
 7.17280E-07, 7.71280E-07, 6.55314E-07, 6.52912E-07, 1.72642E-07,
 7.02125E-07, 7.54790E-07, 6.35696E-07, 6.10740E-07, 1.02982E-07,
 6.89231E-07, 7.38948E-07, 6.18592E-07, 5.66006E-07, 3.38740E-08,
 6.78569E-07, 7.24078E-07, 6.02864E-07, 5.19578E-07,-3.42062E-08,
 6.69907E-07, 7.09372E-07, 5.87599E-07, 4.71673E-07,-1.00285E-07,
 6.62464E-07, 6.93488E-07, 5.72750E-07, 4.22035E-07,-1.63519E-07,
 6.54664E-07, 6.75006E-07, 5.58646E-07, 3.72289E-07,-2.23731E-07,
 6.44757E-07, 6.53107E-07, 5.44749E-07, 3.23960E-07,-2.80357E-07,
 6.31328E-07, 6.27748E-07, 5.29329E-07, 2.77342E-07,-3.32698E-07,
 6.13412E-07, 5.99164E-07, 5.09891E-07, 2.32161E-07,-3.79965E-07,
 5.90092E-07, 5.67374E-07, 4.84608E-07, 1.89347E-07,-4.21211E-07,
 5.60303E-07, 5.31930E-07, 4.53200E-07, 1.49565E-07,-4.55608E-07,
 5.23108E-07, 4.91616E-07, 4.16325E-07, 1.12281E-07,-4.81813E-07,
 4.78042E-07, 4.45385E-07, 3.74687E-07, 7.67547E-08,-4.99118E-07,
 4.25216E-07, 3.93595E-07, 3.28346E-07, 4.31429E-08,-5.08304E-07,
 3.65309E-07, 3.37565E-07, 2.76503E-07, 1.33192E-08,-5.10053E-07,
 2.99507E-07, 2.79226E-07, 2.18504E-07,-1.24225E-08,-5.04473E-07,
 2.29263E-07, 2.19540E-07, 1.54619E-07,-3.45797E-08,-4.91704E-07,
 1.56009E-07, 1.58225E-07, 8.64914E-08,-5.35200E-08,-4.72677E-07,
 8.07337E-08, 9.45928E-08, 1.71488E-08,-6.95417E-08,-4.48174E-07,
 4.42167E-09, 2.80076E-08,-5.08878E-08,-8.31298E-08,-4.18379E-07,
-7.17804E-08,-4.10189E-08,-1.16589E-07,-9.51174E-08,-3.83404E-07,
-1.46482E-07,-1.11279E-07,-1.80451E-07,-1.05523E-07,-3.45003E-07,
-2.18801E-07,-1.81145E-07,-2.43581E-07,-1.13764E-07,-3.04948E-07,
-2.88576E-07,-2.49470E-07,-3.06225E-07,-1.19991E-07,-2.63610E-07,
-3.56212E-07,-3.16457E-07,-3.67345E-07,-1.25383E-07,-2.20632E-07,
-4.22175E-07,-3.83574E-07,-4.25464E-07,-1.31062E-07,-1.76255E-07,
-4.86711E-07,-4.52115E-07,-4.79641E-07,-1.37667E-07,-1.31603E-07,
-5.50144E-07,-5.22312E-07,-5.29973E-07,-1.46048E-07,-8.65733E-08,
-6.12750E-07,-5.93027E-07,-5.77895E-07,-1.56440E-07,-4.09389E-08,
-6.74964E-07,-6.62188E-07,-6.25441E-07,-1.68699E-07, 3.96813E-09,
-7.36988E-07,-7.28882E-07,-6.74012E-07,-1.82497E-07, 4.60691E-08,
-7.99039E-07,-7.92872E-07,-7.23239E-07,-1.98428E-07, 8.45093E-08,
-8.60932E-07,-8.54696E-07,-7.71618E-07,-2.17913E-07, 1.19961E-07,
-9.21876E-07,-9.15031E-07,-8.17944E-07,-2.41132E-07, 1.52770E-07,
-9.80612E-07,-9.73359E-07,-8.62008E-07,-2.68561E-07, 1.81720E-07,
-1.03591E-06,-1.02818E-06,-9.04586E-07,-3.00335E-07, 2.06016E-07,
-1.08700E-06,-1.07750E-06,-9.46397E-07,-3.36818E-07, 2.25463E-07,
-1.13337E-06,-1.12001E-06,-9.87017E-07,-3.77375E-07, 2.39370E-07,
-1.17432E-06,-1.15603E-06,-1.02535E-06,-4.21004E-07, 2.46307E-07,
-1.20892E-06,-1.18684E-06,-1.05979E-06,-4.67693E-07, 2.45330E-07,
-1.23654E-06,-1.21344E-06,-1.08901E-06,-5.17629E-07, 2.36891E-07,
-1.25713E-06,-1.23605E-06,-1.11313E-06,-5.70054E-07, 2.21471E-07,
-1.27128E-06,-1.25410E-06,-1.13284E-06,-6.23318E-07, 1.98325E-07,
-1.27995E-06,-1.26751E-06,-1.14913E-06,-6.77396E-07, 1.67038E-07,
-1.28435E-06,-1.27715E-06,-1.16246E-06,-7.32122E-07, 1.28342E-07,
-1.28565E-06,-1.28440E-06,-1.17266E-06,-7.86633E-07, 8.25978E-08,
-1.28502E-06,-1.29108E-06,-1.17947E-06,-8.38929E-07, 3.02804E-08,
-1.28328E-06,-1.29848E-06,-1.18374E-06,-8.87967E-07,-2.82357E-08,
-1.28147E-06,-1.30655E-06,-1.18705E-06,-9.34229E-07,-9.20015E-08,
-1.28077E-06,-1.31484E-06,-1.19110E-06,-9.77000E-07,-1.59780E-07,
-1.28240E-06,-1.32270E-06,-1.19688E-06,-1.01521E-06,-2.31355E-07,
-1.28695E-06,-1.33048E-06,-1.20431E-06,-1.04837E-06,-3.06203E-07,
-1.29418E-06,-1.33964E-06,-1.21307E-06,-1.07715E-06,-3.82725E-07,
-1.30356E-06,-1.35075E-06,-1.22257E-06,-1.10178E-06,-4.60245E-07,
-1.31447E-06,-1.36322E-06,-1.23333E-06,-1.12070E-06,-5.38607E-07,
-1.32666E-06,-1.37516E-06,-1.24656E-06,-1.13320E-06,-6.17356E-07,
-1.33971E-06,-1.38467E-06,-1.26329E-06,-1.14015E-06,-6.95745E-07,
-1.35328E-06,-1.39099E-06,-1.28380E-06,-1.14222E-06,-7.72700E-07,
-1.36679E-06,-1.39488E-06,-1.30694E-06,-1.13921E-06,-8.47869E-07,
-1.37974E-06,-1.39784E-06,-1.33093E-06,-1.13115E-06,-9.20327E-07,
-1.39173E-06,-1.40127E-06,-1.35501E-06,-1.11850E-06,-9.88631E-07,
-1.40281E-06,-1.40528E-06,-1.37950E-06,-1.10138E-06,-1.05274E-06,
-1.41377E-06,-1.40902E-06,-1.40555E-06,-1.07900E-06,-1.11370E-06,
-1.42575E-06,-1.41197E-06,-1.43443E-06,-1.05009E-06,-1.17155E-06,
-1.43986E-06,-1.41452E-06,-1.46609E-06,-1.01560E-06,-1.22545E-06,
-1.45671E-06,-1.41901E-06,-1.49957E-06,-9.76259E-07,-1.27432E-06,
-1.47671E-06,-1.42818E-06,-1.53382E-06,-9.32094E-07,-1.31817E-06,
-1.50044E-06,-1.44347E-06,-1.56803E-06,-8.83554E-07,-1.35717E-06,
-1.52873E-06,-1.46488E-06,-1.60247E-06,-8.31026E-07,-1.38994E-06,
-1.56226E-06,-1.49095E-06,-1.63827E-06,-7.75676E-07,-1.41649E-06,
-1.60106E-06,-1.52004E-06,-1.67637E-06,-7.17814E-07,-1.43811E-06,
-1.64442E-06,-1.55181E-06,-1.71692E-06,-6.58013E-07,-1.45507E-06,
-1.69117E-06,-1.58646E-06,-1.75828E-06,-5.98008E-07,-1.46667E-06,
-1.73974E-06,-1.62445E-06,-1.79849E-06,-5.39519E-07,-1.47182E-06,
-1.78868E-06,-1.66566E-06,-1.83608E-06,-4.83885E-07,-1.47081E-06,
-1.83662E-06,-1.70826E-06,-1.87069E-06,-4.32655E-07,-1.46472E-06,
-1.88245E-06,-1.74928E-06,-1.90274E-06,-3.87262E-07,-1.45324E-06,
-1.92484E-06,-1.78628E-06,-1.93260E-06,-3.48677E-07,-1.43615E-06,
-1.96218E-06,-1.81801E-06,-1.96000E-06,-3.17419E-07,-1.41437E-06,
-1.99306E-06,-1.84492E-06,-1.98419E-06,-2.93733E-07,-1.38837E-06,
-2.01675E-06,-1.86782E-06,-2.00413E-06,-2.78764E-07,-1.35776E-06,
-2.03370E-06,-1.88656E-06,-2.01894E-06,-2.73163E-07,-1.32210E-06,
-2.04475E-06,-1.90060E-06,-2.02935E-06,-2.76073E-07,-1.28178E-06,
-2.05088E-06,-1.90926E-06,-2.03645E-06,-2.87193E-07,-1.23847E-06,
-2.05273E-06,-1.91291E-06,-2.04131E-06,-3.06169E-07,-1.19269E-06,
-2.05102E-06,-1.91294E-06,-2.04399E-06,-3.32148E-07,-1.14415E-06,
-2.04663E-06,-1.91122E-06,-2.04372E-06,-3.63754E-07,-1.09397E-06,
-2.04060E-06,-1.90967E-06,-2.03990E-06,-3.99198E-07,-1.04276E-06,
-2.03413E-06,-1.90908E-06,-2.03257E-06,-4.38780E-07,-9.91337E-07,
-2.02816E-06,-1.90877E-06,-2.02244E-06,-4.82239E-07,-9.40112E-07,
-2.02305E-06,-1.90806E-06,-2.01033E-06,-5.28428E-07,-8.89220E-07,
-2.01823E-06,-1.90666E-06,-1.99648E-06,-5.76539E-07,-8.39709E-07,
-2.01256E-06,-1.90515E-06,-1.98040E-06,-6.26703E-07,-7.91841E-07,
-2.00504E-06,-1.90458E-06,-1.96081E-06,-6.79531E-07,-7.45580E-07,
-1.99514E-06,-1.90449E-06,-1.93645E-06,-7.34273E-07,-7.01720E-07,
-1.98250E-06,-1.90329E-06,-1.90727E-06,-7.89597E-07,-6.61362E-07,
-1.96632E-06,-1.89906E-06,-1.87425E-06,-8.44898E-07,-6.24930E-07,
-1.94532E-06,-1.89009E-06,-1.83868E-06,-9.00769E-07,-5.93094E-07,
-1.91838E-06,-1.87599E-06,-1.80101E-06,-9.55883E-07,-5.65626E-07,
-1.88492E-06,-1.85758E-06,-1.76026E-06,-1.00959E-06,-5.41959E-07,
-1.84536E-06,-1.83568E-06,-1.71534E-06,-1.06209E-06,-5.21489E-07,
-1.80067E-06,-1.81080E-06,-1.66669E-06,-1.11348E-06,-5.03040E-07,
-1.75227E-06,-1.78206E-06,-1.61578E-06,-1.16347E-06,-4.87265E-07,
-1.70148E-06,-1.74810E-06,-1.56515E-06,-1.20970E-06,-4.73934E-07,
-1.64924E-06,-1.70861E-06,-1.51714E-06,-1.25134E-06,-4.61870E-07,
-1.59636E-06,-1.66483E-06,-1.47272E-06,-1.28865E-06,-4.50183E-07,
-1.54397E-06,-1.61930E-06,-1.43145E-06,-1.32132E-06,-4.38022E-07,
-1.49387E-06,-1.57421E-06,-1.39185E-06,-1.34833E-06,-4.25516E-07,
-1.44772E-06,-1.53069E-06,-1.35327E-06,-1.36903E-06,-4.12137E-07,
-1.40650E-06,-1.48877E-06,-1.31649E-06,-1.38289E-06,-3.97827E-07,
-1.36989E-06,-1.44785E-06,-1.28306E-06,-1.38860E-06,-3.83800E-07,
-1.33701E-06,-1.40739E-06,-1.25397E-06,-1.38461E-06,-3.71423E-07,
-1.30695E-06,-1.36790E-06,-1.22857E-06,-1.37022E-06,-3.60389E-07,
-1.27911E-06,-1.33032E-06,-1.20470E-06,-1.34661E-06,-3.50077E-07,
-1.25310E-06,-1.29563E-06,-1.18012E-06,-1.31441E-06,-3.40878E-07,
-1.22827E-06,-1.26384E-06,-1.15340E-06,-1.27381E-06,-3.32978E-07,
-1.20357E-06,-1.23351E-06,-1.12480E-06,-1.22564E-06,-3.26670E-07,
-1.17761E-06,-1.20283E-06,-1.09586E-06,-1.16991E-06,-3.20921E-07,
-1.14913E-06,-1.17045E-06,-1.06759E-06,-1.10685E-06,-3.16548E-07,
-1.11769E-06,-1.13634E-06,-1.03969E-06,-1.03621E-06,-3.14915E-07,
-1.08380E-06,-1.10142E-06,-1.01099E-06,-9.59306E-07,-3.15694E-07,
-1.04857E-06,-1.06657E-06,-9.79988E-07,-8.78228E-07,-3.18474E-07,
-1.01293E-06,-1.03196E-06,-9.46683E-07,-7.93344E-07,-3.22272E-07,
-9.77160E-07,-9.96896E-07,-9.12844E-07,-7.04689E-07,-3.27701E-07,
-9.41219E-07,-9.60446E-07,-8.80622E-07,-6.13090E-07,-3.34465E-07,
-9.05355E-07,-9.22392E-07,-8.51699E-07,-5.20239E-07,-3.41614E-07,
-8.70655E-07,-8.82807E-07,-8.25810E-07,-4.26609E-07,-3.48955E-07,
-8.38255E-07,-8.42281E-07,-8.01792E-07,-3.33018E-07,-3.56971E-07,
-8.08724E-07,-8.01556E-07,-7.78741E-07,-2.40638E-07,-3.65783E-07,
-7.81499E-07,-7.60391E-07,-7.56704E-07,-1.51617E-07,-3.74450E-07,
-7.55343E-07,-7.17836E-07,-7.36193E-07,-6.62059E-08,-3.82910E-07,
-7.28774E-07,-6.73043E-07,-7.17303E-07, 1.66261E-08,-3.91047E-07,
-7.00464E-07,-6.25687E-07,-6.99135E-07, 9.58294E-08,-3.99970E-07,
-6.69686E-07,-5.76504E-07,-6.79662E-07, 1.70311E-07,-4.10023E-07,
-6.35993E-07,-5.26293E-07,-6.56266E-07, 2.39431E-07,-4.21499E-07,
-5.98889E-07,-4.74974E-07,-6.26970E-07, 3.04463E-07,-4.35536E-07,
-5.57073E-07,-4.22334E-07,-5.91947E-07, 3.65585E-07,-4.51632E-07,
-5.09208E-07,-3.67791E-07,-5.52252E-07, 4.21482E-07,-4.69589E-07,
-4.54814E-07,-3.10862E-07,-5.08941E-07, 4.71535E-07,-4.88670E-07,
-3.94811E-07,-2.51611E-07,-4.61907E-07, 5.16409E-07,-5.08411E-07,
-3.30907E-07,-1.91169E-07,-4.09867E-07, 5.55616E-07,-5.27888E-07,
-2.64616E-07,-1.31248E-07,-3.52384E-07, 5.87364E-07,-5.45493E-07,
-1.96968E-07,-7.28431E-08,-2.90344E-07, 6.11614E-07,-5.60797E-07,
-1.28659E-07,-1.55821E-08,-2.25829E-07, 6.29499E-07,-5.73265E-07,
-6.04685E-08, 4.12876E-08,-1.61503E-07, 6.42695E-07,-5.82302E-07,
 6.55084E-09, 9.81985E-08,-9.90287E-08, 6.50491E-07,-5.86493E-07,
 7.11353E-08, 1.54380E-07,-3.84381E-08, 6.51795E-07,-5.85441E-07,
 1.08201E-07, 1.87091E-07,-2.57396E-09, 6.49731E-07,-5.82124E-07,
