 1.14066E-07, 1.07081E-07, 1.92800E-07, 1.90157E-07, 2.00736E-07, 1.44961E-07,
 1.14066E-07, 1.07081E-07, 1.92800E-07, 1.90157E-07, 2.00736E-07, 1.44961E-07,
 1.14066E-07, 1.07081E-07, 1.92800E-07, 1.90157E-07, 2.00736E-07, 1.44961E-07,
 1.14066E-07, 1.07081E-07, 1.92800E-07, 1.90157E-07, 2.00736E-07, 1.44961E-07,
 1.14066E-07, 1.07081E-07, 1.92800E-07, 1.90157E-07, 2.00736E-07, 1.44961E-07,
 1.14066E-07, 1.07081E-07, 1.92800E-07, 1.90157E-07, 2.00736E-07, 1.44961E-07,
 1.14066E-07, 1.07081E-07, 1.92800E-07, 1.90157E-07, 2.00736E-07, 1.44961E-07,
 1.14066E-07, 1.07081E-07, 1.92800E-07, 1.90157E-07, 2.00736E-07, 1.44961E-07,
 1.14066E-07, 1.07081E-07, 1.92800E-07, 1.90157E-07, 2.00736E-07, 1.44961E-07,
 1.14066E-07, 1.07081E-07, 1.92800E-07, 1.90157E-07, 2.00736E-07, 1.44961E-07,
 1.13918E-07, 1.07092E-07, 1.92732E-07, 1.89991E-07, 2.00649E-07, 1.44973E-07,
 1.13273E-07, 1.06630E-07, 1.92956E-07, 1.88886E-07, 1.99601E-07, 1.45283E-07,
 1.12469E-07, 1.06001E-07, 1.94345E-07, 1.87855E-07, 1.98918E-07, 1.44867E-07,
 1.11975E-07, 1.05817E-07, 1.95639E-07, 1.86825E-07, 1.98050E-07, 1.43175E-07,
 1.10790E-07, 1.05051E-07, 1.95957E-07, 1.84945E-07, 1.95953E-07, 1.41449E-07,
 1.09511E-07, 1.03545E-07, 1.95249E-07, 1.81030E-07, 1.92544E-07, 1.38855E-07,
 1.07062E-07, 1.01136E-07, 1.93855E-07, 1.74385E-07, 1.86508E-07, 1.36169E-07,
 1.03773E-07, 9.83260E-08, 1.92954E-07, 1.66988E-07, 1.79607E-07, 1.33610E-07,
 9.90163E-08, 9.35058E-08, 1.93220E-07, 1.59552E-07, 1.72914E-07, 1.31263E-07,
 9.26024E-08, 8.74055E-08, 1.94254E-07, 1.52312E-07, 1.65847E-07, 1.29792E-07,
 8.69729E-08, 8.13055E-08, 1.95548E-07, 1.43841E-07, 1.56949E-07, 1.27712E-07,
 8.37084E-08, 7.70072E-08, 1.94425E-07, 1.34043E-07, 1.47668E-07, 1.25786E-07,
 8.20894E-08, 7.46246E-08, 1.89214E-07, 1.22812E-07, 1.37277E-07, 1.23872E-07,
 8.13489E-08, 7.30638E-08, 1.81794E-07, 1.12072E-07, 1.27285E-07, 1.22928E-07,
 8.43377E-08, 7.41324E-08, 1.74227E-07, 1.03815E-07, 1.19799E-07, 1.22311E-07,
 9.08214E-08, 7.93512E-08, 1.68404E-07, 9.94090E-08, 1.14876E-07, 1.23029E-07,
 1.00673E-07, 8.80054E-08, 1.62963E-07, 9.86635E-08, 1.13074E-07, 1.23903E-07,
 1.14408E-07, 9.98770E-08, 1.56939E-07, 9.97149E-08, 1.13566E-07, 1.23114E-07,
 1.30923E-07, 1.16333E-07, 1.49411E-07, 1.01172E-07, 1.15358E-07, 1.21243E-07,
 1.52601E-07, 1.37085E-07, 1.39048E-07, 1.03952E-07, 1.19037E-07, 1.19981E-07,
 1.75483E-07, 1.59940E-07, 1.27210E-07, 1.10525E-07, 1.27094E-07, 1.20733E-07,
 1.96554E-07, 1.80730E-07, 1.18518E-07, 1.22689E-07, 1.37601E-07, 1.22800E-07,
 2.16671E-07, 1.99698E-07, 1.15540E-07, 1.38196E-07, 1.49630E-07, 1.25883E-07,
 2.34536E-07, 2.16676E-07, 1.16682E-07, 1.51781E-07, 1.61110E-07, 1.27626E-07,
 2.49337E-07, 2.32062E-07, 1.17573E-07, 1.61692E-07, 1.69540E-07, 1.28292E-07,
 2.60506E-07, 2.44172E-07, 1.19227E-07, 1.68512E-07, 1.76127E-07, 1.27465E-07,
 2.67992E-07, 2.52769E-07, 1.22306E-07, 1.75515E-07, 1.83469E-07, 1.25681E-07,
 2.70896E-07, 2.57327E-07, 1.27077E-07, 1.83478E-07, 1.91469E-07, 1.26888E-07,
 2.70906E-07, 2.57339E-07, 1.34137E-07, 1.90836E-07, 1.96758E-07, 1.30472E-07,
 2.66516E-07, 2.53333E-07, 1.45765E-07, 1.96671E-07, 2.00110E-07, 1.31171E-07,
 2.58197E-07, 2.43798E-07, 1.61304E-07, 1.99193E-07, 1.99299E-07, 1.28425E-07,
 2.47306E-07, 2.32902E-07, 1.76199E-07, 1.98234E-07, 1.96990E-07, 1.23799E-07,
 2.33775E-07, 2.21491E-07, 1.89707E-07, 1.94377E-07, 1.93962E-07, 1.19268E-07,
 2.22862E-07, 2.12156E-07, 2.00775E-07, 1.91089E-07, 1.91049E-07, 1.15738E-07,
 2.12609E-07, 2.04235E-07, 2.14894E-07, 1.91605E-07, 1.92244E-07, 1.12636E-07,
 2.02491E-07, 1.96088E-07, 2.27234E-07, 1.95949E-07, 1.95441E-07, 1.10363E-07,
 1.95780E-07, 1.89835E-07, 2.35807E-07, 2.01532E-07, 1.99473E-07, 1.10662E-07,
 1.92000E-07, 1.85079E-07, 2.39904E-07, 2.05406E-07, 2.00546E-07, 1.09125E-07,
 1.91578E-07, 1.83298E-07, 2.40583E-07, 2.10865E-07, 2.04017E-07, 1.04594E-07,
 1.90840E-07, 1.82542E-07, 2.37023E-07, 2.18393E-07, 2.10710E-07, 1.03463E-07,
 1.92585E-07, 1.86298E-07, 2.28739E-07, 2.28405E-07, 2.20914E-07, 1.07128E-07,
 1.98647E-07, 1.95595E-07, 2.19486E-07, 2.38855E-07, 2.32885E-07, 1.11822E-07,
 2.09858E-07, 2.07998E-07, 2.06240E-07, 2.49211E-07, 2.43268E-07, 1.15492E-07,
 2.21466E-07, 2.21021E-07, 1.90411E-07, 2.60071E-07, 2.52467E-07, 1.18738E-07,
 2.32782E-07, 2.31866E-07, 1.70835E-07, 2.68410E-07, 2.59009E-07, 1.23510E-07,
 2.41625E-07, 2.38813E-07, 1.49614E-07, 2.71841E-07, 2.60860E-07, 1.29677E-07,
 2.47137E-07, 2.43156E-07, 1.29338E-07, 2.67750E-07, 2.55678E-07, 1.33698E-07,
 2.49215E-07, 2.45697E-07, 1.11001E-07, 2.58572E-07, 2.47265E-07, 1.36360E-07,
 2.47118E-07, 2.45944E-07, 9.38843E-08, 2.43779E-07, 2.34019E-07, 1.40961E-07,
 2.44290E-07, 2.44731E-07, 7.88908E-08, 2.22659E-07, 2.14028E-07, 1.41617E-07,
 2.39699E-07, 2.41463E-07, 6.54972E-08, 1.94741E-07, 1.87087E-07, 1.33398E-07,
 2.33174E-07, 2.34983E-07, 5.21243E-08, 1.62958E-07, 1.55332E-07, 1.21337E-07,
 2.21721E-07, 2.23310E-07, 3.93838E-08, 1.30624E-07, 1.23355E-07, 1.08924E-07,
 2.04887E-07, 2.05407E-07, 3.08368E-08, 9.58096E-08, 9.10330E-08, 9.75577E-08,
 1.82877E-07, 1.83506E-07, 2.41513E-08, 5.84393E-08, 5.51780E-08, 8.16461E-08,
 1.64954E-07, 1.66879E-07, 1.96245E-08, 2.47056E-08, 2.61624E-08, 6.20270E-08,
 1.50277E-07, 1.55097E-07, 1.67560E-08, 2.28724E-08, 2.55950E-08, 4.16553E-08,
 1.35589E-07, 1.43202E-07, 1.43089E-08, 4.30055E-08, 4.32304E-08, 2.99554E-08,
 1.24632E-07, 1.33710E-07, 1.30544E-08, 5.73934E-08, 5.52692E-08, 3.66978E-08,
 1.18398E-07, 1.28147E-07, 1.44653E-08, 6.53703E-08, 6.12746E-08, 5.56588E-08,
 1.15739E-07, 1.24897E-07, 1.84680E-08, 6.61433E-08, 6.10223E-08, 7.04840E-08,
 1.13914E-07, 1.21367E-07, 2.34712E-08, 6.27287E-08, 5.81986E-08, 8.11752E-08,
 1.15112E-07, 1.21083E-07, 2.54002E-08, 5.64421E-08, 5.27723E-08, 9.16009E-08,
 1.21208E-07, 1.26754E-07, 3.09791E-08, 4.60293E-08, 4.35610E-08, 1.02624E-07,
 1.35495E-07, 1.40080E-07, 4.15774E-08, 3.22262E-08, 2.93143E-08, 1.09153E-07,
 1.47759E-07, 1.52502E-07, 5.36344E-08, 2.13045E-08, 1.63787E-08, 1.12678E-07,
 1.57455E-07, 1.60339E-07, 6.13677E-08, 2.17445E-08, 1.66150E-08, 1.10905E-07,
 1.70932E-07, 1.72335E-07, 7.08158E-08, 2.73333E-08, 2.46507E-08, 1.03342E-07,
 1.80843E-07, 1.80926E-07, 8.62429E-08, 2.94017E-08, 2.89080E-08, 9.03589E-08,
 1.82560E-07, 1.80836E-07, 1.02124E-07, 2.61451E-08, 2.62623E-08, 7.72679E-08,
 1.78805E-07, 1.76103E-07, 1.13650E-07, 2.25650E-08, 2.31863E-08, 6.74173E-08,
 1.72547E-07, 1.69041E-07, 1.22239E-07, 2.12895E-08, 2.28600E-08, 5.76577E-08,
 1.64322E-07, 1.61183E-07, 1.32137E-07, 1.87309E-08, 2.43246E-08, 4.58917E-08,
 1.54280E-07, 1.52044E-07, 1.39015E-07, 1.58250E-08, 2.46647E-08, 3.68781E-08,
 1.38362E-07, 1.37970E-07, 1.36839E-07, 1.46323E-08, 2.61125E-08, 3.09681E-08,
 1.20680E-07, 1.21462E-07, 1.28820E-07, 1.54229E-08, 2.73959E-08, 2.66022E-08,
 1.00914E-07, 1.03841E-07, 1.21465E-07, 2.25859E-08, 3.02712E-08, 2.25069E-08,
 7.87379E-08, 8.18662E-08, 1.11951E-07, 3.20893E-08, 3.50004E-08, 2.27478E-08,
 6.43158E-08, 6.67776E-08, 9.47254E-08, 5.10104E-08, 4.54818E-08, 2.06914E-08,
 6.17939E-08, 6.51546E-08, 7.07380E-08, 8.05674E-08, 7.07393E-08, 1.78171E-08,
 6.67550E-08, 7.11199E-08, 4.73124E-08, 1.12901E-07, 1.02961E-07, 1.72072E-08,
 7.76003E-08, 8.45506E-08, 2.53400E-08, 1.43638E-07, 1.38248E-07, 2.12221E-08,
 9.48272E-08, 1.03771E-07, 7.86970E-09, 1.77710E-07, 1.73891E-07, 3.22240E-08,
 1.13619E-07, 1.23390E-07, 1.90168E-08, 2.10351E-07, 2.07192E-07, 4.27582E-08,
 1.36044E-07, 1.46839E-07, 3.04095E-08, 2.40367E-07, 2.37808E-07, 4.98018E-08,
 1.63585E-07, 1.73330E-07, 3.70988E-08, 2.63198E-07, 2.58595E-07, 5.29756E-08,
 1.96890E-07, 2.04764E-07, 3.85016E-08, 2.78541E-07, 2.73122E-07, 5.85894E-08,
 2.36010E-07, 2.42665E-07, 3.33774E-08, 2.96244E-07, 2.91335E-07, 6.25976E-08,
 2.65612E-07, 2.73024E-07, 2.17890E-08, 3.06465E-07, 3.03724E-07, 5.55753E-08,
 2.81574E-07, 2.91506E-07, 2.05252E-08, 3.10702E-07, 3.10647E-07, 4.85920E-08,
 2.91602E-07, 3.03539E-07, 4.18655E-08, 3.10646E-07, 3.11652E-07, 4.49570E-08,
 2.92459E-07, 3.04972E-07, 7.10423E-08, 3.04407E-07, 3.03669E-07, 4.31797E-08,
 2.81295E-07, 2.93830E-07, 1.01887E-07, 2.88670E-07, 2.87492E-07, 3.60545E-08,
 2.65443E-07, 2.77514E-07, 1.30638E-07, 2.74026E-07, 2.70021E-07, 2.42088E-08,
 2.45239E-07, 2.54227E-07, 1.54960E-07, 2.61755E-07, 2.55707E-07, 1.83177E-08,
 2.21125E-07, 2.30037E-07, 1.78593E-07, 2.54000E-07, 2.48895E-07, 1.79404E-08,
 1.94179E-07, 2.04774E-07, 1.97385E-07, 2.51029E-07, 2.46941E-07, 1.99927E-08,
 1.59429E-07, 1.73063E-07, 2.09331E-07, 2.42004E-07, 2.40776E-07, 1.99505E-08,
 1.30054E-07, 1.45532E-07, 2.06782E-07, 2.34945E-07, 2.35569E-07, 2.23885E-08,
 1.08377E-07, 1.22667E-07, 1.97552E-07, 2.26882E-07, 2.27933E-07, 3.15173E-08,
 8.70426E-08, 9.96571E-08, 1.87858E-07, 2.15629E-07, 2.17097E-07, 4.40194E-08,
 7.63806E-08, 8.60199E-08, 1.73266E-07, 2.12590E-07, 2.12755E-07, 5.77209E-08,
 8.12463E-08, 8.73601E-08, 1.54492E-07, 2.22045E-07, 2.21106E-07, 7.72875E-08,
 9.65922E-08, 1.01209E-07, 1.37795E-07, 2.31006E-07, 2.30572E-07, 1.08021E-07,
 1.19262E-07, 1.25945E-07, 1.24994E-07, 2.38849E-07, 2.39060E-07, 1.43214E-07,
 1.46394E-07, 1.54836E-07, 1.13404E-07, 2.45836E-07, 2.46550E-07, 1.79578E-07,
 1.73851E-07, 1.82090E-07, 1.01572E-07, 2.50071E-07, 2.51246E-07, 2.16517E-07,
 2.01596E-07, 2.09145E-07, 9.16380E-08, 2.59302E-07, 2.59275E-07, 2.53494E-07,
 2.23887E-07, 2.30980E-07, 9.91706E-08, 2.66170E-07, 2.65448E-07, 2.86607E-07,
 2.45517E-07, 2.52455E-07, 1.20117E-07, 2.75738E-07, 2.74293E-07, 3.11125E-07,
 2.70172E-07, 2.77712E-07, 1.41775E-07, 2.93410E-07, 2.90350E-07, 3.31369E-07,
 2.85870E-07, 2.91666E-07, 1.67333E-07, 3.05155E-07, 3.02818E-07, 3.45976E-07,
 2.82034E-07, 2.87215E-07, 1.98043E-07, 3.08684E-07, 3.05694E-07, 3.53446E-07,
 2.62741E-07, 2.67254E-07, 2.30071E-07, 3.10706E-07, 3.10808E-07, 3.53816E-07,
 2.32546E-07, 2.34533E-07, 2.58638E-07, 3.07432E-07, 3.10728E-07, 3.48229E-07,
 1.89743E-07, 1.89940E-07, 2.82605E-07, 2.98054E-07, 3.02960E-07, 3.31615E-07,
 1.43439E-07, 1.42798E-07, 3.08474E-07, 2.84872E-07, 2.91120E-07, 3.08695E-07,
 9.76597E-08, 9.73951E-08, 3.35717E-07, 2.65920E-07, 2.72524E-07, 2.83382E-07,
 5.95812E-08, 6.01699E-08, 3.50967E-07, 2.50880E-07, 2.56573E-07, 2.58449E-07,
 3.13572E-08, 3.71362E-08, 3.50695E-07, 2.33318E-07, 2.36946E-07, 2.36602E-07,
 4.84740E-08, 6.07137E-08, 3.43252E-07, 2.06451E-07, 2.10153E-07, 2.13801E-07,
 8.20421E-08, 9.15378E-08, 3.33008E-07, 1.78819E-07, 1.82253E-07, 1.96765E-07,
 1.04809E-07, 1.11803E-07, 3.21229E-07, 1.47893E-07, 1.53505E-07, 1.87269E-07,
 1.19090E-07, 1.22852E-07, 3.02596E-07, 1.10141E-07, 1.14330E-07, 1.81909E-07,
 1.22264E-07, 1.21501E-07, 2.80009E-07, 7.87937E-08, 7.87001E-08, 1.76648E-07,
 1.06793E-07, 1.05128E-07, 2.58381E-07, 6.00057E-08, 5.62826E-08, 1.79007E-07,
 8.22771E-08, 8.02205E-08, 2.30949E-07, 4.86129E-08, 4.13181E-08, 1.92651E-07,
 4.97577E-08, 4.65102E-08, 1.99127E-07, 4.19484E-08, 3.34315E-08, 2.13416E-07,
 2.32413E-08, 1.28952E-08, 1.69410E-07, 3.27724E-08, 2.53356E-08, 2.31185E-07,
 3.15423E-08, 3.32102E-08, 1.45112E-07, 2.45978E-08, 1.98836E-08, 2.44167E-07,
 6.44700E-08, 7.61626E-08, 1.29348E-07, 2.17758E-08, 1.96385E-08, 2.57324E-07,
 9.39146E-08, 1.08112E-07, 1.16471E-07, 2.21517E-08, 1.92388E-08, 2.66453E-07,
 1.20223E-07, 1.34485E-07, 1.01595E-07, 2.65020E-08, 2.02655E-08, 2.68841E-07,
 1.47524E-07, 1.59664E-07, 9.41947E-08, 4.35459E-08, 3.32629E-08, 2.60374E-07,
 1.68872E-07, 1.77565E-07, 9.46940E-08, 5.83621E-08, 4.58984E-08, 2.46241E-07,
 1.76860E-07, 1.84411E-07, 9.99817E-08, 5.71949E-08, 4.44061E-08, 2.29277E-07,
 1.74860E-07, 1.84878E-07, 1.15770E-07, 4.56006E-08, 3.58488E-08, 2.02115E-07,
 1.61685E-07, 1.76430E-07, 1.35673E-07, 2.53801E-08, 1.95405E-08, 1.61283E-07,
 1.42753E-07, 1.61434E-07, 1.55494E-07, 1.01153E-08, 1.26498E-08, 1.24481E-07,
 1.23900E-07, 1.40240E-07, 1.72790E-07, 2.25543E-08, 3.07691E-08, 9.79771E-08,
 1.10895E-07, 1.22661E-07, 1.88988E-07, 4.73758E-08, 6.18648E-08, 7.60405E-08,
 1.09269E-07, 1.17314E-07, 2.06752E-07, 7.59573E-08, 9.17847E-08, 5.84109E-08,
 1.08458E-07, 1.14447E-07, 2.24953E-07, 1.06339E-07, 1.23560E-07, 4.23683E-08,
 9.99353E-08, 1.07760E-07, 2.41165E-07, 1.48644E-07, 1.67358E-07, 3.76315E-08,
 8.97131E-08, 1.02111E-07, 2.52672E-07, 1.90810E-07, 2.06700E-07, 4.61193E-08,
 8.59833E-08, 1.01999E-07, 2.59135E-07, 2.19306E-07, 2.34425E-07, 5.71576E-08,
 8.48649E-08, 1.00950E-07, 2.53992E-07, 2.40330E-07, 2.56687E-07, 7.60051E-08,
 9.27530E-08, 1.04536E-07, 2.42228E-07, 2.47399E-07, 2.65508E-07, 1.08199E-07,
 1.07033E-07, 1.15155E-07, 2.31147E-07, 2.44242E-07, 2.63748E-07, 1.43759E-07,
 1.24080E-07, 1.31317E-07, 2.28650E-07, 2.29483E-07, 2.49603E-07, 1.74487E-07,
 1.35792E-07, 1.46300E-07, 2.23123E-07, 2.04577E-07, 2.20536E-07, 2.01697E-07,
 1.32835E-07, 1.48285E-07, 2.07604E-07, 1.72614E-07, 1.87458E-07, 2.27507E-07,
 1.28035E-07, 1.46049E-07, 1.89720E-07, 1.36015E-07, 1.48507E-07, 2.58616E-07,
 1.29563E-07, 1.48353E-07, 1.69699E-07, 9.11194E-08, 1.00712E-07, 2.89179E-07,
 1.31602E-07, 1.45852E-07, 1.52688E-07, 4.97915E-08, 5.84273E-08, 3.14491E-07,
 1.31045E-07, 1.42573E-07, 1.36660E-07, 3.44631E-08, 3.19960E-08, 3.34854E-07,
 1.35141E-07, 1.45991E-07, 1.31204E-07, 6.31977E-08, 5.34115E-08, 3.44436E-07,
 1.33422E-07, 1.47111E-07, 1.38870E-07, 1.00834E-07, 9.28562E-08, 3.44375E-07,
 1.26691E-07, 1.42789E-07, 1.50198E-07, 1.27304E-07, 1.21828E-07, 3.39716E-07,
 1.15266E-07, 1.31656E-07, 1.54363E-07, 1.41324E-07, 1.36712E-07, 3.35211E-07,
 1.02808E-07, 1.17523E-07, 1.57226E-07, 1.42112E-07, 1.36401E-07, 3.33765E-07,
 1.01468E-07, 1.11173E-07, 1.70791E-07, 1.33144E-07, 1.27839E-07, 3.30164E-07,
 1.01701E-07, 1.08979E-07, 1.92805E-07, 1.19894E-07, 1.17193E-07, 3.23723E-07,
 9.96999E-08, 1.04016E-07, 2.20013E-07, 1.05587E-07, 1.05897E-07, 3.13840E-07,
 1.02488E-07, 1.09677E-07, 2.44846E-07, 9.78832E-08, 1.02094E-07, 3.00005E-07,
 1.08366E-07, 1.14824E-07, 2.69031E-07, 9.24304E-08, 9.90611E-08, 2.89224E-07,
 1.04990E-07, 1.08640E-07, 2.84331E-07, 7.59586E-08, 8.26499E-08, 2.89521E-07,
 1.01664E-07, 1.00845E-07, 2.86113E-07, 5.93834E-08, 6.47914E-08, 3.00449E-07,
 9.91793E-08, 9.37824E-08, 2.82860E-07, 5.07913E-08, 5.39482E-08, 3.12020E-07,
 9.53896E-08, 9.13201E-08, 2.79441E-07, 4.88212E-08, 5.13801E-08, 3.18467E-07,
 9.46455E-08, 9.40204E-08, 2.77355E-07, 5.51964E-08, 5.94683E-08, 3.18877E-07,
 9.36255E-08, 9.74940E-08, 2.69908E-07, 7.31581E-08, 7.69760E-08, 3.22117E-07,
 9.76464E-08, 1.03029E-07, 2.49135E-07, 9.83390E-08, 9.88874E-08, 3.25455E-07,
 1.06280E-07, 1.11871E-07, 2.15510E-07, 1.21724E-07, 1.17006E-07, 3.29293E-07,
 1.10571E-07, 1.11090E-07, 1.75443E-07, 1.31712E-07, 1.21960E-07, 3.34815E-07,
 1.12891E-07, 1.09878E-07, 1.32950E-07, 1.33245E-07, 1.19403E-07, 3.37292E-07,
 1.25300E-07, 1.23618E-07, 9.68090E-08, 1.39968E-07, 1.27578E-07, 3.33027E-07,
 1.37444E-07, 1.41089E-07, 6.66446E-08, 1.43970E-07, 1.32652E-07, 3.12175E-07,
 1.52912E-07, 1.62750E-07, 3.64765E-08, 1.37529E-07, 1.29192E-07, 2.86308E-07,
 1.78107E-07, 1.87757E-07, 1.52117E-08, 1.23041E-07, 1.12015E-07, 2.65326E-07,
 2.00475E-07, 2.04618E-07, 3.51802E-08, 9.44424E-08, 7.70517E-08, 2.47325E-07,
 2.13622E-07, 2.13436E-07, 6.09064E-08, 5.27613E-08, 3.27007E-08, 2.26601E-07,
 2.10928E-07, 2.10603E-07, 7.49531E-08, 1.49451E-08, 2.95179E-08, 1.97767E-07,
 1.93778E-07, 1.96845E-07, 7.54340E-08, 6.80179E-08, 8.64642E-08, 1.63291E-07,
 1.77505E-07, 1.89490E-07, 6.32230E-08, 1.23529E-07, 1.38334E-07, 1.25939E-07,
 1.59608E-07, 1.80618E-07, 4.39109E-08, 1.72891E-07, 1.84567E-07, 8.90469E-08,
 1.33761E-07, 1.57409E-07, 2.79013E-08, 2.18468E-07, 2.31570E-07, 5.41458E-08,
 1.10587E-07, 1.31270E-07, 1.62057E-08, 2.52684E-07, 2.69319E-07, 3.03962E-08,
 8.12099E-08, 9.65954E-08, 9.28438E-09, 2.73037E-07, 2.96396E-07, 1.81158E-08,
 3.60606E-08, 5.00321E-08, 2.98579E-08, 2.91764E-07, 3.16082E-07, 2.93440E-08,
 2.97427E-08, 2.25516E-08, 5.79619E-08, 3.01811E-07, 3.23201E-07, 5.80203E-08,
 7.91023E-08, 5.79014E-08, 8.27514E-08, 3.00747E-07, 3.19121E-07, 9.00367E-08,
 1.19788E-07, 9.43843E-08, 9.59315E-08, 2.84740E-07, 3.01014E-07, 1.13292E-07,
 1.45096E-07, 1.20919E-07, 1.00031E-07, 2.58394E-07, 2.74280E-07, 1.26351E-07,
 1.69994E-07, 1.51688E-07, 9.39910E-08, 2.24844E-07, 2.42247E-07, 1.31808E-07,
 1.93772E-07, 1.82042E-07, 7.95490E-08, 1.87487E-07, 2.06272E-07, 1.32820E-07,
 2.12683E-07, 2.04431E-07, 6.50924E-08, 1.50298E-07, 1.67927E-07, 1.38087E-07,
 2.38869E-07, 2.29742E-07, 5.68434E-08, 1.25996E-07, 1.40308E-07, 1.46426E-07,
 2.62901E-07, 2.50456E-07, 5.15222E-08, 1.11369E-07, 1.19276E-07, 1.49967E-07,
 2.72345E-07, 2.58824E-07, 3.60063E-08, 8.95581E-08, 9.54113E-08, 1.43732E-07,
 2.73685E-07, 2.65117E-07, 1.72309E-08, 6.70612E-08, 7.18606E-08, 1.24537E-07,
 2.74301E-07, 2.71009E-07, 2.16847E-08, 4.34510E-08, 4.82108E-08, 9.69528E-08,
 2.78833E-07, 2.79523E-07, 2.93841E-08, 3.08110E-08, 3.35347E-08, 7.18304E-08,
 2.95291E-07, 2.96999E-07, 2.55964E-08, 2.71917E-08, 2.73364E-08, 5.16486E-08,
 3.16946E-07, 3.17875E-07, 1.67750E-08, 3.15687E-08, 2.93017E-08, 3.56581E-08,
 3.43163E-07, 3.41919E-07, 2.70382E-08, 4.46000E-08, 4.17197E-08, 2.35253E-08,
 3.72556E-07, 3.73327E-07, 5.12073E-08, 6.51135E-08, 6.22962E-08, 6.74554E-09,
 3.91785E-07, 3.97756E-07, 7.10701E-08, 7.78092E-08, 7.41108E-08, 2.62593E-08,
 4.06066E-07, 4.18244E-07, 8.64728E-08, 8.26992E-08, 8.03145E-08, 5.40844E-08,
 4.25230E-07, 4.40529E-07, 1.09747E-07, 9.45327E-08, 8.88545E-08, 6.94357E-08,
 4.36453E-07, 4.49006E-07, 1.40953E-07, 1.05705E-07, 9.73620E-08, 6.85837E-08,
 4.37283E-07, 4.45624E-07, 1.75844E-07, 1.22837E-07, 1.11102E-07, 6.20769E-08,
 4.35058E-07, 4.42206E-07, 2.02080E-07, 1.32782E-07, 1.20582E-07, 5.81127E-08,
 4.20020E-07, 4.31012E-07, 2.11243E-07, 1.37931E-07, 1.28144E-07, 5.67234E-08,
 3.92633E-07, 4.08598E-07, 2.05469E-07, 1.38655E-07, 1.30714E-07, 5.66558E-08,
 3.49718E-07, 3.71855E-07, 1.91960E-07, 1.32018E-07, 1.24616E-07, 5.75772E-08,
 2.94058E-07, 3.14868E-07, 1.74394E-07, 1.19729E-07, 1.09269E-07, 5.38942E-08,
 2.38509E-07, 2.54286E-07, 1.63242E-07, 1.10097E-07, 9.40038E-08, 4.10039E-08,
 1.81143E-07, 1.90199E-07, 1.53581E-07, 1.03200E-07, 8.11582E-08, 2.39377E-08,
 1.15023E-07, 1.22471E-07, 1.34779E-07, 9.26133E-08, 6.99906E-08, 2.39449E-08,
 5.74093E-08, 7.20147E-08, 1.05440E-07, 8.68086E-08, 6.91015E-08, 3.09066E-08,
 1.65761E-08, 3.77068E-08, 6.71417E-08, 7.84278E-08, 6.83140E-08, 4.01948E-08,
 4.26124E-08, 3.39726E-08, 3.07667E-08, 7.40465E-08, 6.77662E-08, 4.69873E-08,
 8.56204E-08, 7.38559E-08, 1.34945E-08, 7.06546E-08, 6.22541E-08, 4.90474E-08,
 1.21213E-07, 1.17438E-07, 2.97975E-08, 6.86535E-08, 5.70284E-08, 4.97329E-08,
 1.42266E-07, 1.48955E-07, 4.46774E-08, 6.88622E-08, 5.45698E-08, 5.22042E-08,
 1.45060E-07, 1.55260E-07, 6.42808E-08, 7.29749E-08, 6.01360E-08, 5.54681E-08,
 1.37196E-07, 1.44727E-07, 9.57988E-08, 7.96228E-08, 7.28011E-08, 6.00059E-08,
 1.20371E-07, 1.19404E-07, 1.32514E-07, 9.45040E-08, 9.58268E-08, 6.62238E-08,
 9.14554E-08, 8.61242E-08, 1.64728E-07, 1.18815E-07, 1.24671E-07, 5.95860E-08,
 6.17382E-08, 6.06535E-08, 1.81965E-07, 1.34414E-07, 1.38194E-07, 4.16482E-08,
 3.98818E-08, 4.55545E-08, 1.91401E-07, 1.47365E-07, 1.45368E-07, 3.34459E-08,
 2.99146E-08, 3.00521E-08, 2.05463E-07, 1.56455E-07, 1.49682E-07, 5.35245E-08,
 4.68931E-08, 3.25002E-08, 2.23195E-07, 1.64219E-07, 1.57619E-07, 7.78230E-08,
 6.94003E-08, 5.60881E-08, 2.45493E-07, 1.69367E-07, 1.67433E-07, 1.04183E-07,
 8.56257E-08, 7.93666E-08, 2.74499E-07, 1.72296E-07, 1.77620E-07, 1.33864E-07,
 9.09452E-08, 8.87528E-08, 2.98831E-07, 1.70841E-07, 1.79542E-07, 1.69213E-07,
 8.54510E-08, 8.29565E-08, 3.07654E-07, 1.62136E-07, 1.69861E-07, 2.10043E-07,
 7.33522E-08, 6.40206E-08, 3.05029E-07, 1.38532E-07, 1.41975E-07, 2.49983E-07,
 5.18180E-08, 3.77450E-08, 3.01516E-07, 9.71429E-08, 9.48802E-08, 2.76852E-07,
 3.24110E-08, 2.01345E-08, 3.12170E-07, 5.89888E-08, 5.89647E-08, 2.87953E-07,
 2.03270E-08, 1.67041E-08, 3.26942E-07, 2.55256E-08, 3.19470E-08, 2.84101E-07,
 2.28831E-08, 2.37248E-08, 3.32822E-07, 1.67666E-08, 1.88286E-08, 2.74108E-07,
 3.22947E-08, 3.12979E-08, 3.26522E-07, 3.91497E-08, 3.03409E-08, 2.67565E-07,
 3.30590E-08, 3.18846E-08, 3.09720E-07, 6.45005E-08, 5.47342E-08, 2.61657E-07,
 2.90752E-08, 2.81434E-08, 2.86606E-07, 9.00675E-08, 8.35087E-08, 2.54623E-07,
 2.90966E-08, 2.06277E-08, 2.62358E-07, 1.12443E-07, 1.07375E-07, 2.42156E-07,
 4.11719E-08, 2.97674E-08, 2.49207E-07, 1.29262E-07, 1.22749E-07, 2.17267E-07,
 6.75112E-08, 6.40403E-08, 2.49846E-07, 1.32608E-07, 1.21440E-07, 1.86544E-07,
 1.09297E-07, 1.14309E-07, 2.53815E-07, 1.13789E-07, 9.66409E-08, 1.63674E-07,
 1.61993E-07, 1.69202E-07, 2.43513E-07, 8.33109E-08, 6.68797E-08, 1.53450E-07,
 2.21446E-07, 2.25839E-07, 2.22841E-07, 4.85262E-08, 3.21324E-08, 1.53291E-07,
 2.86974E-07, 2.87156E-07, 2.00155E-07, 4.76268E-08, 3.56511E-08, 1.56519E-07,
 3.41236E-07, 3.41779E-07, 1.86224E-07, 8.51348E-08, 7.83717E-08, 1.60405E-07,
 3.73921E-07, 3.79296E-07, 1.83656E-07, 1.31960E-07, 1.28128E-07, 1.61868E-07,
 3.91702E-07, 4.04120E-07, 1.84535E-07, 1.86482E-07, 1.85353E-07, 1.58297E-07,
 4.04322E-07, 4.23542E-07, 1.81997E-07, 2.41576E-07, 2.40919E-07, 1.53766E-07,
 4.17369E-07, 4.36022E-07, 1.67125E-07, 2.97396E-07, 2.93917E-07, 1.59483E-07,
 4.23876E-07, 4.38596E-07, 1.38228E-07, 3.50200E-07, 3.41696E-07, 1.75882E-07,
 4.15602E-07, 4.24266E-07, 1.04959E-07, 3.89039E-07, 3.75821E-07, 1.93136E-07,
 3.90303E-07, 3.98901E-07, 8.05879E-08, 4.17199E-07, 4.06104E-07, 1.96528E-07,
 3.48481E-07, 3.61115E-07, 6.86662E-08, 4.25961E-07, 4.17905E-07, 1.87684E-07,
 2.92954E-07, 3.11455E-07, 6.67688E-08, 4.14040E-07, 4.12104E-07, 1.77645E-07,
 2.42124E-07, 2.62877E-07, 6.28332E-08, 4.03149E-07, 4.01981E-07, 1.66250E-07,
 2.10045E-07, 2.24797E-07, 5.37956E-08, 3.93072E-07, 3.88786E-07, 1.54341E-07,
 1.91180E-07, 1.97281E-07, 4.20680E-08, 3.78847E-07, 3.69289E-07, 1.44607E-07,
 1.77078E-07, 1.71691E-07, 3.45382E-08, 3.64124E-07, 3.50229E-07, 1.37804E-07,
 1.56971E-07, 1.48362E-07, 3.53178E-08, 3.45834E-07, 3.33667E-07, 1.25003E-07,
 1.30683E-07, 1.25275E-07, 5.13896E-08, 3.23279E-07, 3.17510E-07, 1.02224E-07,
 1.07847E-07, 1.10772E-07, 7.88047E-08, 3.04491E-07, 3.05397E-07, 7.30818E-08,
 9.75725E-08, 1.02716E-07, 1.10257E-07, 2.86845E-07, 2.89236E-07, 5.58546E-08,
 1.05479E-07, 1.06676E-07, 1.37268E-07, 2.87634E-07, 2.86698E-07, 5.39400E-08,
 1.31442E-07, 1.24669E-07, 1.61331E-07, 3.15989E-07, 3.07766E-07, 5.64704E-08,
 1.61342E-07, 1.44964E-07, 1.90908E-07, 3.53386E-07, 3.41550E-07, 5.97827E-08,
 1.83945E-07, 1.66603E-07, 2.25493E-07, 3.94040E-07, 3.82230E-07, 6.14947E-08,
 2.02765E-07, 1.90536E-07, 2.70306E-07, 4.36736E-07, 4.29424E-07, 6.84423E-08,
 2.16492E-07, 2.14452E-07, 3.21117E-07, 4.73024E-07, 4.73088E-07, 7.84719E-08,
 2.31039E-07, 2.34005E-07, 3.57166E-07, 5.04515E-07, 5.06905E-07, 9.62578E-08,
 2.49122E-07, 2.49988E-07, 3.70447E-07, 5.32694E-07, 5.32722E-07, 1.24429E-07,
 2.70627E-07, 2.61371E-07, 3.72039E-07, 5.52921E-07, 5.47968E-07, 1.58676E-07,
 2.87489E-07, 2.71266E-07, 3.74944E-07, 5.68602E-07, 5.59425E-07, 1.87150E-07,
 2.89088E-07, 2.73274E-07, 3.82262E-07, 5.64945E-07, 5.57048E-07, 2.03996E-07,
 2.76899E-07, 2.66628E-07, 3.87765E-07, 5.31412E-07, 5.27560E-07, 2.10175E-07,
 2.59244E-07, 2.58138E-07, 3.84967E-07, 4.76107E-07, 4.75920E-07, 2.13932E-07,
 2.38730E-07, 2.42077E-07, 3.72791E-07, 4.04006E-07, 4.06406E-07, 2.25108E-07,
 2.12376E-07, 2.13162E-07, 3.51811E-07, 3.20293E-07, 3.21139E-07, 2.33442E-07,
 1.86884E-07, 1.80494E-07, 3.21921E-07, 2.40742E-07, 2.36513E-07, 2.37098E-07,
 1.64559E-07, 1.53206E-07, 2.97764E-07, 1.67662E-07, 1.61058E-07, 2.29988E-07,
 1.45965E-07, 1.33622E-07, 2.96377E-07, 9.68424E-08, 8.92857E-08, 2.10112E-07,
 1.24588E-07, 1.20164E-07, 3.14901E-07, 3.47033E-08, 2.87452E-08, 1.83657E-07,
 1.00692E-07, 1.02592E-07, 3.31957E-07, 3.14878E-08, 3.33432E-08, 1.59197E-07,
 8.09008E-08, 8.44973E-08, 3.35527E-07, 7.95629E-08, 8.43178E-08, 1.40995E-07,
 6.52740E-08, 6.66384E-08, 3.35348E-07, 1.11135E-07, 1.18921E-07, 1.29363E-07,
 5.12230E-08, 4.76618E-08, 3.39013E-07, 1.28560E-07, 1.39863E-07, 1.21245E-07,
 4.71873E-08, 4.19834E-08, 3.52315E-07, 1.27449E-07, 1.39339E-07, 1.10464E-07,
 5.86266E-08, 5.80256E-08, 3.70574E-07, 1.03849E-07, 1.14260E-07, 9.00603E-08,
 8.36305E-08, 9.13000E-08, 3.88296E-07, 7.24252E-08, 8.04388E-08, 6.45829E-08,
 1.17207E-07, 1.30168E-07, 3.99913E-07, 3.98149E-08, 4.88510E-08, 4.54438E-08,
 1.52207E-07, 1.66397E-07, 3.88900E-07, 5.94009E-09, 1.23238E-08, 3.91593E-08,
 1.88218E-07, 1.96296E-07, 3.52845E-07, 3.89913E-08, 2.17623E-08, 4.31151E-08,
 2.26856E-07, 2.30098E-07, 3.05163E-07, 7.17274E-08, 5.20799E-08, 4.77575E-08,
 2.65263E-07, 2.69499E-07, 2.67104E-07, 9.55588E-08, 8.06983E-08, 4.55579E-08,
 3.02306E-07, 3.11484E-07, 2.35079E-07, 1.11167E-07, 1.01795E-07, 4.25761E-08,
 3.39481E-07, 3.57208E-07, 1.99816E-07, 1.24224E-07, 1.22100E-07, 4.08971E-08,
 3.64100E-07, 3.85911E-07, 1.53179E-07, 1.31952E-07, 1.30934E-07, 3.89373E-08,
 3.68331E-07, 3.86542E-07, 1.00461E-07, 1.22575E-07, 1.20114E-07, 4.83942E-08,
 3.56286E-07, 3.65697E-07, 4.93512E-08, 1.06174E-07, 9.92292E-08, 6.95633E-08,
 3.28322E-07, 3.32498E-07, 3.11098E-08, 8.94914E-08, 8.01576E-08, 9.54128E-08,
 2.90968E-07, 2.95626E-07, 4.61492E-08, 6.76813E-08, 6.06982E-08, 1.12668E-07,
 2.48863E-07, 2.62981E-07, 5.55478E-08, 5.07546E-08, 5.24400E-08, 1.17540E-07,
 2.05586E-07, 2.31369E-07, 5.46832E-08, 4.70291E-08, 5.40388E-08, 1.22408E-07,
 1.66600E-07, 1.95184E-07, 5.04549E-08, 5.33144E-08, 5.85802E-08, 1.33045E-07,
 1.30530E-07, 1.55280E-07, 4.82445E-08, 6.52795E-08, 6.63923E-08, 1.48477E-07,
 9.48747E-08, 1.09678E-07, 4.30976E-08, 8.01435E-08, 7.38693E-08, 1.63494E-07,
 7.07450E-08, 7.82995E-08, 3.21764E-08, 9.10444E-08, 8.02119E-08, 1.72309E-07,
 6.28200E-08, 6.73321E-08, 2.82292E-08, 1.05333E-07, 9.41881E-08, 1.74352E-07,
 6.37337E-08, 6.42574E-08, 4.80888E-08, 1.22617E-07, 1.17102E-07, 1.67266E-07,
 6.58553E-08, 6.72857E-08, 7.25894E-08, 1.41430E-07, 1.44430E-07, 1.51546E-07,
 7.54765E-08, 8.53451E-08, 8.30292E-08, 1.74622E-07, 1.79938E-07, 1.43914E-07,
 1.03626E-07, 1.16829E-07, 8.02018E-08, 2.13979E-07, 2.15272E-07, 1.50658E-07,
 1.52280E-07, 1.56071E-07, 7.50112E-08, 2.50543E-07, 2.43384E-07, 1.60920E-07,
 2.09245E-07, 2.04978E-07, 7.14002E-08, 2.76167E-07, 2.66753E-07, 1.65954E-07,
 2.63771E-07, 2.60041E-07, 6.70186E-08, 2.92871E-07, 2.84409E-07, 1.60710E-07,
 3.18571E-07, 3.23398E-07, 6.58164E-08, 3.04377E-07, 3.01567E-07, 1.49440E-07,
 3.65854E-07, 3.77696E-07, 6.47069E-08, 3.15262E-07, 3.19909E-07, 1.49162E-07,
 4.00856E-07, 4.16713E-07, 5.52616E-08, 3.24237E-07, 3.32185E-07, 1.63252E-07,
 4.37155E-07, 4.47700E-07, 4.74177E-08, 3.30739E-07, 3.37055E-07, 1.87856E-07,
 4.62814E-07, 4.61096E-07, 5.11597E-08, 3.30407E-07, 3.30437E-07, 2.19112E-07,
 4.58789E-07, 4.52868E-07, 5.13418E-08, 3.07094E-07, 3.04310E-07, 2.43089E-07,
 4.28503E-07, 4.22648E-07, 3.81225E-08, 2.67483E-07, 2.65340E-07, 2.56659E-07,
 3.77376E-07, 3.79379E-07, 2.99539E-08, 2.21550E-07, 2.23720E-07, 2.61209E-07,
 3.16968E-07, 3.25809E-07, 3.07039E-08, 1.74447E-07, 1.79442E-07, 2.71445E-07,
 2.67545E-07, 2.75851E-07, 3.66633E-08, 1.29319E-07, 1.33806E-07, 2.91161E-07,
 2.28515E-07, 2.29283E-07, 4.51846E-08, 9.06815E-08, 9.26602E-08, 3.16437E-07,
 2.02730E-07, 1.96595E-07, 5.04093E-08, 5.81411E-08, 5.48830E-08, 3.34230E-07,
 1.90137E-07, 1.80672E-07, 5.87437E-08, 2.92719E-08, 2.63656E-08, 3.28852E-07,
 1.72270E-07, 1.66674E-07, 7.62341E-08, 2.00521E-08, 2.34234E-08, 2.96585E-07,
 1.59075E-07, 1.62492E-07, 9.90939E-08, 4.72340E-08, 4.76864E-08, 2.53833E-07,
 1.66194E-07, 1.70891E-07, 1.15178E-07, 6.45589E-08, 6.35827E-08, 2.17754E-07,
 1.90996E-07, 1.91496E-07, 1.09400E-07, 7.01842E-08, 7.23281E-08, 1.88198E-07,
 2.31371E-07, 2.22269E-07, 8.58407E-08, 6.94692E-08, 7.39995E-08, 1.64263E-07,
 2.81719E-07, 2.66849E-07, 6.06775E-08, 5.88083E-08, 6.27344E-08, 1.35630E-07,
 3.20118E-07, 3.07121E-07, 4.72483E-08, 3.64007E-08, 3.60177E-08, 9.66284E-08,
 3.45339E-07, 3.39957E-07, 3.94333E-08, 1.27757E-08, 4.51587E-09, 5.33463E-08,
 3.56461E-07, 3.58684E-07, 3.23294E-08, 2.46859E-08, 3.13673E-08, 1.06084E-08,
 3.56766E-07, 3.60606E-07, 2.36702E-08, 5.46387E-08, 6.43977E-08, 2.21817E-08,
 3.60336E-07, 3.57064E-07, 1.99433E-08, 9.33331E-08, 1.00913E-07, 2.84984E-08,
 3.54732E-07, 3.41312E-07, 3.95714E-08, 1.37863E-07, 1.41200E-07, 1.98795E-08,
 3.28065E-07, 3.11519E-07, 6.18808E-08, 1.76412E-07, 1.78235E-07, 1.84742E-08,
 2.84982E-07, 2.74197E-07, 7.14218E-08, 2.10595E-07, 2.16646E-07, 3.23934E-08,
 2.24986E-07, 2.28509E-07, 6.47362E-08, 2.35784E-07, 2.48081E-07, 5.24648E-08,
 1.46143E-07, 1.60431E-07, 4.96412E-08, 2.45144E-07, 2.59380E-07, 6.86856E-08,
 6.73947E-08, 8.31493E-08, 4.19213E-08, 2.35620E-07, 2.47798E-07, 7.80562E-08,
 1.26882E-08, 1.00176E-08, 5.02950E-08, 2.15853E-07, 2.20221E-07, 8.65305E-08,
 8.02778E-08, 8.13225E-08, 6.73819E-08, 1.92984E-07, 1.86225E-07, 1.00554E-07,
 1.40519E-07, 1.45711E-07, 7.97254E-08, 1.68151E-07, 1.55749E-07, 1.22074E-07,
 1.98642E-07, 1.96435E-07, 8.48835E-08, 1.41678E-07, 1.28943E-07, 1.58850E-07,
 2.38141E-07, 2.22720E-07, 7.82992E-08, 1.17929E-07, 1.12554E-07, 2.11505E-07,
 2.51674E-07, 2.26869E-07, 7.33633E-08, 1.02184E-07, 1.00278E-07, 2.70195E-07,
 2.51269E-07, 2.27087E-07, 8.03575E-08, 8.81462E-08, 8.48736E-08, 3.13015E-07,
 2.40031E-07, 2.28021E-07, 9.65848E-08, 8.37663E-08, 7.29615E-08, 3.44915E-07,
 2.10554E-07, 2.11951E-07, 1.12128E-07, 9.49044E-08, 7.50360E-08, 3.81490E-07,
 1.75374E-07, 1.82505E-07, 1.23662E-07, 1.21893E-07, 9.74079E-08, 4.24326E-07,
 1.33155E-07, 1.36730E-07, 1.21048E-07, 1.58894E-07, 1.36397E-07, 4.66274E-07,
 8.85466E-08, 8.23584E-08, 1.00629E-07, 2.02142E-07, 1.87543E-07, 4.96376E-07,
 4.38176E-08, 3.43815E-08, 8.03306E-08, 2.48288E-07, 2.40228E-07, 5.10125E-07,
 9.78796E-09, 2.04043E-08, 7.64719E-08, 2.92710E-07, 2.88070E-07, 5.05973E-07,
 3.93669E-08, 3.94720E-08, 8.92734E-08, 3.29284E-07, 3.17583E-07, 4.87354E-07,
 5.79825E-08, 4.47268E-08, 9.96606E-08, 3.56678E-07, 3.38447E-07, 4.54317E-07,
 7.20506E-08, 5.56688E-08, 9.13763E-08, 3.84195E-07, 3.62533E-07, 4.21002E-07,
 8.76442E-08, 7.74453E-08, 6.73065E-08, 4.00054E-07, 3.81620E-07, 3.93885E-07,
 9.41652E-08, 9.51130E-08, 4.84230E-08, 3.98616E-07, 3.87887E-07, 3.65970E-07,
 1.00221E-07, 1.07569E-07, 3.95431E-08, 3.78758E-07, 3.74443E-07, 3.27833E-07,
 9.76012E-08, 1.04946E-07, 3.78493E-08, 3.41258E-07, 3.41798E-07, 2.80898E-07,
 8.38891E-08, 8.50726E-08, 4.10933E-08, 2.86856E-07, 2.86579E-07, 2.33901E-07,
 6.13537E-08, 5.96998E-08, 4.78887E-08, 2.17359E-07, 2.15731E-07, 1.93352E-07,
 3.88759E-08, 4.50862E-08, 4.97911E-08, 1.40252E-07, 1.39015E-07, 1.64276E-07,
 3.04440E-08, 4.92761E-08, 4.62310E-08, 7.40402E-08, 7.89924E-08, 1.47534E-07,
 3.62658E-08, 5.62732E-08, 5.71918E-08, 4.34870E-08, 5.22543E-08, 1.30316E-07,
 4.76279E-08, 6.56354E-08, 6.54461E-08, 7.88909E-08, 7.42973E-08, 1.09866E-07,
 6.03947E-08, 7.51561E-08, 5.84485E-08, 1.17578E-07, 1.09110E-07, 8.67186E-08,
 6.33071E-08, 8.32884E-08, 5.08566E-08, 1.41455E-07, 1.33575E-07, 5.96119E-08,
 6.87843E-08, 9.06763E-08, 4.95898E-08, 1.48420E-07, 1.40579E-07, 3.83266E-08,
 6.79125E-08, 9.15367E-08, 4.76718E-08, 1.42058E-07, 1.33857E-07, 3.06076E-08,
 5.64164E-08, 7.66987E-08, 4.61279E-08, 1.21785E-07, 1.09897E-07, 3.25157E-08,
 3.59682E-08, 5.76595E-08, 4.57008E-08, 8.49669E-08, 7.09132E-08, 3.43155E-08,
 2.41516E-08, 5.07229E-08, 4.26337E-08, 3.95131E-08, 4.73798E-08, 3.61547E-08,
 4.56889E-08, 5.70559E-08, 3.52409E-08, 4.97585E-08, 8.30155E-08, 3.96430E-08,
 7.11569E-08, 6.28406E-08, 4.50357E-08, 1.00615E-07, 1.31058E-07, 4.81492E-08,
 8.96105E-08, 7.20182E-08, 6.39614E-08, 1.52032E-07, 1.80389E-07, 5.50236E-08,
 9.80816E-08, 8.48266E-08, 7.41627E-08, 1.83391E-07, 2.14750E-07, 5.56660E-08,
 9.11789E-08, 8.96793E-08, 8.07098E-08, 1.97468E-07, 2.34096E-07, 5.07839E-08,
 8.87054E-08, 9.29505E-08, 9.48365E-08, 2.02307E-07, 2.41261E-07, 4.37989E-08,
 8.72307E-08, 8.87770E-08, 1.33635E-07, 2.05114E-07, 2.42030E-07, 3.57682E-08,
 7.53872E-08, 6.65074E-08, 1.86667E-07, 2.00772E-07, 2.31355E-07, 3.02335E-08,
 4.95646E-08, 3.44092E-08, 2.35309E-07, 1.85919E-07, 2.07575E-07, 2.82723E-08,
 1.82888E-08, 2.66902E-08, 2.71873E-07, 1.51181E-07, 1.69339E-07, 2.58768E-08,
 5.50827E-08, 6.57946E-08, 2.96418E-07, 1.00350E-07, 1.20653E-07, 1.32677E-08,
 1.26024E-07, 1.21693E-07, 3.14015E-07, 4.00793E-08, 6.70376E-08, 3.06847E-08,
 2.04936E-07, 1.92860E-07, 3.35927E-07, 2.28059E-08, 1.54398E-08, 6.38172E-08,
 2.76302E-07, 2.66354E-07, 3.68579E-07, 6.38837E-08, 4.01366E-08, 8.59206E-08,
 3.28328E-07, 3.29798E-07, 4.10652E-07, 8.79812E-08, 7.33271E-08, 1.06472E-07,
 3.76143E-07, 3.86652E-07, 4.51000E-07, 1.06980E-07, 1.01056E-07, 1.35359E-07,
 4.18953E-07, 4.29458E-07, 4.80184E-07, 1.21275E-07, 1.20263E-07, 1.65948E-07,
 4.49813E-07, 4.50145E-07, 4.92270E-07, 1.26008E-07, 1.24600E-07, 2.02295E-07,
 4.65539E-07, 4.55749E-07, 4.97439E-07, 1.25705E-07, 1.17484E-07, 2.43501E-07,
 4.64566E-07, 4.48916E-07, 5.19262E-07, 1.10166E-07, 9.95867E-08, 2.88391E-07,
 4.37894E-07, 4.26190E-07, 5.58217E-07, 7.84603E-08, 6.94114E-08, 3.24894E-07,
 3.83113E-07, 3.83341E-07, 5.95008E-07, 3.66028E-08, 3.62400E-08, 3.47531E-07,
 3.10782E-07, 3.19805E-07, 6.17886E-07, 2.84283E-08, 2.74902E-08, 3.63639E-07,
 2.37044E-07, 2.45517E-07, 6.26143E-07, 5.60439E-08, 4.84645E-08, 3.87867E-07,
 1.75648E-07, 1.73651E-07, 6.21286E-07, 7.47719E-08, 6.96334E-08, 4.21213E-07,
 1.18912E-07, 1.05379E-07, 6.14548E-07, 9.21045E-08, 9.29163E-08, 4.46936E-07,
 7.06980E-08, 5.40713E-08, 6.07484E-07, 1.00285E-07, 1.07561E-07, 4.51084E-07,
 4.13757E-08, 3.35294E-08, 6.07901E-07, 9.43219E-08, 1.03409E-07, 4.41475E-07,
 5.08112E-08, 4.67625E-08, 6.16349E-07, 8.43271E-08, 8.89325E-08, 4.25362E-07,
 7.84988E-08, 7.04613E-08, 6.12414E-07, 6.75921E-08, 7.16129E-08, 4.03498E-07,
 8.97085E-08, 8.45017E-08, 5.82617E-07, 4.30075E-08, 4.85281E-08, 3.85991E-07,
 7.75933E-08, 8.26019E-08, 5.32729E-07, 2.54159E-08, 3.47052E-08, 3.75736E-07,
 5.36588E-08, 6.51126E-08, 4.87821E-07, 5.66490E-08, 5.32787E-08, 3.66958E-07,
 3.75322E-08, 4.27766E-08, 4.52867E-07, 9.79089E-08, 8.73891E-08, 3.55579E-07,
 5.77518E-08, 5.61180E-08, 4.23165E-07, 1.42500E-07, 1.33467E-07, 3.33695E-07,
 9.98384E-08, 1.06588E-07, 3.89325E-07, 1.94886E-07, 1.89395E-07, 3.02786E-07,
 1.39312E-07, 1.50612E-07, 3.48643E-07, 2.41887E-07, 2.38193E-07, 2.84433E-07,
 1.71667E-07, 1.82253E-07, 2.95467E-07, 2.70795E-07, 2.65156E-07, 2.84425E-07,
 2.05340E-07, 2.09904E-07, 2.36194E-07, 2.88468E-07, 2.77008E-07, 2.93822E-07,
 2.30219E-07, 2.32120E-07, 1.77409E-07, 2.98058E-07, 2.81613E-07, 3.00814E-07,
 2.31891E-07, 2.40047E-07, 1.29608E-07, 2.94435E-07, 2.76173E-07, 2.96250E-07,
 2.10463E-07, 2.29469E-07, 1.05930E-07, 2.81773E-07, 2.67345E-07, 2.79335E-07,
 1.75575E-07, 2.03408E-07, 8.97374E-08, 2.54173E-07, 2.43329E-07, 2.57351E-07,
 1.32688E-07, 1.64465E-07, 6.34287E-08, 2.13681E-07, 2.05125E-07, 2.38585E-07,
 8.00875E-08, 1.11381E-07, 3.22422E-08, 1.57802E-07, 1.44298E-07, 2.25155E-07,
 2.65513E-08, 5.90286E-08, 3.87758E-08, 8.96664E-08, 7.43270E-08, 2.20702E-07,
 3.29474E-08, 5.10986E-08, 6.99452E-08, 3.28468E-08, 4.34840E-08, 2.16455E-07,
 6.61821E-08, 6.58724E-08, 9.01915E-08, 3.77399E-08, 7.36393E-08, 1.98689E-07,
 9.36054E-08, 7.49991E-08, 1.01346E-07, 7.69117E-08, 1.10761E-07, 1.60790E-07,
 1.04163E-07, 7.37887E-08, 1.10644E-07, 1.14111E-07, 1.43064E-07, 1.21895E-07,
 8.85343E-08, 5.92721E-08, 1.20400E-07, 1.40791E-07, 1.67376E-07, 9.48467E-08,
 4.66616E-08, 3.59491E-08, 1.36857E-07, 1.64400E-07, 1.97282E-07, 8.29590E-08,
 1.16683E-08, 4.31184E-08, 1.60768E-07, 1.78804E-07, 2.18792E-07, 8.12636E-08,
 6.92290E-08, 9.06250E-08, 1.76634E-07, 1.79264E-07, 2.23904E-07, 7.64735E-08,
 1.38400E-07, 1.62707E-07, 1.73604E-07, 1.58340E-07, 1.98804E-07, 6.34897E-08,
 2.15353E-07, 2.51465E-07, 1.53500E-07, 1.24860E-07, 1.53966E-07, 5.21618E-08,
 2.89627E-07, 3.33803E-07, 1.35191E-07, 8.94468E-08, 1.08749E-07, 4.80843E-08,
 3.65588E-07, 4.08895E-07, 1.25038E-07, 5.35493E-08, 6.93682E-08, 5.20463E-08,
 4.41661E-07, 4.71780E-07, 1.22279E-07, 9.82362E-09, 2.66259E-08, 7.44682E-08,
 4.98780E-07, 5.17117E-07, 1.16957E-07, 5.67383E-08, 3.67077E-08, 1.14361E-07,
 5.29453E-07, 5.41484E-07, 9.73511E-08, 1.04802E-07, 7.85666E-08, 1.54872E-07,
 5.34632E-07, 5.52762E-07, 6.84140E-08, 1.50751E-07, 1.29498E-07, 1.82154E-07,
 5.22463E-07, 5.52740E-07, 3.86954E-08, 1.85514E-07, 1.76480E-07, 1.97159E-07,
 4.97591E-07, 5.34419E-07, 3.45171E-08, 2.07387E-07, 2.09074E-07, 2.15851E-07,
 4.60754E-07, 4.91598E-07, 6.22372E-08, 2.07257E-07, 2.15760E-07, 2.47357E-07,
 4.11046E-07, 4.27270E-07, 8.49021E-08, 1.99434E-07, 2.04652E-07, 2.82486E-07,
 3.53841E-07, 3.56064E-07, 1.07457E-07, 1.87524E-07, 1.86073E-07, 3.07861E-07,
 2.81414E-07, 2.73659E-07, 1.39952E-07, 1.69277E-07, 1.63718E-07, 3.17699E-07,
 1.99518E-07, 1.95308E-07, 1.86755E-07, 1.36351E-07, 1.32908E-07, 3.14169E-07,
 1.37674E-07, 1.37681E-07, 2.41359E-07, 9.67460E-08, 1.04516E-07, 2.95584E-07,
 1.01767E-07, 1.03767E-07, 2.82787E-07, 7.55956E-08, 9.25859E-08, 2.69248E-07,
 8.69966E-08, 8.26293E-08, 3.04187E-07, 6.84744E-08, 9.08085E-08, 2.53079E-07,
 8.94251E-08, 7.21742E-08, 3.18777E-07, 8.59111E-08, 1.04290E-07, 2.47458E-07,
 1.06738E-07, 7.77382E-08, 3.38397E-07, 1.22378E-07, 1.34513E-07, 2.36972E-07,
 1.32535E-07, 1.00278E-07, 3.62957E-07, 1.75079E-07, 1.81771E-07, 2.12536E-07,
 1.62805E-07, 1.36889E-07, 3.91813E-07, 2.30720E-07, 2.38496E-07, 1.71559E-07,
 1.97097E-07, 1.76901E-07, 4.23354E-07, 2.93945E-07, 3.07452E-07, 1.28932E-07,
 2.49052E-07, 2.33896E-07, 4.45929E-07, 3.68225E-07, 3.87721E-07, 1.02919E-07,
 3.14621E-07, 2.96322E-07, 4.47691E-07, 4.56661E-07, 4.77678E-07, 9.38232E-08,
 3.67877E-07, 3.42837E-07, 4.31448E-07, 5.51076E-07, 5.65005E-07, 9.45712E-08,
 4.02655E-07, 3.75145E-07, 4.08406E-07, 6.32068E-07, 6.38944E-07, 9.78311E-08,
 4.28005E-07, 4.04630E-07, 3.96693E-07, 7.00652E-07, 7.02719E-07, 9.19848E-08,
 4.44453E-07, 4.30782E-07, 3.95974E-07, 7.41375E-07, 7.45610E-07, 7.65481E-08,
 4.50540E-07, 4.46266E-07, 3.84171E-07, 7.60043E-07, 7.68040E-07, 5.94759E-08,
 4.52065E-07, 4.50205E-07, 3.48663E-07, 7.63831E-07, 7.74114E-07, 4.91310E-08,
 4.47675E-07, 4.39777E-07, 2.97721E-07, 7.61418E-07, 7.68678E-07, 4.68160E-08,
 4.37857E-07, 4.25292E-07, 2.35034E-07, 7.37994E-07, 7.38812E-07, 4.88787E-08,
 4.07122E-07, 3.94917E-07, 1.72220E-07, 6.84141E-07, 6.78631E-07, 4.47208E-08,
 3.59143E-07, 3.53884E-07, 1.19829E-07, 6.03870E-07, 5.98239E-07, 3.40212E-08,
 3.09213E-07, 3.18114E-07, 7.96409E-08, 5.08251E-07, 5.07606E-07, 6.98864E-08,
 2.65871E-07, 2.82409E-07, 4.55843E-08, 4.08482E-07, 4.13578E-07, 1.22311E-07,
 2.21869E-07, 2.36884E-07, 2.66413E-08, 3.06956E-07, 3.13147E-07, 1.65182E-07,
 1.89589E-07, 1.94553E-07, 7.25169E-08, 2.26534E-07, 2.23712E-07, 1.97128E-07,
 1.70433E-07, 1.65416E-07, 1.35219E-07, 1.66151E-07, 1.53985E-07, 2.24104E-07,
 1.55193E-07, 1.49550E-07, 1.84551E-07, 1.21742E-07, 1.01158E-07, 2.57608E-07,
 1.52823E-07, 1.56316E-07, 2.08297E-07, 8.67163E-08, 6.62968E-08, 2.99404E-07,
 1.57710E-07, 1.75490E-07, 2.12565E-07, 7.51852E-08, 5.88082E-08, 3.47353E-07,
 1.77846E-07, 2.04042E-07, 2.13706E-07, 9.29841E-08, 7.98078E-08, 3.95582E-07,
 2.08718E-07, 2.32481E-07, 2.19747E-07, 1.30234E-07, 1.13667E-07, 4.26072E-07,
 2.45775E-07, 2.55482E-07, 2.35752E-07, 1.77134E-07, 1.52040E-07, 4.25285E-07,
 2.88337E-07, 2.87602E-07, 2.50648E-07, 2.33005E-07, 1.96872E-07, 4.10713E-07,
 3.38286E-07, 3.36477E-07, 2.52388E-07, 2.98658E-07, 2.54364E-07, 4.06976E-07,
 3.73594E-07, 3.84121E-07, 2.41629E-07, 3.52383E-07, 3.14046E-07, 4.14900E-07,
 3.93860E-07, 4.19307E-07, 2.23585E-07, 3.90874E-07, 3.64738E-07, 4.21936E-07,
 4.12797E-07, 4.44333E-07, 2.04996E-07, 4.16133E-07, 4.04745E-07, 4.11477E-07,
 4.20939E-07, 4.46281E-07, 2.06500E-07, 4.32600E-07, 4.25592E-07, 3.81857E-07,
 4.18351E-07, 4.26428E-07, 2.31369E-07, 4.32200E-07, 4.19377E-07, 3.35235E-07,
 3.99772E-07, 3.92881E-07, 2.61870E-07, 4.12352E-07, 3.89038E-07, 2.83760E-07,
 3.71558E-07, 3.59219E-07, 2.79347E-07, 3.77052E-07, 3.51453E-07, 2.36642E-07,
 3.28366E-07, 3.24012E-07, 2.78983E-07, 3.28495E-07, 3.15976E-07, 2.02759E-07,
 2.62464E-07, 2.68756E-07, 2.74970E-07, 2.65106E-07, 2.70827E-07, 1.80332E-07,
 1.74065E-07, 1.84640E-07, 2.83805E-07, 1.88505E-07, 2.11912E-07, 1.45137E-07,
 9.17885E-08, 9.17916E-08, 3.03390E-07, 1.16514E-07, 1.46614E-07, 8.79339E-08,
 3.45193E-08, 2.46175E-08, 3.21803E-07, 5.19803E-08, 7.96328E-08, 2.11109E-08,
 7.55508E-08, 9.48685E-08, 3.30796E-07, 7.20706E-09, 3.07297E-08, 4.00990E-08,
 1.42966E-07, 1.67432E-07, 3.22889E-07, 3.87055E-08, 4.32281E-08, 8.27688E-08,
 2.00114E-07, 2.16350E-07, 2.91664E-07, 5.37310E-08, 4.80222E-08, 1.07943E-07,
 2.35446E-07, 2.43159E-07, 2.42373E-07, 4.97575E-08, 3.29102E-08, 1.30134E-07,
 2.53581E-07, 2.56087E-07, 2.01199E-07, 3.42256E-08, 2.83212E-08, 1.63932E-07,
 2.45307E-07, 2.53536E-07, 1.77834E-07, 1.07047E-08, 4.96115E-08, 2.07602E-07,
 2.08542E-07, 2.27151E-07, 1.59219E-07, 5.63892E-08, 9.23879E-08, 2.53658E-07,
 1.43167E-07, 1.68777E-07, 1.28745E-07, 1.23677E-07, 1.48311E-07, 2.86020E-07,
 7.22134E-08, 9.65600E-08, 7.90426E-08, 1.87786E-07, 2.07280E-07, 2.94676E-07,
 8.25401E-09, 2.65236E-08, 2.64326E-08, 2.50668E-07, 2.75351E-07, 2.82628E-07,
 8.73664E-08, 8.07060E-08, 3.51961E-08, 3.12967E-07, 3.44765E-07, 2.59517E-07,
 1.74475E-07, 1.67210E-07, 5.64703E-08, 3.58164E-07, 3.95799E-07, 2.41319E-07,
 2.60322E-07, 2.44838E-07, 5.70228E-08, 3.86612E-07, 4.19731E-07, 2.31650E-07,
 3.34317E-07, 3.11116E-07, 3.71731E-08, 4.01591E-07, 4.24572E-07, 2.25738E-07,
 3.89606E-07, 3.63065E-07, 2.02512E-08, 4.11643E-07, 4.25390E-07, 2.05584E-07,
 4.17664E-07, 3.96954E-07, 2.62853E-08, 4.10455E-07, 4.22869E-07, 1.60173E-07,
 4.25087E-07, 4.12930E-07, 3.50874E-08, 3.86013E-07, 4.04499E-07, 1.03275E-07,
 4.17897E-07, 4.10992E-07, 5.57843E-08, 3.50863E-07, 3.76030E-07, 5.79005E-08,
 4.07054E-07, 3.97546E-07, 1.02447E-07, 3.16917E-07, 3.42271E-07, 3.00249E-08,
 3.82544E-07, 3.66217E-07, 1.73144E-07, 2.79877E-07, 2.96099E-07, 1.73250E-08,
 3.34872E-07, 3.13386E-07, 2.45707E-07, 2.28786E-07, 2.36845E-07, 1.64579E-08,
 2.76588E-07, 2.57543E-07, 3.00535E-07, 1.78075E-07, 1.80871E-07, 2.20794E-08,
 2.14722E-07, 2.06057E-07, 3.29210E-07, 1.28161E-07, 1.35626E-07, 4.23420E-08,
 1.58936E-07, 1.61797E-07, 3.43508E-07, 8.19753E-08, 9.80312E-08, 7.92062E-08,
 1.24009E-07, 1.32933E-07, 3.54191E-07, 4.48754E-08, 6.62965E-08, 1.19583E-07,
 1.25643E-07, 1.28930E-07, 3.69792E-07, 2.44543E-08, 4.21039E-08, 1.42640E-07,
 1.50710E-07, 1.45274E-07, 3.93485E-07, 2.97832E-08, 3.75122E-08, 1.49294E-07,
 1.83718E-07, 1.72665E-07, 4.09622E-07, 5.12483E-08, 4.66931E-08, 1.61161E-07,
 2.17486E-07, 2.10275E-07, 4.05568E-07, 7.80256E-08, 6.60206E-08, 1.94483E-07,
 2.67705E-07, 2.73110E-07, 3.82534E-07, 1.12199E-07, 1.05165E-07, 2.43388E-07,
 3.43845E-07, 3.61920E-07, 3.49418E-07, 1.59361E-07, 1.61752E-07, 3.01356E-07,
 4.32297E-07, 4.53325E-07, 3.22297E-07, 2.11268E-07, 2.18884E-07, 3.64099E-07,
 5.20834E-07, 5.34739E-07, 3.20456E-07, 2.78818E-07, 2.80248E-07, 4.20271E-07,
 6.04155E-07, 6.06410E-07, 3.33694E-07, 3.53896E-07, 3.42722E-07, 4.62565E-07,
 6.71385E-07, 6.63865E-07, 3.42647E-07, 4.21155E-07, 3.94983E-07, 4.98814E-07,
 7.03073E-07, 6.98970E-07, 3.34982E-07, 4.67595E-07, 4.39634E-07, 5.38526E-07,
 7.09715E-07, 7.17005E-07, 3.16042E-07, 4.88386E-07, 4.70604E-07, 5.87934E-07,
 7.02733E-07, 7.20310E-07, 3.01460E-07, 4.95637E-07, 4.92390E-07, 6.35870E-07,
 6.86553E-07, 7.07872E-07, 3.02933E-07, 4.94566E-07, 5.00728E-07, 6.59389E-07,
 6.52875E-07, 6.65383E-07, 3.15682E-07, 4.83108E-07, 4.85299E-07, 6.49645E-07,
 5.90510E-07, 5.90310E-07, 3.29506E-07, 4.59128E-07, 4.51583E-07, 6.16535E-07,
 5.13208E-07, 5.05554E-07, 3.34308E-07, 4.31960E-07, 4.13083E-07, 5.68399E-07,
 4.24902E-07, 4.18395E-07, 3.19192E-07, 3.78101E-07, 3.58443E-07, 5.17944E-07,
 3.26242E-07, 3.28960E-07, 2.84006E-07, 2.97301E-07, 2.86788E-07, 4.71867E-07,
 2.26876E-07, 2.39077E-07, 2.44737E-07, 2.08352E-07, 2.14354E-07, 4.23380E-07,
 1.36249E-07, 1.49321E-07, 2.23926E-07, 1.31762E-07, 1.45700E-07, 3.64048E-07,
 6.13462E-08, 6.69893E-08, 2.16947E-07, 7.53291E-08, 8.33315E-08, 2.89519E-07,
 4.77272E-08, 5.13014E-08, 2.03715E-07, 4.58102E-08, 2.92239E-08, 2.12055E-07,
 8.50155E-08, 9.42283E-08, 1.69494E-07, 6.25732E-08, 4.68060E-08, 1.45452E-07,
 1.11467E-07, 1.15697E-07, 1.17193E-07, 8.61760E-08, 7.36725E-08, 1.05650E-07,
 1.19795E-07, 1.15917E-07, 6.35345E-08, 9.44215E-08, 7.92895E-08, 8.84760E-08,
 1.14652E-07, 1.05657E-07, 2.55593E-08, 1.01006E-07, 7.76913E-08, 8.41466E-08,
 9.42053E-08, 8.43941E-08, 1.68252E-08, 9.24906E-08, 6.30049E-08, 7.58893E-08,
 6.24885E-08, 5.60723E-08, 2.49643E-08, 6.46614E-08, 3.61301E-08, 5.96745E-08,
 4.66754E-08, 2.95171E-08, 2.81857E-08, 5.08076E-08, 3.00425E-08, 4.72278E-08,
 8.22673E-08, 5.10224E-08, 4.18893E-08, 6.74642E-08, 5.68051E-08, 4.51455E-08,
 1.37787E-07, 1.08168E-07, 7.38565E-08, 8.62979E-08, 8.63321E-08, 3.97408E-08,
 1.92083E-07, 1.66376E-07, 1.07914E-07, 1.00153E-07, 1.13763E-07, 4.10972E-08,
 2.21410E-07, 1.98897E-07, 1.22403E-07, 1.06681E-07, 1.30778E-07, 5.14872E-08,
 2.28371E-07, 2.00259E-07, 1.12930E-07, 1.02005E-07, 1.27320E-07, 5.11262E-08,
 2.25952E-07, 1.92863E-07, 9.28640E-08, 8.10145E-08, 9.89527E-08, 3.26992E-08,
 2.23323E-07, 1.86281E-07, 8.03893E-08, 5.64940E-08, 6.15705E-08, 3.45612E-08,
 2.04444E-07, 1.69519E-07, 7.78524E-08, 3.54660E-08, 1.81555E-08, 7.32188E-08,
 1.64011E-07, 1.38681E-07, 7.81553E-08, 7.44812E-08, 5.89335E-08, 9.92213E-08,
 1.09508E-07, 9.33129E-08, 7.26694E-08, 1.38880E-07, 1.21974E-07, 1.07869E-07,
 4.71416E-08, 3.29417E-08, 5.57956E-08, 2.14592E-07, 1.96266E-07, 1.21457E-07,
 3.56213E-08, 4.77680E-08, 2.03127E-08, 2.92700E-07, 2.79675E-07, 1.60081E-07,
 1.10916E-07, 1.33953E-07, 3.35764E-08, 3.65894E-07, 3.65882E-07, 2.12830E-07,
 1.76805E-07, 2.02853E-07, 7.86518E-08, 4.29384E-07, 4.40398E-07, 2.53544E-07,
 2.29260E-07, 2.45496E-07, 1.12181E-07, 4.84675E-07, 4.98331E-07, 2.65675E-07,
 2.72768E-07, 2.74465E-07, 1.40161E-07, 5.24798E-07, 5.30711E-07, 2.49676E-07,
 3.11073E-07, 3.00992E-07, 1.70543E-07, 5.47748E-07, 5.44830E-07, 2.10682E-07,
 3.24524E-07, 3.11946E-07, 2.08029E-07, 5.37809E-07, 5.30903E-07, 1.57409E-07,
 3.04268E-07, 2.99475E-07, 2.53344E-07, 5.01402E-07, 5.01737E-07, 1.10557E-07,
 2.59613E-07, 2.65863E-07, 2.96678E-07, 4.53580E-07, 4.66047E-07, 8.02678E-08,
 1.96942E-07, 2.07423E-07, 3.29634E-07, 3.86259E-07, 4.10485E-07, 4.81482E-08,
 1.27205E-07, 1.29684E-07, 3.45713E-07, 2.98997E-07, 3.24370E-07, 2.54498E-08,
 5.56654E-08, 4.26406E-08, 3.52678E-07, 2.00380E-07, 2.15160E-07, 1.04182E-07,
 3.02090E-08, 5.23844E-08, 3.58002E-07, 1.05350E-07, 1.09026E-07, 1.89807E-07,
 9.82980E-08, 1.23163E-07, 3.63156E-07, 1.31478E-08, 1.96376E-08, 2.45978E-07,
 1.67505E-07, 1.81889E-07, 3.65596E-07, 9.22561E-08, 8.60243E-08, 2.71860E-07,
 2.25221E-07, 2.26414E-07, 3.61327E-07, 1.82442E-07, 1.61287E-07, 2.85461E-07,
 2.53381E-07, 2.48543E-07, 3.50518E-07, 2.50173E-07, 2.16321E-07, 2.93239E-07,
 2.52003E-07, 2.53578E-07, 3.29295E-07, 2.95006E-07, 2.60401E-07, 3.03638E-07,
 2.30370E-07, 2.45382E-07, 2.94323E-07, 3.33820E-07, 3.08265E-07, 3.22220E-07,
 1.89901E-07, 2.14801E-07, 2.60904E-07, 3.59555E-07, 3.50464E-07, 3.34776E-07,
 1.44778E-07, 1.70944E-07, 2.47771E-07, 3.67358E-07, 3.64926E-07, 3.18067E-07,
 1.01229E-07, 1.15152E-07, 2.45855E-07, 3.58496E-07, 3.50610E-07, 2.70437E-07,
 5.16840E-08, 5.46247E-08, 2.40972E-07, 3.45185E-07, 3.24021E-07, 2.12077E-07,
 2.31705E-08, 2.81048E-08, 2.32514E-07, 3.19597E-07, 2.89730E-07, 1.71609E-07,
 9.33790E-08, 9.14261E-08, 2.22627E-07, 2.84515E-07, 2.56817E-07, 1.56121E-07,
 1.56085E-07, 1.43497E-07, 2.16160E-07, 2.39158E-07, 2.21713E-07, 1.52075E-07,
 1.85672E-07, 1.67654E-07, 2.05475E-07, 1.99306E-07, 1.96941E-07, 1.41124E-07,
 1.91498E-07, 1.76862E-07, 1.91559E-07, 1.72439E-07, 1.78599E-07, 1.14617E-07,
 1.83077E-07, 1.78872E-07, 1.87079E-07, 1.54333E-07, 1.58248E-07, 8.13319E-08,
 1.52709E-07, 1.58429E-07, 1.83516E-07, 1.53281E-07, 1.45699E-07, 4.99063E-08,
 1.06167E-07, 1.15027E-07, 1.55851E-07, 1.63499E-07, 1.51386E-07, 4.04723E-08,
 5.16804E-08, 5.55796E-08, 9.67404E-08, 1.87522E-07, 1.78839E-07, 5.34154E-08,
 1.65813E-08, 2.58164E-08, 2.37909E-08, 2.19092E-07, 2.23008E-07, 6.79073E-08,
 1.07712E-07, 1.12103E-07, 4.63332E-08, 2.65726E-07, 2.79492E-07, 6.50051E-08,
 2.14290E-07, 2.10461E-07, 1.11162E-07, 3.19949E-07, 3.33009E-07, 4.27481E-08,
 3.10894E-07, 2.97969E-07, 1.77060E-07, 3.77644E-07, 3.85812E-07, 2.49154E-08,
 3.76939E-07, 3.60482E-07, 2.40560E-07, 4.31173E-07, 4.29646E-07, 6.10358E-08,
 4.16843E-07, 4.03052E-07, 3.03832E-07, 4.71452E-07, 4.63663E-07, 9.18051E-08,
 4.47222E-07, 4.40344E-07, 3.76029E-07, 4.88164E-07, 4.84557E-07, 1.08904E-07,
 4.56533E-07, 4.54940E-07, 4.51607E-07, 4.72605E-07, 4.79171E-07, 1.20597E-07,
 4.44167E-07, 4.39569E-07, 5.11298E-07, 4.37641E-07, 4.48800E-07, 1.48487E-07,
 4.16896E-07, 4.02127E-07, 5.34580E-07, 3.89756E-07, 3.98134E-07, 1.99382E-07,
 3.70648E-07, 3.49126E-07, 5.24280E-07, 3.33254E-07, 3.30424E-07, 2.48948E-07,
 3.03265E-07, 2.82473E-07, 5.06152E-07, 2.49352E-07, 2.39979E-07, 2.80828E-07,
 2.19973E-07, 2.07444E-07, 4.89896E-07, 1.44766E-07, 1.41730E-07, 2.96210E-07,
 1.33146E-07, 1.29837E-07, 4.69072E-07, 3.73756E-08, 5.07762E-08, 3.00970E-07,
 5.61160E-08, 5.93604E-08, 4.42188E-07, 1.01345E-07, 8.77635E-08, 2.98711E-07,
 3.16837E-08, 4.41176E-08, 4.03003E-07, 2.27086E-07, 2.02006E-07, 2.97612E-07,
 9.22673E-08, 1.11700E-07, 3.44429E-07, 3.39457E-07, 3.20195E-07, 3.11757E-07,
 1.47544E-07, 1.75643E-07, 2.74042E-07, 4.22638E-07, 4.15591E-07, 3.34050E-07,
 1.90968E-07, 2.18285E-07, 2.10631E-07, 4.83389E-07, 4.83927E-07, 3.38947E-07,
 2.23793E-07, 2.39163E-07, 1.69753E-07, 5.35719E-07, 5.31488E-07, 3.14129E-07,
 2.38129E-07, 2.41870E-07, 1.53664E-07, 5.81395E-07, 5.61338E-07, 2.79122E-07,
 2.35954E-07, 2.33978E-07, 1.46400E-07, 5.94435E-07, 5.62896E-07, 2.51403E-07,
 2.24502E-07, 2.26146E-07, 1.34677E-07, 5.72928E-07, 5.43324E-07, 2.35952E-07,
 2.04054E-07, 2.13151E-07, 1.16675E-07, 5.23636E-07, 5.08211E-07, 2.20165E-07,
 1.73573E-07, 1.88722E-07, 9.64687E-08, 4.55198E-07, 4.60836E-07, 1.98431E-07,
 1.41720E-07, 1.53694E-07, 8.59931E-08, 3.74855E-07, 3.95148E-07, 1.75639E-07,
 1.11908E-07, 1.14456E-07, 9.74814E-08, 2.96518E-07, 3.15795E-07, 1.43622E-07,
 1.02104E-07, 8.99783E-08, 1.22223E-07, 2.40921E-07, 2.50548E-07, 9.91492E-08,
 1.08535E-07, 8.82555E-08, 1.35977E-07, 2.05973E-07, 2.05606E-07, 5.89575E-08,
 1.23793E-07, 1.05183E-07, 1.21049E-07, 1.80480E-07, 1.82917E-07, 3.85095E-08,
 1.55451E-07, 1.43656E-07, 8.78367E-08, 1.59620E-07, 1.78447E-07, 3.01692E-08,
 2.04924E-07, 1.99791E-07, 5.32683E-08, 1.59485E-07, 1.96703E-07, 1.76958E-08,
 2.60213E-07, 2.51931E-07, 3.01985E-08, 1.85211E-07, 2.32959E-07, 1.83614E-08,
 3.17512E-07, 3.01773E-07, 3.22506E-08, 2.37001E-07, 2.81212E-07, 4.67768E-08,
 3.88404E-07, 3.63421E-07, 4.58614E-08, 3.05054E-07, 3.35610E-07, 7.05254E-08,
 4.67903E-07, 4.36551E-07, 7.14800E-08, 3.78468E-07, 3.97182E-07, 8.36980E-08,
 5.49053E-07, 5.18484E-07, 1.19687E-07, 4.50086E-07, 4.67405E-07, 8.68470E-08,
 6.09558E-07, 5.85865E-07, 1.85058E-07, 5.06954E-07, 5.33185E-07, 7.56110E-08,
 6.51260E-07, 6.32563E-07, 2.42242E-07, 5.52357E-07, 5.92535E-07, 5.99306E-08,
 6.84451E-07, 6.65520E-07, 2.60636E-07, 5.89306E-07, 6.32941E-07, 5.28542E-08,
 7.02934E-07, 6.78373E-07, 2.47149E-07, 6.13647E-07, 6.50063E-07, 5.43996E-08,
 6.97941E-07, 6.68404E-07, 2.26728E-07, 6.16869E-07, 6.40537E-07, 5.73115E-08,
 6.72742E-07, 6.43947E-07, 2.09306E-07, 5.97433E-07, 6.13116E-07, 7.21285E-08,
 6.33410E-07, 6.08047E-07, 1.90685E-07, 5.50373E-07, 5.67186E-07, 1.03374E-07,
 5.71764E-07, 5.50468E-07, 1.60735E-07, 4.79728E-07, 5.04291E-07, 1.48519E-07,
 4.84656E-07, 4.67053E-07, 1.14062E-07, 3.96841E-07, 4.27745E-07, 1.93566E-07,
 3.77190E-07, 3.58883E-07, 4.83271E-08, 3.07275E-07, 3.38816E-07, 2.26756E-07,
 2.65234E-07, 2.43971E-07, 6.69067E-08, 2.20774E-07, 2.45023E-07, 2.43489E-07,
 1.54079E-07, 1.31552E-07, 1.61592E-07, 1.28597E-07, 1.41413E-07, 2.54210E-07,
 4.62925E-08, 2.68247E-08, 2.35349E-07, 3.84179E-08, 5.05217E-08, 2.67248E-07,
 7.49423E-08, 8.19531E-08, 2.79505E-07, 5.49306E-08, 4.56053E-08, 2.90638E-07,
 1.63580E-07, 1.67350E-07, 3.13715E-07, 9.93706E-08, 7.83258E-08, 3.15395E-07,
 2.32688E-07, 2.34376E-07, 3.58195E-07, 1.19317E-07, 9.73156E-08, 3.33367E-07,
 2.80552E-07, 2.83854E-07, 4.06751E-07, 1.09990E-07, 9.61572E-08, 3.41846E-07,
 3.03982E-07, 3.07736E-07, 4.43783E-07, 7.72618E-08, 7.76973E-08, 3.38650E-07,
 3.10973E-07, 3.12336E-07, 4.63923E-07, 3.39900E-08, 4.68988E-08, 3.28990E-07,
 3.00882E-07, 2.94481E-07, 4.63282E-07, 3.65376E-08, 3.64385E-08, 3.30132E-07,
 2.75980E-07, 2.59864E-07, 4.44011E-07, 8.64609E-08, 8.33745E-08, 3.56391E-07,
 2.35720E-07, 2.14140E-07, 4.17019E-07, 1.51859E-07, 1.55561E-07, 3.97682E-07,
 1.82285E-07, 1.62270E-07, 4.01065E-07, 2.29799E-07, 2.31507E-07, 4.34563E-07,
 1.23555E-07, 1.12490E-07, 3.99346E-07, 2.98697E-07, 2.88357E-07, 4.57575E-07,
 6.99925E-08, 6.78727E-08, 4.03955E-07, 3.42760E-07, 3.16630E-07, 4.72131E-07,
 2.98812E-08, 3.55773E-08, 3.98145E-07, 3.61980E-07, 3.29919E-07, 4.89380E-07,
 2.47498E-08, 4.12628E-08, 3.80714E-07, 3.60296E-07, 3.34096E-07, 5.13784E-07,
 2.75097E-08, 5.04663E-08, 3.62360E-07, 3.38911E-07, 3.27125E-07, 5.40348E-07,
 2.50916E-08, 5.00563E-08, 3.53898E-07, 3.07935E-07, 3.09200E-07, 5.68053E-07,
 2.13110E-08, 4.16370E-08, 3.53972E-07, 2.69007E-07, 2.73559E-07, 5.83934E-07,
 2.39989E-08, 3.08930E-08, 3.62627E-07, 2.25008E-07, 2.20387E-07, 5.70812E-07,
 5.44254E-08, 5.96780E-08, 3.70086E-07, 1.68018E-07, 1.50909E-07, 5.26375E-07,
 1.09625E-07, 1.18594E-07, 3.61128E-07, 9.76130E-08, 7.52051E-08, 4.76081E-07,
 1.71977E-07, 1.77386E-07, 3.36599E-07, 3.55999E-08, 2.41047E-08, 4.38040E-07,
 2.36300E-07, 2.32464E-07, 3.07681E-07, 6.35347E-08, 5.50713E-08, 4.04059E-07,
 2.93654E-07, 2.85289E-07, 2.83598E-07, 1.14167E-07, 9.34696E-08, 3.57690E-07,
 3.29502E-07, 3.22823E-07, 2.64897E-07, 1.45631E-07, 1.23584E-07, 2.90516E-07,
 3.29893E-07, 3.30435E-07, 2.44521E-07, 1.53040E-07, 1.40435E-07, 2.10362E-07,
 3.01260E-07, 3.12179E-07, 2.17146E-07, 1.44640E-07, 1.44913E-07, 1.26659E-07,
 2.56365E-07, 2.73042E-07, 1.82622E-07, 1.16460E-07, 1.26368E-07, 5.41414E-08,
 1.95978E-07, 2.13937E-07, 1.40667E-07, 7.34505E-08, 8.28439E-08, 4.32197E-09,
 1.11578E-07, 1.25203E-07, 9.79207E-08, 2.07133E-08, 4.64343E-08, 2.54344E-08,
 7.14427E-09, 3.75922E-08, 6.54496E-08, 5.12960E-08, 9.23123E-08, 4.13605E-08,
 1.17622E-07, 1.16210E-07, 5.00351E-08, 1.20361E-07, 1.60129E-07, 6.65509E-08,
 2.44373E-07, 2.32136E-07, 4.01552E-08, 1.97651E-07, 2.27648E-07, 9.92184E-08,
 3.69913E-07, 3.48072E-07, 2.88655E-08, 2.85116E-07, 3.02430E-07, 1.18853E-07,
 4.81600E-07, 4.55394E-07, 3.80406E-08, 3.62152E-07, 3.75981E-07, 1.10712E-07,
 5.65139E-07, 5.39601E-07, 5.75260E-08, 4.19611E-07, 4.37550E-07, 7.67495E-08,
 6.24102E-07, 5.99769E-07, 7.51586E-08, 4.64380E-07, 4.91904E-07, 3.82267E-08,
 6.61438E-07, 6.37734E-07, 8.73836E-08, 4.90129E-07, 5.25180E-07, 3.58178E-08,
 6.78527E-07, 6.53792E-07, 8.75334E-08, 5.03940E-07, 5.38046E-07, 4.59973E-08,
 6.73589E-07, 6.41615E-07, 7.69449E-08, 5.07674E-07, 5.33182E-07, 4.10686E-08,
 6.44651E-07, 6.10430E-07, 6.54138E-08, 5.05671E-07, 5.21509E-07, 3.49973E-08,
 5.94482E-07, 5.61741E-07, 6.56116E-08, 5.01052E-07, 5.14550E-07, 4.05704E-08,
 5.25177E-07, 4.97482E-07, 7.42827E-08, 4.77601E-07, 4.96092E-07, 6.26131E-08,
 4.44958E-07, 4.22709E-07, 7.20099E-08, 4.26241E-07, 4.52149E-07, 8.52251E-08,
 3.65654E-07, 3.43564E-07, 5.45613E-08, 3.63289E-07, 3.87549E-07, 9.00048E-08,
 2.95983E-07, 2.71744E-07, 3.32769E-08, 3.07071E-07, 3.25336E-07, 7.22195E-08,
 2.33275E-07, 2.10143E-07, 1.54656E-08, 2.60679E-07, 2.67228E-07, 4.76059E-08,
 1.88373E-07, 1.68144E-07, 2.62422E-08, 2.27849E-07, 2.27378E-07, 3.46727E-08,
 1.68048E-07, 1.56835E-07, 4.96942E-08, 2.07869E-07, 2.07214E-07, 4.13283E-08,
 1.74494E-07, 1.74967E-07, 6.90884E-08, 1.99299E-07, 2.06307E-07, 6.80827E-08,
 2.04210E-07, 2.10310E-07, 8.77297E-08, 2.01841E-07, 2.17197E-07, 1.01267E-07,
 2.51679E-07, 2.56675E-07, 1.20333E-07, 2.18894E-07, 2.30666E-07, 1.19688E-07,
 3.22484E-07, 3.21337E-07, 1.69606E-07, 2.57229E-07, 2.56952E-07, 1.20912E-07,
 4.04812E-07, 3.99244E-07, 2.21558E-07, 3.20759E-07, 3.05532E-07, 1.21185E-07,
 4.80579E-07, 4.78831E-07, 2.64989E-07, 3.94545E-07, 3.75525E-07, 1.39026E-07,
 5.46975E-07, 5.55266E-07, 2.98224E-07, 4.61994E-07, 4.48996E-07, 1.77565E-07,
 6.09712E-07, 6.26336E-07, 3.22459E-07, 5.18620E-07, 5.19568E-07, 2.26531E-07,
 6.58674E-07, 6.79810E-07, 3.40722E-07, 5.60836E-07, 5.70646E-07, 2.76714E-07,
 6.85343E-07, 6.99334E-07, 3.54797E-07, 5.88666E-07, 5.96470E-07, 3.08168E-07,
 6.79011E-07, 6.81087E-07, 3.71197E-07, 6.05397E-07, 5.98945E-07, 3.11636E-07,
 6.47314E-07, 6.40346E-07, 3.86147E-07, 6.05736E-07, 5.82961E-07, 3.05582E-07,
 5.99150E-07, 5.93272E-07, 3.87101E-07, 5.78988E-07, 5.51953E-07, 3.10954E-07,
 5.29594E-07, 5.33707E-07, 3.71355E-07, 5.20125E-07, 5.03276E-07, 3.30753E-07,
 4.46475E-07, 4.64155E-07, 3.47467E-07, 4.36648E-07, 4.37138E-07, 3.41117E-07,
 3.66860E-07, 3.90225E-07, 3.20058E-07, 3.43208E-07, 3.54697E-07, 3.21931E-07,
 2.90896E-07, 3.09063E-07, 2.94792E-07, 2.48893E-07, 2.58026E-07, 2.78915E-07,
 2.10143E-07, 2.20736E-07, 2.78458E-07, 1.48307E-07, 1.43735E-07, 2.23037E-07,
 1.32870E-07, 1.36626E-07, 2.60969E-07, 5.57945E-08, 4.57278E-08, 1.65335E-07,
 6.84483E-08, 7.47932E-08, 2.35878E-07, 7.67411E-08, 1.01697E-07, 1.20209E-07,
 4.47087E-08, 4.71204E-08, 1.96285E-07, 1.71157E-07, 1.87372E-07, 9.17806E-08,
 5.28094E-08, 3.90744E-08, 1.53764E-07, 2.59194E-07, 2.58142E-07, 7.66525E-08,
 5.65629E-08, 3.52833E-08, 1.24041E-07, 3.17477E-07, 3.02163E-07, 7.42906E-08,
 4.50954E-08, 3.25434E-08, 1.08552E-07, 3.28791E-07, 3.13466E-07, 1.03945E-07,
 3.52394E-08, 3.63973E-08, 9.63776E-08, 3.10028E-07, 3.04868E-07, 1.55744E-07,
 5.67192E-08, 5.64509E-08, 8.25790E-08, 2.75427E-07, 2.82456E-07, 1.92868E-07,
 1.02618E-07, 9.91093E-08, 6.51372E-08, 2.31781E-07, 2.41967E-07, 2.09582E-07,
 1.63788E-07, 1.60143E-07, 4.07012E-08, 1.68569E-07, 1.69922E-07, 2.12827E-07,
 2.24791E-07, 2.23033E-07, 1.73505E-08, 8.97315E-08, 7.60358E-08, 2.14451E-07,
 2.83427E-07, 2.79567E-07, 2.82475E-08, 2.21172E-08, 3.04326E-08, 2.26117E-07,
 3.33988E-07, 3.24487E-07, 3.47493E-08, 9.38025E-08, 1.15033E-07, 2.45237E-07,
 3.69012E-07, 3.50108E-07, 3.45832E-08, 1.78747E-07, 1.90288E-07, 2.67172E-07,
 3.82030E-07, 3.56447E-07, 4.69188E-08, 2.38312E-07, 2.39845E-07, 2.75768E-07,
 3.70667E-07, 3.44212E-07, 8.25853E-08, 2.56346E-07, 2.59263E-07, 2.65294E-07,
 3.43451E-07, 3.21041E-07, 1.29349E-07, 2.50161E-07, 2.60869E-07, 2.45355E-07,
 3.10110E-07, 2.88277E-07, 1.68460E-07, 2.31673E-07, 2.51554E-07, 2.35350E-07,
 2.58444E-07, 2.37014E-07, 1.92832E-07, 2.06907E-07, 2.29366E-07, 2.42477E-07,
 1.93667E-07, 1.70242E-07, 2.05189E-07, 1.68506E-07, 1.85550E-07, 2.62264E-07,
 1.34351E-07, 1.10111E-07, 2.06466E-07, 1.16793E-07, 1.23593E-07, 2.83454E-07,
 7.84241E-08, 5.61770E-08, 2.02729E-07, 5.60776E-08, 5.78072E-08, 2.93306E-07,
 2.64507E-08, 2.23314E-08, 2.14606E-07, 2.50575E-08, 3.22768E-08, 2.83474E-07,
 6.22071E-08, 7.35406E-08, 2.38988E-07, 8.57509E-08, 7.82210E-08, 2.58019E-07,
 1.16732E-07, 1.28331E-07, 2.52208E-07, 1.27701E-07, 1.13596E-07, 2.37857E-07,
 1.54133E-07, 1.68996E-07, 2.33976E-07, 1.37176E-07, 1.28901E-07, 2.25573E-07,
 1.76660E-07, 1.94362E-07, 1.97134E-07, 1.22726E-07, 1.26832E-07, 2.14611E-07,
 1.87170E-07, 2.00434E-07, 1.62923E-07, 8.40156E-08, 9.79204E-08, 1.95996E-07,
 1.75686E-07, 1.81182E-07, 1.43046E-07, 3.34854E-08, 4.46004E-08, 1.64721E-07,
 1.42375E-07, 1.36270E-07, 1.33236E-07, 7.36140E-08, 6.81177E-08, 1.18343E-07,
 1.04624E-07, 9.14794E-08, 1.29607E-07, 1.66781E-07, 1.71883E-07, 6.35035E-08,
 6.44626E-08, 4.98558E-08, 1.23970E-07, 2.80661E-07, 2.89698E-07, 2.41397E-08,
 4.25744E-08, 4.27720E-08, 1.08627E-07, 4.15954E-07, 4.15221E-07, 4.75453E-08,
 1.13452E-07, 1.11034E-07, 8.17106E-08, 5.53020E-07, 5.34786E-07, 6.51913E-08,
 2.02377E-07, 2.00214E-07, 6.25019E-08, 6.73571E-07, 6.42516E-07, 8.07688E-08,
 2.83138E-07, 2.90125E-07, 6.49031E-08, 7.68849E-07, 7.38524E-07, 1.05618E-07,
 3.46654E-07, 3.67211E-07, 8.37312E-08, 8.42795E-07, 8.26408E-07, 1.34953E-07,
 3.90838E-07, 4.19177E-07, 1.08167E-07, 8.86280E-07, 8.83763E-07, 1.56140E-07,
 4.17588E-07, 4.46317E-07, 1.23302E-07, 8.93283E-07, 8.92322E-07, 1.69101E-07,
 4.27212E-07, 4.48355E-07, 1.27337E-07, 8.72013E-07, 8.60354E-07, 1.70713E-07,
 4.29133E-07, 4.41291E-07, 1.21812E-07, 8.39713E-07, 8.08529E-07, 1.62816E-07,
 4.18833E-07, 4.23505E-07, 1.23481E-07, 7.91178E-07, 7.47568E-07, 1.48608E-07,
 3.80472E-07, 3.88279E-07, 1.35743E-07, 7.17599E-07, 6.76050E-07, 1.41369E-07,
 3.23700E-07, 3.42508E-07, 1.54693E-07, 6.28608E-07, 6.04431E-07, 1.51227E-07,
 2.57968E-07, 2.85110E-07, 1.62686E-07, 5.39662E-07, 5.31397E-07, 1.64627E-07,
 1.87988E-07, 2.13540E-07, 1.49929E-07, 4.57960E-07, 4.54867E-07, 1.59795E-07,
 1.30794E-07, 1.42155E-07, 1.25630E-07, 3.81900E-07, 3.67940E-07, 1.37425E-07,
 9.53407E-08, 8.80462E-08, 1.05931E-07, 3.21307E-07, 2.89993E-07, 1.16537E-07,
 7.73986E-08, 5.60502E-08, 9.73665E-08, 2.85893E-07, 2.45684E-07, 1.01775E-07,
 7.51632E-08, 4.76203E-08, 9.78972E-08, 2.72079E-07, 2.35532E-07, 9.20796E-08,
 8.00784E-08, 5.31768E-08, 1.10356E-07, 2.65821E-07, 2.44903E-07, 8.30866E-08,
 8.41809E-08, 5.91389E-08, 1.21641E-07, 2.71075E-07, 2.64237E-07, 7.31467E-08,
 9.86755E-08, 8.23083E-08, 1.20608E-07, 2.93368E-07, 2.92822E-07, 6.23207E-08,
 1.40617E-07, 1.24935E-07, 1.14178E-07, 3.29852E-07, 3.21391E-07, 7.27680E-08,
 1.96258E-07, 1.78164E-07, 1.17081E-07, 3.75219E-07, 3.56780E-07, 1.21618E-07,
 2.67103E-07, 2.49726E-07, 1.43385E-07, 4.22295E-07, 3.99090E-07, 1.72471E-07,
 3.44618E-07, 3.33066E-07, 1.93312E-07, 4.65540E-07, 4.50324E-07, 2.08559E-07,
 4.14295E-07, 4.09922E-07, 2.48253E-07, 4.97436E-07, 4.94990E-07, 2.33716E-07,
 4.72156E-07, 4.71798E-07, 2.96293E-07, 5.16585E-07, 5.22049E-07, 2.66792E-07,
 5.11814E-07, 5.12403E-07, 3.34597E-07, 5.17000E-07, 5.23441E-07, 3.10841E-07,
 5.31953E-07, 5.29463E-07, 3.62225E-07, 4.99701E-07, 4.98394E-07, 3.62766E-07,
 5.16291E-07, 5.07925E-07, 3.81597E-07, 4.58414E-07, 4.49366E-07, 4.10698E-07,
 4.54208E-07, 4.44253E-07, 4.04284E-07, 3.96002E-07, 3.85867E-07, 4.39589E-07,
 3.69566E-07, 3.62395E-07, 4.40787E-07, 3.25870E-07, 3.23919E-07, 4.39092E-07,
 2.77472E-07, 2.76047E-07, 4.71087E-07, 2.43090E-07, 2.51901E-07, 4.23106E-07,
 1.77055E-07, 1.76905E-07, 4.73374E-07, 1.54055E-07, 1.67721E-07, 4.14104E-07,
 6.88643E-08, 6.55813E-08, 4.47416E-07, 7.27159E-08, 7.72115E-08, 4.19625E-07,
 6.44635E-08, 7.57184E-08, 4.14399E-07, 3.08353E-08, 2.84492E-08, 4.40656E-07,
 1.84218E-07, 1.98490E-07, 3.83896E-07, 8.64431E-08, 9.28399E-08, 4.57995E-07,
 3.00506E-07, 3.13774E-07, 3.59993E-07, 1.58429E-07, 1.61720E-07, 4.59975E-07,
 3.96554E-07, 4.03769E-07, 3.41576E-07, 2.27506E-07, 2.19697E-07, 4.41538E-07,
 4.61383E-07, 4.62206E-07, 3.30026E-07, 2.71101E-07, 2.53662E-07, 4.15566E-07,
 4.87296E-07, 4.86143E-07, 3.18522E-07, 2.85139E-07, 2.68097E-07, 4.00314E-07,
 4.83322E-07, 4.87089E-07, 2.97422E-07, 2.87857E-07, 2.81987E-07, 4.11395E-07,
 4.59461E-07, 4.71278E-07, 2.67510E-07, 2.70611E-07, 2.80610E-07, 4.34939E-07,
 4.17497E-07, 4.30550E-07, 2.50620E-07, 2.38554E-07, 2.56235E-07, 4.45528E-07,
 3.60365E-07, 3.67961E-07, 2.54043E-07, 2.04067E-07, 2.14603E-07, 4.34095E-07,
 2.85993E-07, 2.81201E-07, 2.64697E-07, 1.73831E-07, 1.73679E-07, 4.05086E-07,
 1.90310E-07, 1.76127E-07, 2.71086E-07, 1.41855E-07, 1.33887E-07, 3.72295E-07,
 8.93755E-08, 7.41201E-08, 2.67940E-07, 9.65448E-08, 9.66158E-08, 3.41100E-07,
 4.45952E-08, 4.89580E-08, 2.52960E-07, 5.30372E-08, 6.58830E-08, 3.26008E-07,
 9.87172E-08, 1.01132E-07, 2.26192E-07, 5.64757E-08, 5.75192E-08, 3.19871E-07,
 1.47919E-07, 1.44304E-07, 1.98105E-07, 6.78751E-08, 5.86650E-08, 3.00912E-07,
 1.77453E-07, 1.79357E-07, 1.75340E-07, 6.23257E-08, 6.18372E-08, 2.49858E-07,
 1.79168E-07, 1.93282E-07, 1.60954E-07, 4.32199E-08, 6.54637E-08, 1.78309E-07,
 1.51280E-07, 1.77480E-07, 1.38362E-07, 6.07590E-08, 8.38177E-08, 1.17753E-07,
 1.09822E-07, 1.43117E-07, 1.05189E-07, 1.10033E-07, 1.26823E-07, 8.66065E-08,
 6.65687E-08, 9.85478E-08, 6.86703E-08, 1.59663E-07, 1.84352E-07, 7.26117E-08,
 2.60469E-08, 5.95003E-08, 4.18168E-08, 2.13964E-07, 2.52230E-07, 6.33081E-08,
 6.05710E-08, 7.74696E-08, 3.43296E-08, 2.76364E-07, 3.20097E-07, 5.87885E-08,
 1.06299E-07, 1.12691E-07, 3.33831E-08, 3.49006E-07, 3.88372E-07, 6.14593E-08,
 1.43020E-07, 1.34419E-07, 2.97989E-08, 4.24405E-07, 4.49462E-07, 8.01555E-08,
 1.69658E-07, 1.46771E-07, 3.45494E-08, 4.79837E-07, 4.93615E-07, 9.55219E-08,
 1.80741E-07, 1.52173E-07, 3.82248E-08, 5.14817E-07, 5.29033E-07, 8.97770E-08,
 1.61547E-07, 1.39466E-07, 4.47207E-08, 5.17514E-07, 5.43296E-07, 7.11786E-08,
 1.02389E-07, 9.71340E-08, 6.66811E-08, 4.94811E-07, 5.32489E-07, 6.76445E-08,
 3.41932E-08, 5.59465E-08, 1.03623E-07, 4.60333E-07, 5.04764E-07, 6.77415E-08,
 7.98209E-08, 1.02090E-07, 1.53284E-07, 4.17763E-07, 4.55275E-07, 6.31323E-08,
 1.67338E-07, 1.91128E-07, 2.07988E-07, 3.52745E-07, 3.80047E-07, 5.52881E-08,
 2.60943E-07, 2.89804E-07, 2.58166E-07, 2.72124E-07, 2.91956E-07, 4.91971E-08,
 3.51496E-07, 3.79597E-07, 2.95525E-07, 1.80719E-07, 1.99443E-07, 5.36311E-08,
 4.41534E-07, 4.62610E-07, 3.11855E-07, 8.12314E-08, 1.06669E-07, 7.31976E-08,
 5.28435E-07, 5.39957E-07, 3.14768E-07, 4.52117E-08, 3.46623E-08, 9.43271E-08,
 6.02426E-07, 6.08156E-07, 3.24865E-07, 1.27391E-07, 9.82238E-08, 9.64064E-08,
 6.44880E-07, 6.50488E-07, 3.44159E-07, 1.88594E-07, 1.70341E-07, 7.67136E-08,
 6.44123E-07, 6.53685E-07, 3.56702E-07, 2.20957E-07, 2.12824E-07, 6.05919E-08,
 6.10892E-07, 6.20189E-07, 3.51232E-07, 2.38498E-07, 2.37526E-07, 7.13299E-08,
 5.56331E-07, 5.60939E-07, 3.29337E-07, 2.42627E-07, 2.37436E-07, 1.04789E-07,
 4.86014E-07, 4.85169E-07, 2.99546E-07, 2.13502E-07, 2.02138E-07, 1.51834E-07,
 4.06581E-07, 4.02412E-07, 2.70151E-07, 1.60145E-07, 1.48901E-07, 1.91342E-07,
 3.22502E-07, 3.18554E-07, 2.53746E-07, 9.48226E-08, 8.95949E-08, 2.15335E-07,
 2.26146E-07, 2.27381E-07, 2.58468E-07, 2.42131E-08, 3.58082E-08, 2.25101E-07,
 1.26076E-07, 1.30962E-07, 2.80520E-07, 5.94825E-08, 5.10151E-08, 2.38462E-07,
 4.06913E-08, 4.24729E-08, 2.97512E-07, 1.35566E-07, 1.22298E-07, 2.69524E-07,
 4.59469E-08, 4.82325E-08, 2.94012E-07, 1.92068E-07, 1.87344E-07, 3.20436E-07,
 8.77890E-08, 9.92042E-08, 2.78012E-07, 2.27722E-07, 2.31862E-07, 3.71224E-07,
 1.19027E-07, 1.31628E-07, 2.71752E-07, 2.52421E-07, 2.59698E-07, 3.99898E-07,
 1.36362E-07, 1.43288E-07, 2.78328E-07, 2.66169E-07, 2.64110E-07, 4.08757E-07,
 1.39135E-07, 1.36719E-07, 2.89469E-07, 2.51551E-07, 2.36272E-07, 4.00796E-07,
 1.32952E-07, 1.27393E-07, 2.96779E-07, 2.10321E-07, 1.89001E-07, 3.86681E-07,
 1.25899E-07, 1.21729E-07, 2.88033E-07, 1.51040E-07, 1.35655E-07, 3.72494E-07,
 1.01925E-07, 1.09061E-07, 2.55962E-07, 7.65795E-08, 7.64585E-08, 3.63913E-07,
 6.77156E-08, 8.60086E-08, 2.05486E-07, 1.87004E-08, 2.15826E-08, 3.49211E-07,
 3.88385E-08, 6.17146E-08, 1.54275E-07, 8.15142E-08, 6.15770E-08, 3.13640E-07,
 3.35510E-08, 4.87397E-08, 1.18462E-07, 1.47763E-07, 1.39545E-07, 2.54121E-07,
 4.29588E-08, 4.65747E-08, 9.40492E-08, 2.04256E-07, 2.13152E-07, 1.88823E-07,
 5.32124E-08, 4.87476E-08, 6.04744E-08, 2.51287E-07, 2.68462E-07, 1.39534E-07,
 7.31121E-08, 6.64035E-08, 1.49637E-08, 2.75913E-07, 2.87021E-07, 1.09860E-07,
 1.12048E-07, 1.12775E-07, 5.29073E-08, 2.66745E-07, 2.61425E-07, 8.96890E-08,
 1.70443E-07, 1.76902E-07, 1.13981E-07, 2.26333E-07, 2.04280E-07, 7.54940E-08,
 2.40613E-07, 2.50995E-07, 1.59018E-07, 1.55650E-07, 1.30416E-07, 6.85804E-08,
 3.30050E-07, 3.31727E-07, 1.82788E-07, 5.67508E-08, 3.71324E-08, 5.90902E-08,
 4.31992E-07, 4.18484E-07, 1.90844E-07, 7.46861E-08, 6.55727E-08, 5.21223E-08,
 5.33485E-07, 5.06401E-07, 2.01744E-07, 1.89657E-07, 1.75104E-07, 5.68696E-08,
 6.17810E-07, 5.86654E-07, 2.27904E-07, 3.02991E-07, 2.96508E-07, 8.31400E-08,
 6.90153E-07, 6.64269E-07, 2.61602E-07, 4.16113E-07, 4.26995E-07, 1.18416E-07,
 7.59593E-07, 7.42822E-07, 2.82635E-07, 5.23396E-07, 5.47070E-07, 1.40816E-07,
 8.20038E-07, 8.07177E-07, 2.88522E-07, 6.05014E-07, 6.32227E-07, 1.42871E-07,
 8.61453E-07, 8.44296E-07, 2.79649E-07, 6.51185E-07, 6.69114E-07, 1.35604E-07,
 8.82333E-07, 8.57639E-07, 2.67654E-07, 6.72551E-07, 6.77365E-07, 1.21811E-07,
 8.79373E-07, 8.45234E-07, 2.68964E-07, 6.72077E-07, 6.71132E-07, 1.00136E-07,
 8.51085E-07, 8.14741E-07, 2.88219E-07, 6.36677E-07, 6.38102E-07, 8.14954E-08,
 8.08329E-07, 7.79013E-07, 3.21480E-07, 5.78598E-07, 5.91020E-07, 6.60834E-08,
 7.55565E-07, 7.36958E-07, 3.43130E-07, 5.09578E-07, 5.29444E-07, 5.86665E-08,
 6.97052E-07, 6.85372E-07, 3.34954E-07, 4.38915E-07, 4.54258E-07, 7.56685E-08,
 6.25793E-07, 6.17593E-07, 3.04827E-07, 3.62211E-07, 3.65101E-07, 1.27508E-07,
 5.42143E-07, 5.31366E-07, 2.76435E-07, 2.81904E-07, 2.75163E-07, 1.80780E-07,
 4.57133E-07, 4.45465E-07, 2.56773E-07, 2.15043E-07, 2.02272E-07, 2.12165E-07,
 3.77862E-07, 3.67130E-07, 2.39746E-07, 1.69836E-07, 1.60428E-07, 2.22083E-07,
 3.04311E-07, 2.97221E-07, 2.17155E-07, 1.40949E-07, 1.35059E-07, 2.15067E-07,
 2.47040E-07, 2.46993E-07, 1.79438E-07, 1.24972E-07, 1.20332E-07, 1.98283E-07,
 2.17642E-07, 2.24804E-07, 1.21255E-07, 1.36390E-07, 1.30248E-07, 1.78152E-07,
 2.02260E-07, 2.14323E-07, 4.96617E-08, 1.73997E-07, 1.60736E-07, 1.59978E-07,
 2.00215E-07, 2.13589E-07, 5.23117E-08, 2.32055E-07, 2.15102E-07, 1.34666E-07,
 2.17774E-07, 2.31891E-07, 9.34848E-08, 2.98561E-07, 2.87548E-07, 9.61668E-08,
 2.57448E-07, 2.72639E-07, 1.14854E-07, 3.66977E-07, 3.68130E-07, 6.68985E-08,
 3.17093E-07, 3.36782E-07, 1.35402E-07, 4.36970E-07, 4.42916E-07, 9.12692E-08,
 3.77841E-07, 3.98859E-07, 1.65499E-07, 4.99297E-07, 5.02314E-07, 1.31710E-07,
 4.34176E-07, 4.52727E-07, 1.97872E-07, 5.49663E-07, 5.40554E-07, 1.57077E-07,
 4.93060E-07, 5.06640E-07, 2.22447E-07, 5.84746E-07, 5.66372E-07, 1.58354E-07,
 5.38254E-07, 5.49448E-07, 2.37537E-07, 5.95683E-07, 5.73544E-07, 1.44257E-07,
 5.51918E-07, 5.65398E-07, 2.35369E-07, 5.67373E-07, 5.51935E-07, 1.27495E-07,
 5.41642E-07, 5.64802E-07, 2.17190E-07, 5.09733E-07, 5.06552E-07, 1.18720E-07,
 5.13445E-07, 5.46107E-07, 1.93620E-07, 4.29226E-07, 4.32444E-07, 1.06086E-07,
 4.66214E-07, 5.00923E-07, 1.86024E-07, 3.38049E-07, 3.36427E-07, 7.45393E-08,
 4.03938E-07, 4.30889E-07, 1.99679E-07, 2.47828E-07, 2.30522E-07, 4.25231E-08,
 3.22469E-07, 3.37852E-07, 2.15247E-07, 1.64217E-07, 1.34557E-07, 7.52548E-08,
 2.35075E-07, 2.45635E-07, 2.23429E-07, 8.22851E-08, 5.25257E-08, 1.25499E-07,
 1.44895E-07, 1.60452E-07, 2.24182E-07, 1.14540E-08, 2.77309E-08, 1.66538E-07,
 4.39360E-08, 6.93668E-08, 2.29594E-07, 9.27713E-08, 1.00554E-07, 1.92652E-07,
 5.98797E-08, 3.17026E-08, 2.42397E-07, 1.62027E-07, 1.60927E-07, 2.07666E-07,
 1.35538E-07, 1.03531E-07, 2.62615E-07, 1.90933E-07, 1.92183E-07, 2.22821E-07,
 1.86997E-07, 1.67896E-07, 2.85967E-07, 1.94655E-07, 2.07376E-07, 2.55484E-07,
 2.09799E-07, 2.07535E-07, 3.05440E-07, 1.73713E-07, 1.98206E-07, 2.91143E-07,
 2.01263E-07, 2.09145E-07, 3.01291E-07, 1.37167E-07, 1.61452E-07, 3.04113E-07,
 1.76022E-07, 1.79179E-07, 2.68896E-07, 9.11058E-08, 1.02077E-07, 2.91202E-07,
 1.28861E-07, 1.18632E-07, 2.25981E-07, 4.97215E-08, 3.78675E-08, 2.71729E-07,
 7.23267E-08, 4.71114E-08, 1.80698E-07, 5.45740E-08, 5.49211E-08, 2.67298E-07,
 6.34461E-08, 5.51391E-08, 1.32166E-07, 1.24691E-07, 1.30386E-07, 2.78850E-07,
 1.51850E-07, 1.46518E-07, 7.83332E-08, 2.21666E-07, 2.21777E-07, 3.04433E-07,
 2.58404E-07, 2.42931E-07, 5.01079E-08, 3.14831E-07, 3.07176E-07, 3.38944E-07,
 3.51714E-07, 3.27647E-07, 1.13495E-07, 3.78609E-07, 3.69812E-07, 3.65632E-07,
 4.26955E-07, 4.08336E-07, 2.05201E-07, 4.27158E-07, 4.25821E-07, 3.75528E-07,
 4.72092E-07, 4.66438E-07, 2.99537E-07, 4.59343E-07, 4.70003E-07, 3.75562E-07,
 4.74187E-07, 4.79156E-07, 3.73284E-07, 4.79106E-07, 4.94774E-07, 3.88675E-07,
 4.57231E-07, 4.59170E-07, 4.21661E-07, 4.87009E-07, 5.01179E-07, 4.30885E-07,
 4.17269E-07, 4.11201E-07, 4.53923E-07, 4.85355E-07, 4.90959E-07, 4.78954E-07,
 3.59997E-07, 3.45440E-07, 4.83521E-07, 4.73566E-07, 4.75776E-07, 5.07683E-07,
 2.82076E-07, 2.66185E-07, 5.04895E-07, 4.51425E-07, 4.57188E-07, 5.08138E-07,
 1.87059E-07, 1.78719E-07, 5.16111E-07, 4.19678E-07, 4.31622E-07, 4.87346E-07,
 9.87243E-08, 1.00441E-07, 5.17488E-07, 3.94037E-07, 4.13145E-07, 4.53101E-07,
 4.66686E-08, 5.21876E-08, 5.03360E-07, 3.85039E-07, 4.07346E-07, 4.24748E-07,
 8.75799E-08, 8.38520E-08, 4.67019E-07, 3.76831E-07, 3.96502E-07, 4.11579E-07,
 1.38520E-07, 1.38815E-07, 4.18659E-07, 3.75877E-07, 3.90674E-07, 4.06636E-07,
 1.54916E-07, 1.59491E-07, 3.83570E-07, 3.80568E-07, 3.94491E-07, 3.88278E-07,
 1.50861E-07, 1.48998E-07, 3.70390E-07, 3.90807E-07, 4.07884E-07, 3.35359E-07,
 1.20639E-07, 1.09563E-07, 3.78703E-07, 4.14041E-07, 4.36212E-07, 2.67372E-07,
 7.78393E-08, 5.23383E-08, 3.89729E-07, 4.60290E-07, 4.80970E-07, 2.06574E-07,
 8.18114E-08, 6.78973E-08, 4.04101E-07, 5.21799E-07, 5.35995E-07, 1.70349E-07,
 1.82232E-07, 1.76001E-07, 4.26449E-07, 5.94008E-07, 5.97516E-07, 1.55154E-07,
 3.08751E-07, 2.99223E-07, 4.50488E-07, 6.63490E-07, 6.57958E-07, 1.46728E-07,
 4.32109E-07, 4.22446E-07, 4.79196E-07, 7.29082E-07, 7.18905E-07, 1.29334E-07,
 5.58975E-07, 5.56155E-07, 5.23036E-07, 8.08567E-07, 8.01061E-07, 9.78545E-08,
 6.71674E-07, 6.84271E-07, 5.80833E-07, 8.82512E-07, 8.79432E-07, 6.91934E-08,
 7.55314E-07, 7.77395E-07, 6.32884E-07, 9.44771E-07, 9.41546E-07, 6.91048E-08,
 8.19588E-07, 8.39118E-07, 6.57729E-07, 1.00207E-06, 9.89457E-07, 7.90058E-08,
 8.51504E-07, 8.61187E-07, 6.52530E-07, 1.04013E-06, 1.01340E-06, 8.25890E-08,
 8.47151E-07, 8.46805E-07, 6.32933E-07, 1.04204E-06, 1.00802E-06, 8.38712E-08,
 8.01585E-07, 8.01430E-07, 6.04059E-07, 1.01127E-06, 9.78143E-07, 9.23113E-08,
 7.23289E-07, 7.31089E-07, 5.66621E-07, 9.55523E-07, 9.33211E-07, 1.16082E-07,
 6.22969E-07, 6.42935E-07, 5.24491E-07, 8.93064E-07, 8.81678E-07, 1.49109E-07,
 5.21723E-07, 5.48421E-07, 4.73483E-07, 8.23067E-07, 8.17101E-07, 1.75774E-07,
 4.21011E-07, 4.44036E-07, 4.06011E-07, 7.29040E-07, 7.19157E-07, 1.75958E-07,
 3.35480E-07, 3.42976E-07, 3.20689E-07, 6.32083E-07, 6.12284E-07, 1.52322E-07,
 2.70573E-07, 2.63428E-07, 2.25683E-07, 5.41118E-07, 5.12954E-07, 1.32372E-07,
 2.05573E-07, 1.93708E-07, 1.56189E-07, 4.44282E-07, 4.18358E-07, 1.23729E-07,
 1.55193E-07, 1.51643E-07, 1.13743E-07, 3.52628E-07, 3.35569E-07, 1.20172E-07,
 1.32170E-07, 1.43038E-07, 8.75191E-08, 2.77820E-07, 2.70969E-07, 9.56451E-08,
 1.37621E-07, 1.57070E-07, 7.26867E-08, 2.22301E-07, 2.21050E-07, 4.43468E-08,
 1.66228E-07, 1.86716E-07, 6.30416E-08, 1.93635E-07, 1.88098E-07, 3.07221E-08,
 2.17882E-07, 2.31063E-07, 5.66163E-08, 1.85064E-07, 1.70354E-07, 1.02421E-07,
 2.82345E-07, 2.87177E-07, 5.04783E-08, 1.96234E-07, 1.73066E-07, 1.68931E-07,
 3.51925E-07, 3.57584E-07, 4.61823E-08, 2.35390E-07, 2.10232E-07, 2.14904E-07,
 4.06994E-07, 4.23142E-07, 8.35143E-08, 2.82449E-07, 2.64869E-07, 2.40061E-07,
 4.47375E-07, 4.76316E-07, 1.43284E-07, 3.32546E-07, 3.26487E-07, 2.65832E-07,
 4.99283E-07, 5.35536E-07, 1.87196E-07, 3.98341E-07, 3.93348E-07, 3.02453E-07,
 5.47638E-07, 5.76778E-07, 2.07028E-07, 4.66534E-07, 4.56911E-07, 3.48816E-07,
 5.69665E-07, 5.87787E-07, 2.06099E-07, 5.26818E-07, 5.07181E-07, 3.75394E-07,
 5.61654E-07, 5.70746E-07, 1.95465E-07, 5.77448E-07, 5.52031E-07, 3.72810E-07,
 5.27759E-07, 5.33725E-07, 1.87630E-07, 5.95064E-07, 5.73036E-07, 3.57565E-07,
 4.65618E-07, 4.74607E-07, 1.83425E-07, 5.71067E-07, 5.57800E-07, 3.37715E-07,
 3.79645E-07, 3.93255E-07, 1.77632E-07, 5.12992E-07, 5.09926E-07, 3.23878E-07,
 2.76665E-07, 2.90466E-07, 1.50510E-07, 4.27752E-07, 4.28964E-07, 3.26998E-07,
 1.81852E-07, 1.89715E-07, 8.95129E-08, 3.36726E-07, 3.34204E-07, 3.46391E-07,
 1.00741E-07, 1.04682E-07, 2.28291E-08, 2.41723E-07, 2.33238E-07, 3.71865E-07,
 2.10048E-08, 4.53591E-08, 2.70137E-08, 1.29371E-07, 1.26753E-07, 3.91004E-07,
 7.78852E-08, 9.16640E-08, 4.41734E-08, 3.74742E-08, 6.15490E-08, 4.03090E-07,
 1.42660E-07, 1.44156E-07, 3.76690E-08, 1.03692E-07, 1.07447E-07, 4.28194E-07,
 1.83840E-07, 1.77329E-07, 2.72546E-08, 2.01929E-07, 1.92620E-07, 4.73882E-07,
 2.02332E-07, 1.93503E-07, 2.41076E-08, 2.76143E-07, 2.65079E-07, 5.32849E-07,
 1.92828E-07, 1.89220E-07, 3.36561E-08, 3.10800E-07, 3.03785E-07, 5.94089E-07,
 1.62016E-07, 1.65696E-07, 4.68417E-08, 3.09604E-07, 3.07549E-07, 6.48198E-07,
 1.14098E-07, 1.22895E-07, 4.84360E-08, 2.82276E-07, 2.77870E-07, 6.83392E-07,
 6.85973E-08, 7.46881E-08, 3.51732E-08, 2.49418E-07, 2.32217E-07, 6.94677E-07,
 6.02185E-08, 7.27320E-08, 7.06807E-08, 2.03012E-07, 1.74125E-07, 6.83214E-07,
 1.20898E-07, 1.43150E-07, 1.11493E-07, 1.31103E-07, 9.67852E-08, 6.61973E-07,
 2.01999E-07, 2.21998E-07, 1.21447E-07, 8.58530E-08, 6.00592E-08, 6.29111E-07,
 2.85544E-07, 2.98459E-07, 1.07402E-07, 1.31806E-07, 1.15144E-07, 5.71167E-07,
 3.73932E-07, 3.80132E-07, 9.55184E-08, 2.20915E-07, 2.03266E-07, 4.95117E-07,
 4.53447E-07, 4.60205E-07, 8.92001E-08, 3.05108E-07, 2.91882E-07, 4.03251E-07,
 5.13625E-07, 5.27585E-07, 9.38057E-08, 3.65359E-07, 3.63944E-07, 3.02243E-07,
 5.63761E-07, 5.86596E-07, 1.07636E-07, 3.98657E-07, 4.08493E-07, 1.96289E-07,
 5.98023E-07, 6.23110E-07, 1.10933E-07, 4.03888E-07, 4.15865E-07, 1.00195E-07,
 6.17403E-07, 6.35574E-07, 9.20115E-08, 3.93140E-07, 3.90908E-07, 4.69357E-08,
 6.17817E-07, 6.22276E-07, 6.70317E-08, 3.58099E-07, 3.39745E-07, 7.04670E-08,
 5.89923E-07, 5.87052E-07, 5.28702E-08, 2.84746E-07, 2.58957E-07, 1.18502E-07,
 5.60933E-07, 5.58654E-07, 5.14359E-08, 1.87073E-07, 1.72906E-07, 1.61595E-07,
 5.29895E-07, 5.37039E-07, 7.51504E-08, 9.28131E-08, 1.00760E-07, 1.85446E-07,
 4.90230E-07, 5.09132E-07, 1.09393E-07, 3.48067E-08, 6.30889E-08, 1.95058E-07,
 4.55126E-07, 4.77837E-07, 1.36760E-07, 9.58801E-08, 1.07272E-07, 1.96857E-07,
 4.36771E-07, 4.55490E-07, 1.46358E-07, 1.46162E-07, 1.64488E-07, 1.91125E-07,
 4.27753E-07, 4.34598E-07, 1.45164E-07, 1.82571E-07, 2.11925E-07, 1.74601E-07,
 4.29090E-07, 4.25626E-07, 1.55357E-07, 1.95326E-07, 2.30108E-07, 1.52062E-07,
 4.39273E-07, 4.34834E-07, 1.86740E-07, 1.84248E-07, 2.10237E-07, 1.43689E-07,
 4.65288E-07, 4.70715E-07, 2.29022E-07, 1.47540E-07, 1.58964E-07, 1.51362E-07,
 5.15028E-07, 5.30549E-07, 2.56054E-07, 7.81451E-08, 7.72207E-08, 1.63605E-07,
 5.63702E-07, 5.84722E-07, 2.47628E-07, 4.46095E-08, 3.94712E-08, 1.79894E-07,
 6.13558E-07, 6.28304E-07, 2.19029E-07, 1.35897E-07, 1.23794E-07, 2.02568E-07,
 6.73122E-07, 6.74710E-07, 1.91688E-07, 2.48794E-07, 2.29281E-07, 2.40083E-07,
 7.33717E-07, 7.24306E-07, 1.84507E-07, 3.51565E-07, 3.30200E-07, 2.82153E-07,
 7.80411E-07, 7.68347E-07, 2.01002E-07, 4.39571E-07, 4.26706E-07, 3.26625E-07,
 8.16887E-07, 8.11572E-07, 2.32782E-07, 5.26158E-07, 5.26004E-07, 3.81196E-07,
 8.38004E-07, 8.41977E-07, 2.59288E-07, 6.02819E-07, 6.12155E-07, 4.38829E-07,
 8.43220E-07, 8.49130E-07, 2.59676E-07, 6.59105E-07, 6.66950E-07, 4.75345E-07,
 8.28826E-07, 8.27243E-07, 2.47662E-07, 6.84069E-07, 6.83083E-07, 4.76783E-07,
 8.03968E-07, 7.95180E-07, 2.45528E-07, 6.79801E-07, 6.74049E-07, 4.64762E-07,
