-4.88871E-08,-1.08431E-07,-7.77632E-08,-7.03453E-08,-2.06005E-07,-1.47668E-07,
-4.88871E-08,-1.08431E-07,-7.77632E-08,-7.03453E-08,-2.06005E-07,-1.47668E-07,
-4.88871E-08,-1.08431E-07,-7.77632E-08,-7.03453E-08,-2.06005E-07,-1.47668E-07,
-4.88871E-08,-1.08431E-07,-7.77632E-08,-7.03453E-08,-2.06005E-07,-1.47668E-07,
-4.88871E-08,-1.08431E-07,-7.77632E-08,-7.03453E-08,-2.06005E-07,-1.47668E-07,
-4.88871E-08,-1.08431E-07,-7.77632E-08,-7.03453E-08,-2.06005E-07,-1.47668E-07,
-4.88871E-08,-1.08431E-07,-7.77632E-08,-7.03453E-08,-2.06005E-07,-1.47668E-07,
-4.88871E-08,-1.08431E-07,-7.77632E-08,-7.03453E-08,-2.06005E-07,-1.47668E-07,
-4.88871E-08,-1.08431E-07,-7.77632E-08,-7.03453E-08,-2.06005E-07,-1.47668E-07,
-4.88871E-08,-1.08431E-07,-7.77632E-08,-7.03453E-08,-2.06005E-07,-1.47668E-07,
-4.88230E-08,-1.08443E-07,-7.77347E-08,-7.02687E-08,-2.05916E-07,-1.47675E-07,
-4.85638E-08,-1.07967E-07,-7.78148E-08,-6.97892E-08,-2.04841E-07,-1.47988E-07,
-4.82550E-08,-1.07314E-07,-7.83586E-08,-6.93615E-08,-2.04139E-07,-1.47551E-07,
-4.80705E-08,-1.07125E-07,-7.88788E-08,-6.89644E-08,-2.03247E-07,-1.45800E-07,
-4.75981E-08,-1.06340E-07,-7.89976E-08,-6.82367E-08,-2.01094E-07,-1.44023E-07,
-4.70657E-08,-1.04792E-07,-7.86838E-08,-6.67313E-08,-1.97593E-07,-1.41361E-07,
-4.60582E-08,-1.02309E-07,-7.80724E-08,-6.41474E-08,-1.91398E-07,-1.38621E-07,
-4.47328E-08,-9.94123E-08,-7.76516E-08,-6.12778E-08,-1.84314E-07,-1.36018E-07,
-4.28405E-08,-9.44265E-08,-7.76556E-08,-5.83796E-08,-1.77445E-07,-1.33633E-07,
-4.03036E-08,-8.81104E-08,-7.79390E-08,-5.55408E-08,-1.70194E-07,-1.32155E-07,
-3.80716E-08,-8.17908E-08,-7.83130E-08,-5.22387E-08,-1.61062E-07,-1.30068E-07,
-3.67760E-08,-7.73702E-08,-7.77919E-08,-4.84424E-08,-1.51538E-07,-1.28159E-07,
-3.60699E-08,-7.49709E-08,-7.56751E-08,-4.40772E-08,-1.40875E-07,-1.26266E-07,
-3.56669E-08,-7.34369E-08,-7.26948E-08,-3.98965E-08,-1.30622E-07,-1.25362E-07,
-3.67382E-08,-7.46462E-08,-6.97464E-08,-3.66728E-08,-1.22941E-07,-1.24779E-07,
-3.92121E-08,-8.01700E-08,-6.76333E-08,-3.49087E-08,-1.17891E-07,-1.25558E-07,
-4.30211E-08,-8.92153E-08,-6.57469E-08,-3.45860E-08,-1.16043E-07,-1.26479E-07,
-4.83380E-08,-1.01545E-07,-6.37078E-08,-3.50093E-08,-1.16547E-07,-1.25677E-07,
-5.47034E-08,-1.18561E-07,-6.11475E-08,-3.56595E-08,-1.18385E-07,-1.23750E-07,
-6.30627E-08,-1.39968E-07,-5.75583E-08,-3.68240E-08,-1.22158E-07,-1.22436E-07,
-7.18412E-08,-1.63505E-07,-5.34172E-08,-3.94528E-08,-1.30426E-07,-1.23178E-07,
-7.98624E-08,-1.84886E-07,-5.04199E-08,-4.42686E-08,-1.41209E-07,-1.25256E-07,
-8.76281E-08,-2.04370E-07,-4.96785E-08,-5.03534E-08,-1.53555E-07,-1.28374E-07,
-9.45850E-08,-2.21791E-07,-5.05111E-08,-5.56919E-08,-1.65337E-07,-1.30115E-07,
-1.00364E-07,-2.37573E-07,-5.11733E-08,-5.96252E-08,-1.73988E-07,-1.30757E-07,
-1.04752E-07,-2.49987E-07,-5.20437E-08,-6.24236E-08,-1.80746E-07,-1.29869E-07,
-1.07721E-07,-2.58790E-07,-5.34094E-08,-6.53136E-08,-1.88278E-07,-1.27992E-07,
-1.08927E-07,-2.63443E-07,-5.53484E-08,-6.85216E-08,-1.96488E-07,-1.29196E-07,
-1.09064E-07,-2.63427E-07,-5.81205E-08,-7.13963E-08,-2.01918E-07,-1.32865E-07,
-1.07535E-07,-2.59271E-07,-6.25980E-08,-7.37163E-08,-2.05361E-07,-1.33573E-07,
-1.04552E-07,-2.49423E-07,-6.85592E-08,-7.47762E-08,-2.04528E-07,-1.30744E-07,
-1.00621E-07,-2.38172E-07,-7.42757E-08,-7.44776E-08,-2.02154E-07,-1.25983E-07,
-9.56062E-08,-2.26380E-07,-7.93900E-08,-7.30726E-08,-1.99043E-07,-1.21309E-07,
-9.16221E-08,-2.16721E-07,-8.36043E-08,-7.18490E-08,-1.96047E-07,-1.17661E-07,
-8.79359E-08,-2.08492E-07,-8.90580E-08,-7.21137E-08,-1.97266E-07,-1.14433E-07,
-8.42320E-08,-2.00024E-07,-9.37965E-08,-7.38500E-08,-2.00540E-07,-1.12044E-07,
-8.17758E-08,-1.93520E-07,-9.71038E-08,-7.60057E-08,-2.04673E-07,-1.12305E-07,
-8.03468E-08,-1.88584E-07,-9.86792E-08,-7.74572E-08,-2.05767E-07,-1.10652E-07,
-8.01563E-08,-1.86732E-07,-9.89702E-08,-7.95822E-08,-2.09318E-07,-1.05877E-07,
-7.97542E-08,-1.85956E-07,-9.76299E-08,-8.24682E-08,-2.16175E-07,-1.04591E-07,
-8.02493E-08,-1.89852E-07,-9.44729E-08,-8.63322E-08,-2.26641E-07,-1.08295E-07,
-8.24456E-08,-1.99449E-07,-9.09831E-08,-9.03801E-08,-2.38924E-07,-1.13064E-07,
-8.65937E-08,-2.12270E-07,-8.59777E-08,-9.43746E-08,-2.49579E-07,-1.16792E-07,
-9.08082E-08,-2.25744E-07,-7.99563E-08,-9.85501E-08,-2.59020E-07,-1.20073E-07,
-9.47878E-08,-2.36993E-07,-7.23825E-08,-1.01725E-07,-2.65739E-07,-1.24964E-07,
-9.77529E-08,-2.44234E-07,-6.40803E-08,-1.02937E-07,-2.67645E-07,-1.31346E-07,
-9.94242E-08,-2.48791E-07,-5.60733E-08,-1.01245E-07,-2.62334E-07,-1.35543E-07,
-9.97998E-08,-2.51472E-07,-4.87194E-08,-9.76508E-08,-2.53710E-07,-1.38394E-07,
-9.85739E-08,-2.51785E-07,-4.17505E-08,-9.18511E-08,-2.40125E-07,-1.43274E-07,
-9.71172E-08,-2.50592E-07,-3.54674E-08,-8.36422E-08,-2.19617E-07,-1.44105E-07,
-9.50184E-08,-2.47293E-07,-2.98506E-08,-7.28033E-08,-1.91971E-07,-1.35790E-07,
-9.20504E-08,-2.40712E-07,-2.40761E-08,-6.04674E-08,-1.59380E-07,-1.23517E-07,
-8.71458E-08,-2.28797E-07,-1.83557E-08,-4.79330E-08,-1.26556E-07,-1.10895E-07,
-8.01846E-08,-2.10474E-07,-1.42769E-08,-3.44507E-08,-9.33611E-08,-9.93804E-08,
-7.12061E-08,-1.88030E-07,-1.09783E-08,-1.97201E-08,-5.64185E-08,-8.31268E-08,
-6.39287E-08,-1.70996E-07,-8.29762E-09,-1.15887E-08,-2.49521E-08,-6.29221E-08,
-5.79353E-08,-1.58932E-07,-5.27428E-09,-2.27649E-08,-1.04732E-08,-4.14776E-08,
-5.20440E-08,-1.46757E-07,-6.73455E-09,-4.38856E-08,-1.56129E-08,-2.55172E-08,
-4.77090E-08,-1.37042E-07,-7.79411E-09,-5.85768E-08,-2.15714E-08,-1.68223E-08,
-4.51522E-08,-1.31360E-07,-1.10186E-08,-6.66549E-08,-2.48332E-08,-1.76692E-08,
-4.39264E-08,-1.28046E-07,-1.63159E-08,-6.73639E-08,-2.52752E-08,-2.45088E-08,
-4.31032E-08,-1.24431E-07,-2.22046E-08,-6.37870E-08,-2.45902E-08,-2.92865E-08,
-4.35806E-08,-1.24139E-07,-2.43924E-08,-5.72060E-08,-2.27649E-08,-3.37512E-08,
-4.59527E-08,-1.29964E-07,-3.03300E-08,-4.61660E-08,-1.93544E-08,-3.85069E-08,
-5.14428E-08,-1.43657E-07,-4.13358E-08,-3.11974E-08,-1.36039E-08,-4.15964E-08,
-5.60472E-08,-1.56422E-07,-5.38345E-08,-1.63914E-08,-6.78940E-09,-4.34582E-08,
-5.97443E-08,-1.64469E-07,-6.18010E-08,-8.65549E-09,-1.07381E-08,-4.30185E-08,
-6.48617E-08,-1.76784E-07,-7.14640E-08,-1.02246E-08,-2.23196E-08,-4.03710E-08,
-6.84228E-08,-1.85618E-07,-8.73525E-08,-1.17384E-08,-2.71445E-08,-3.52528E-08,
-6.87001E-08,-1.85544E-07,-1.03772E-07,-1.02467E-08,-2.36149E-08,-2.96467E-08,
-6.68860E-08,-1.80702E-07,-1.15689E-07,-8.42018E-09,-1.89532E-08,-2.52385E-08,
-6.40871E-08,-1.73466E-07,-1.24565E-07,-7.78487E-09,-1.74949E-08,-2.09506E-08,
-6.04839E-08,-1.65413E-07,-1.34793E-07,-6.65255E-09,-1.78726E-08,-1.54745E-08,
-5.62706E-08,-1.56041E-07,-1.41917E-07,-5.33101E-09,-1.79036E-08,-1.11457E-08,
-5.00382E-08,-1.41600E-07,-1.39765E-07,-4.73500E-09,-1.92149E-08,-1.32917E-08,
-4.32748E-08,-1.24657E-07,-1.31611E-07,-5.59438E-09,-2.19905E-08,-1.55153E-08,
-3.55492E-08,-1.06573E-07,-1.24152E-07,-9.06705E-09,-2.76806E-08,-1.59953E-08,
-2.69197E-08,-8.40207E-08,-1.14500E-07,-1.28868E-08,-3.36331E-08,-1.72460E-08,
-2.15446E-08,-6.85309E-08,-9.68845E-08,-2.04295E-08,-4.56840E-08,-1.23417E-08,
-2.13040E-08,-6.68414E-08,-7.22589E-08,-3.21811E-08,-7.21574E-08,-5.89883E-09,
-2.41024E-08,-7.29253E-08,-4.81286E-08,-4.49345E-08,-1.05337E-07,-6.86411E-09,
-2.91188E-08,-8.66657E-08,-2.52340E-08,-5.70523E-08,-1.41558E-07,-1.00607E-08,
-3.65270E-08,-1.06334E-07,-3.70119E-09,-7.06446E-08,-1.78120E-07,-1.59638E-08,
-4.43641E-08,-1.26399E-07,-9.80832E-09,-8.35789E-08,-2.12261E-07,-2.10339E-08,
-5.34895E-08,-1.50415E-07,-1.50266E-08,-9.53689E-08,-2.43658E-07,-2.44877E-08,
-6.45130E-08,-1.77572E-07,-1.82950E-08,-1.04209E-07,-2.64977E-07,-2.61016E-08,
-7.76208E-08,-2.09818E-07,-1.93670E-08,-1.10146E-07,-2.79861E-07,-2.86518E-08,
-9.29512E-08,-2.48718E-07,-1.79558E-08,-1.17055E-07,-2.98540E-07,-3.04979E-08,
-1.04324E-07,-2.79891E-07,-1.25533E-08,-1.20799E-07,-3.11264E-07,-2.77914E-08,
-1.10134E-07,-2.98889E-07,-1.02856E-08,-1.22200E-07,-3.18384E-07,-2.50189E-08,
-1.13504E-07,-3.11285E-07,-3.83478E-08,-1.21993E-07,-3.19425E-07,-2.33994E-08,
-1.13171E-07,-3.12812E-07,-6.99842E-08,-1.19409E-07,-3.11245E-07,-2.23677E-08,
-1.08001E-07,-3.01433E-07,-1.02397E-07,-1.12914E-07,-2.94669E-07,-1.90078E-08,
-1.01057E-07,-2.84738E-07,-1.32333E-07,-1.06644E-07,-2.76787E-07,-1.28163E-08,
-9.24542E-08,-2.60877E-07,-1.57551E-07,-1.01448E-07,-2.62135E-07,-8.35412E-09,
-8.23330E-08,-2.36073E-07,-1.82022E-07,-9.83095E-08,-2.55155E-07,-7.05763E-09,
-7.12553E-08,-2.10158E-07,-2.01475E-07,-9.70227E-08,-2.53159E-07,-6.94586E-09,
-5.71488E-08,-1.77616E-07,-2.13856E-07,-9.33831E-08,-2.46833E-07,-8.25524E-09,
-4.54023E-08,-1.49363E-07,-2.11340E-07,-9.07261E-08,-2.41461E-07,-7.95529E-09,
-3.67452E-08,-1.25895E-07,-2.01940E-07,-8.77855E-08,-2.33569E-07,-1.37757E-08,
-2.79562E-08,-1.02279E-07,-1.92029E-07,-8.36589E-08,-2.22382E-07,-2.01728E-08,
-2.33063E-08,-8.82745E-08,-1.77042E-07,-8.27471E-08,-2.17864E-07,-2.60965E-08,
-2.52611E-08,-8.96481E-08,-1.57699E-07,-8.69158E-08,-2.26359E-07,-3.39577E-08,
-3.16345E-08,-1.03856E-07,-1.40394E-07,-9.13603E-08,-2.35942E-07,-4.65914E-08,
-4.12100E-08,-1.29234E-07,-1.27078E-07,-9.55103E-08,-2.44492E-07,-6.08905E-08,
-5.24329E-08,-1.58870E-07,-1.14934E-07,-9.92761E-08,-2.52000E-07,-7.54870E-08,
-6.36256E-08,-1.86823E-07,-1.02446E-07,-1.01960E-07,-2.56631E-07,-9.02966E-08,
-7.48611E-08,-2.14578E-07,-9.19642E-08,-1.06502E-07,-2.64664E-07,-1.04977E-07,
-8.35700E-08,-2.36983E-07,-9.96704E-08,-1.10078E-07,-2.70807E-07,-1.18212E-07,
-9.18693E-08,-2.59032E-07,-1.21377E-07,-1.14485E-07,-2.79760E-07,-1.28059E-07,
-1.01347E-07,-2.84968E-07,-1.43735E-07,-1.21967E-07,-2.96179E-07,-1.36258E-07,
-1.07079E-07,-2.99305E-07,-1.70035E-07,-1.26961E-07,-3.08950E-07,-1.42168E-07,
-1.04860E-07,-2.94755E-07,-2.01675E-07,-1.28554E-07,-3.11892E-07,-1.45208E-07,
-9.65721E-08,-2.74285E-07,-2.34730E-07,-1.29402E-07,-3.17163E-07,-1.45352E-07,
-8.40296E-08,-2.40704E-07,-2.64240E-07,-1.27944E-07,-3.17105E-07,-1.43008E-07,
-6.64676E-08,-1.94908E-07,-2.89020E-07,-1.23819E-07,-3.09219E-07,-1.36191E-07,
-4.75178E-08,-1.46446E-07,-3.15752E-07,-1.18012E-07,-2.97178E-07,-1.26745E-07,
-3.07993E-08,-9.97855E-08,-3.43860E-07,-1.09898E-07,-2.78218E-07,-1.16366E-07,
-2.79245E-08,-6.17148E-08,-3.59629E-07,-1.03321E-07,-2.62000E-07,-1.06075E-07,
-2.80462E-08,-3.51120E-08,-3.59453E-07,-9.58875E-08,-2.41989E-07,-9.70129E-08,
-4.92366E-08,-2.90723E-08,-3.51907E-07,-8.47585E-08,-2.14596E-07,-8.75251E-08,
-8.35089E-08,-2.89790E-08,-3.41485E-07,-7.34538E-08,-1.86010E-07,-8.03126E-08,
-1.06963E-07,-3.58867E-08,-3.29470E-07,-6.09373E-08,-1.56478E-07,-7.59811E-08,
-1.21793E-07,-4.11548E-08,-3.10386E-07,-4.56720E-08,-1.16131E-07,-7.32537E-08,
-1.25154E-07,-4.14200E-08,-2.87225E-07,-3.28999E-08,-7.93739E-08,-7.06249E-08,
-1.09273E-07,-3.55498E-08,-2.65031E-07,-2.54066E-08,-5.60843E-08,-7.11216E-08,
-8.41248E-08,-2.64103E-08,-2.36856E-07,-2.16282E-08,-4.01772E-08,-7.62586E-08,
-5.07760E-08,-1.41505E-08,-2.04164E-07,-1.99797E-08,-3.13125E-08,-8.43043E-08,
-2.37215E-08,-9.04521E-09,-1.73603E-07,-1.69076E-08,-2.15150E-08,-9.11187E-08,
-1.55002E-08,-3.38684E-08,-1.48567E-07,-1.36845E-08,-1.36996E-08,-9.60852E-08,
-2.12538E-08,-7.81547E-08,-1.32242E-07,-1.26907E-08,-1.24403E-08,-1.01242E-07,
-3.35179E-08,-1.10957E-07,-1.18854E-07,-1.30517E-08,-1.14123E-08,-1.04781E-07,
-4.41259E-08,-1.38009E-07,-1.03381E-07,-1.50542E-08,-1.32299E-08,-1.05771E-07,
-5.51339E-08,-1.63835E-07,-9.55722E-08,-2.23420E-08,-3.02005E-08,-1.02777E-07,
-6.36098E-08,-1.82202E-07,-9.59403E-08,-2.82384E-08,-4.45073E-08,-9.74926E-08,
-6.65682E-08,-1.89233E-07,-1.01347E-07,-2.74784E-08,-4.32348E-08,-9.08341E-08,
-6.55703E-08,-1.89726E-07,-1.17651E-07,-2.24030E-08,-3.45296E-08,-7.99171E-08,
-6.00143E-08,-1.81068E-07,-1.38219E-07,-1.34910E-08,-1.68290E-08,-6.33998E-08,
-5.22016E-08,-1.65683E-07,-1.58701E-07,-4.54062E-09,-5.19240E-09,-4.84106E-08,
-4.43865E-08,-1.43920E-07,-1.76569E-07,-2.15957E-08,-1.36874E-08,-3.74010E-08,
-3.88070E-08,-1.25839E-07,-1.93276E-07,-4.79906E-08,-2.56513E-08,-2.81004E-08,
-3.77634E-08,-1.20298E-07,-2.11552E-07,-7.75486E-08,-3.70879E-08,-2.04512E-08,
-3.70909E-08,-1.17298E-07,-2.30254E-07,-1.08816E-07,-4.91275E-08,-1.32457E-08,
-3.33798E-08,-1.10363E-07,-2.46926E-07,-1.52257E-07,-6.62009E-08,-1.36969E-08,
-2.90765E-08,-1.04515E-07,-2.58764E-07,-1.95499E-07,-8.19458E-08,-1.73827E-08,
-2.73475E-08,-1.04405E-07,-2.65411E-07,-2.24691E-07,-9.31633E-08,-2.01464E-08,
-2.68719E-08,-1.03372E-07,-2.60141E-07,-2.46197E-07,-1.02374E-07,-2.36255E-08,
-3.01395E-08,-1.07129E-07,-2.48057E-07,-2.53350E-07,-1.06592E-07,-3.50341E-08,
-3.60229E-08,-1.18085E-07,-2.36650E-07,-2.49978E-07,-1.06667E-07,-4.90579E-08,
-4.28625E-08,-1.34695E-07,-2.34041E-07,-2.34678E-07,-1.01785E-07,-6.14667E-08,
-4.76811E-08,-1.50107E-07,-2.28314E-07,-2.08933E-07,-9.09323E-08,-7.28619E-08,
-4.68928E-08,-1.52177E-07,-2.12362E-07,-1.75878E-07,-7.83435E-08,-8.38294E-08,
-4.53178E-08,-1.49893E-07,-1.94001E-07,-1.37862E-07,-6.36177E-08,-9.71707E-08,
-4.62569E-08,-1.52245E-07,-1.73385E-07,-9.07846E-08,-4.52213E-08,-1.10535E-07,
-4.73125E-08,-1.49650E-07,-1.55876E-07,-4.49473E-08,-2.78779E-08,-1.21649E-07,
-4.75096E-08,-1.46261E-07,-1.39408E-07,-1.14856E-08,-1.13739E-08,-1.30650E-07,
-4.92354E-08,-1.49747E-07,-1.33728E-07,-2.89524E-08,-4.78988E-08,-1.35565E-07,
-4.83115E-08,-1.50910E-07,-1.41608E-07,-4.54234E-08,-9.12901E-08,-1.36530E-07,
-4.52289E-08,-1.46483E-07,-1.53277E-07,-5.64581E-08,-1.21863E-07,-1.35414E-07,
-4.02967E-08,-1.35013E-07,-1.57591E-07,-6.21229E-08,-1.37371E-07,-1.33982E-07,
-3.49041E-08,-1.20420E-07,-1.60585E-07,-6.22550E-08,-1.36991E-07,-1.33357E-07,
-3.35879E-08,-1.13905E-07,-1.74513E-07,-5.84993E-08,-1.28047E-07,-1.31610E-07,
-3.26862E-08,-1.11706E-07,-1.97112E-07,-5.27655E-08,-1.16737E-07,-1.28555E-07,
-3.07219E-08,-1.06710E-07,-2.25089E-07,-4.62920E-08,-1.04501E-07,-1.24034E-07,
-3.11005E-08,-1.12560E-07,-2.50549E-07,-4.30438E-08,-1.00377E-07,-1.18281E-07,
-3.29008E-08,-1.17844E-07,-2.75325E-07,-4.09300E-08,-9.72130E-08,-1.13902E-07,
-3.40486E-08,-1.11472E-07,-2.91065E-07,-3.35297E-08,-7.87886E-08,-1.13312E-07,
-3.41593E-08,-1.03468E-07,-2.92915E-07,-2.58721E-08,-5.83448E-08,-1.17110E-07,
-3.43056E-08,-9.62316E-08,-2.89587E-07,-2.15133E-08,-4.51267E-08,-1.21392E-07,
-3.34946E-08,-9.36935E-08,-2.86095E-07,-2.08849E-08,-4.30449E-08,-1.23971E-07,
-3.24584E-08,-9.64217E-08,-2.83957E-07,-2.55080E-08,-5.45303E-08,-1.24627E-07,
-3.05334E-08,-9.99443E-08,-2.76333E-07,-3.39206E-08,-7.45274E-08,-1.26527E-07,
-3.01083E-08,-1.05627E-07,-2.55013E-07,-4.48696E-08,-9.81925E-08,-1.28567E-07,
-3.53545E-08,-1.14760E-07,-2.20464E-07,-5.48387E-08,-1.17419E-07,-1.30733E-07,
-3.84691E-08,-1.13998E-07,-1.79333E-07,-5.89860E-08,-1.22636E-07,-1.33150E-07,
-4.07887E-08,-1.12770E-07,-1.35698E-07,-5.97131E-08,-1.20040E-07,-1.34190E-07,
-4.67356E-08,-1.26851E-07,-9.83802E-08,-6.26325E-08,-1.28725E-07,-1.32854E-07,
-5.24515E-08,-1.44737E-07,-6.70195E-08,-6.40550E-08,-1.34144E-07,-1.24768E-07,
-5.93652E-08,-1.66908E-07,-3.49847E-08,-6.11126E-08,-1.30749E-07,-1.14460E-07,
-6.99757E-08,-1.92500E-07,-5.38076E-09,-5.49938E-08,-1.13174E-07,-1.05842E-07,
-7.92923E-08,-2.09733E-07,-1.82444E-08,-4.32283E-08,-7.70608E-08,-9.80893E-08,
-8.48670E-08,-2.18728E-07,-2.91011E-08,-2.60685E-08,-3.03589E-08,-8.90047E-08,
-8.40420E-08,-2.15790E-07,-3.46746E-08,-6.55456E-09,-1.57380E-08,-7.64769E-08,
-7.73118E-08,-2.01667E-07,-3.46408E-08,-6.84625E-08,-3.78809E-08,-6.16384E-08,
-7.08049E-08,-1.94156E-07,-2.95543E-08,-1.25990E-07,-5.74021E-08,-4.57259E-08,
-6.35226E-08,-1.85106E-07,-2.14840E-08,-1.76862E-07,-7.46351E-08,-3.00275E-08,
-5.27645E-08,-1.61335E-07,-1.44458E-08,-2.23786E-07,-9.21953E-08,-1.83579E-08,
-4.30142E-08,-1.34558E-07,-8.55769E-09,-2.58975E-07,-1.06210E-07,-1.73579E-08,
-3.08376E-08,-9.90299E-08,-4.88975E-09,-2.79912E-07,-1.16045E-07,-1.79271E-08,
-1.14457E-08,-5.12125E-08,-3.00492E-08,-2.99183E-07,-1.23015E-07,-2.80884E-08,
-3.03817E-08,-1.66851E-08,-5.93499E-08,-3.09538E-07,-1.24996E-07,-5.83500E-08,
-8.11770E-08,-1.88678E-08,-8.48896E-08,-3.08499E-07,-1.22713E-07,-9.17193E-08,
-1.22926E-07,-3.38098E-08,-9.84492E-08,-2.92120E-07,-1.15052E-07,-1.15870E-07,
-1.48888E-07,-4.42469E-08,-1.02663E-07,-2.65120E-07,-1.04201E-07,-1.29446E-07,
-1.74422E-07,-5.66997E-08,-9.64481E-08,-2.30721E-07,-9.14392E-08,-1.35149E-07,
-1.98794E-07,-6.91595E-08,-8.15763E-08,-1.92407E-07,-7.72251E-08,-1.36254E-07,
-2.18170E-07,-7.84669E-08,-6.65834E-08,-1.54252E-07,-6.20306E-08,-1.41712E-07,
-2.45011E-07,-8.88352E-08,-5.79234E-08,-1.29311E-07,-5.11020E-08,-1.50280E-07,
-2.69642E-07,-9.72993E-08,-5.22775E-08,-1.14285E-07,-4.29497E-08,-1.53914E-07,
-2.79290E-07,-1.01059E-07,-3.57628E-08,-9.18830E-08,-3.37791E-08,-1.47510E-07,
-2.80609E-07,-1.03980E-07,-1.70657E-08,-6.87650E-08,-2.49726E-08,-1.27807E-07,
-2.81189E-07,-1.06522E-07,-1.60400E-08,-4.45249E-08,-1.61918E-08,-9.94882E-08,
-2.85816E-07,-1.09821E-07,-1.72969E-08,-3.16029E-08,-1.09565E-08,-7.37019E-08,
-3.02709E-07,-1.16425E-07,-1.76000E-08,-2.78740E-08,-8.64712E-09,-5.29962E-08,
-3.24958E-07,-1.24151E-07,-1.70696E-08,-3.22756E-08,-9.64171E-09,-3.65944E-08,
-3.51894E-07,-1.32969E-07,-2.28535E-08,-4.56807E-08,-1.50386E-08,-2.41334E-08,
-3.82097E-07,-1.44608E-07,-4.96086E-08,-6.66761E-08,-2.36899E-08,-6.92205E-09,
-4.01860E-07,-1.53512E-07,-7.07745E-08,-7.95943E-08,-2.92574E-08,-8.79363E-09,
-4.16541E-07,-1.60932E-07,-8.69214E-08,-8.44781E-08,-3.23378E-08,-1.97942E-08,
-4.36241E-07,-1.69078E-07,-1.11146E-07,-9.65104E-08,-3.60050E-08,-2.56203E-08,
-4.47794E-07,-1.71721E-07,-1.43608E-07,-1.08007E-07,-3.93389E-08,-2.50235E-08,
-4.48684E-07,-1.69706E-07,-1.79754E-07,-1.25675E-07,-4.47726E-08,-2.19865E-08,
-4.46429E-07,-1.67889E-07,-2.06863E-07,-1.35921E-07,-4.84818E-08,-2.01471E-08,
-4.31016E-07,-1.63318E-07,-2.16360E-07,-1.41235E-07,-5.14457E-08,-1.93721E-08,
-4.02923E-07,-1.54659E-07,-2.10494E-07,-1.41991E-07,-5.23914E-08,-1.91059E-08,
-3.58893E-07,-1.40516E-07,-1.96700E-07,-1.35183E-07,-4.99261E-08,-1.95161E-08,
-3.01780E-07,-1.18547E-07,-1.78770E-07,-1.22581E-07,-4.37373E-08,-1.80331E-08,
-2.44779E-07,-9.50113E-08,-1.67433E-07,-1.12729E-07,-3.75345E-08,-1.28683E-08,
-1.85910E-07,-6.99965E-08,-1.57594E-07,-1.05689E-07,-3.22306E-08,-1.06451E-08,
-1.18046E-07,-4.35092E-08,-1.38325E-07,-9.47905E-08,-2.73204E-08,-1.59010E-08,
-5.89008E-08,-2.32618E-08,-1.08210E-07,-8.87825E-08,-2.64687E-08,-1.65356E-08,
-1.67221E-08,-1.64187E-08,-6.88744E-08,-8.01383E-08,-2.59194E-08,-1.59723E-08,
-1.45451E-08,-3.30120E-08,-3.12733E-08,-7.55942E-08,-2.54864E-08,-1.59736E-08,
-3.25458E-08,-7.54144E-08,-6.01451E-09,-7.20744E-08,-2.31681E-08,-1.59298E-08,
-4.74022E-08,-1.20201E-07,-1.30857E-08,-7.00111E-08,-2.09026E-08,-1.58318E-08,
-5.63583E-08,-1.52496E-07,-1.98985E-08,-7.01511E-08,-1.91384E-08,-1.74267E-08,
-5.79644E-08,-1.58874E-07,-2.77458E-08,-7.43541E-08,-2.10308E-08,-1.82578E-08,
-5.53872E-08,-1.47969E-07,-4.00819E-08,-8.11985E-08,-2.62686E-08,-1.92794E-08,
-4.91241E-08,-1.21802E-07,-5.40102E-08,-9.65513E-08,-3.54929E-08,-2.01456E-08,
-3.73257E-08,-8.71797E-08,-6.56966E-08,-1.21639E-07,-4.76556E-08,-1.85522E-08,
-2.52205E-08,-6.02730E-08,-7.17963E-08,-1.37715E-07,-5.29282E-08,-2.00057E-08,
-1.52465E-08,-4.33021E-08,-7.50148E-08,-1.51048E-07,-5.51524E-08,-3.07027E-08,
-1.86705E-08,-2.25811E-08,-7.99491E-08,-1.60438E-07,-5.64020E-08,-5.47538E-08,
-4.37783E-08,-1.22525E-08,-8.61868E-08,-1.68465E-07,-5.90651E-08,-7.98675E-08,
-6.83862E-08,-2.51030E-08,-9.42318E-08,-1.73788E-07,-6.23756E-08,-1.06923E-07,
-8.53669E-08,-3.59902E-08,-1.05175E-07,-1.76824E-07,-6.58601E-08,-1.37380E-07,
-9.08355E-08,-4.06896E-08,-1.14666E-07,-1.75337E-07,-6.58940E-08,-1.73665E-07,
-8.50748E-08,-3.87021E-08,-1.18337E-07,-1.66382E-07,-6.12873E-08,-2.15570E-07,
-7.24162E-08,-3.12075E-08,-1.17725E-07,-1.42084E-07,-4.96072E-08,-2.56540E-07,
-4.94535E-08,-2.03907E-08,-1.16884E-07,-9.94183E-08,-3.03389E-08,-2.84059E-07,
-2.70162E-08,-1.19397E-08,-1.21602E-07,-5.97220E-08,-2.15713E-08,-2.95396E-07,
-7.99425E-09,-6.82491E-09,-1.27793E-07,-2.29672E-08,-1.92788E-08,-2.91393E-07,
-1.36592E-08,-1.61508E-08,-1.30370E-07,-1.49214E-08,-1.90727E-08,-2.81083E-07,
-1.82982E-08,-2.59796E-08,-1.27972E-07,-1.76475E-08,-2.98200E-08,-2.74311E-07,
-1.72498E-08,-2.64112E-08,-1.21163E-07,-2.03978E-08,-5.53125E-08,-2.68181E-07,
-1.20135E-08,-2.12086E-08,-1.11686E-07,-2.91867E-08,-8.52539E-08,-2.60884E-07,
-1.51922E-08,-8.80520E-09,-1.01718E-07,-3.82051E-08,-1.09976E-07,-2.48021E-07,
-3.55517E-08,-1.42203E-08,-9.59206E-08,-4.48700E-08,-1.25876E-07,-2.22424E-07,
-6.59010E-08,-2.89973E-08,-9.53641E-08,-4.61990E-08,-1.24570E-07,-1.90881E-07,
-1.10144E-07,-4.91280E-08,-9.60273E-08,-3.82463E-08,-9.91293E-08,-1.67482E-07,
-1.64677E-07,-7.05055E-08,-9.04800E-08,-2.51382E-08,-6.85838E-08,-1.57108E-07,
-2.25962E-07,-9.24818E-08,-8.07476E-08,-2.58823E-08,-3.29514E-08,-1.57083E-07,
-2.93411E-07,-1.16410E-07,-7.03983E-08,-4.67386E-08,-1.91719E-08,-1.60503E-07,
-3.49200E-07,-1.37701E-07,-6.36391E-08,-8.70911E-08,-2.41413E-08,-1.64565E-07,
-3.82788E-07,-1.52299E-07,-6.17759E-08,-1.35322E-07,-4.42140E-08,-1.66114E-07,
-4.01062E-07,-1.61892E-07,-6.15295E-08,-1.91294E-07,-6.70989E-08,-1.62463E-07,
-4.14037E-07,-1.69237E-07,-5.99139E-08,-2.47817E-07,-8.92002E-08,-1.57788E-07,
-4.27472E-07,-1.73795E-07,-5.35490E-08,-3.05103E-07,-1.10045E-07,-1.63594E-07,
-4.34223E-07,-1.74346E-07,-4.17271E-08,-3.59301E-07,-1.28517E-07,-1.80363E-07,
-4.25799E-07,-1.68115E-07,-3.81736E-08,-3.99165E-07,-1.41526E-07,-1.98015E-07,
-3.99920E-07,-1.57689E-07,-3.49766E-08,-4.28056E-07,-1.53337E-07,-2.01442E-07,
-3.57070E-07,-1.42458E-07,-3.26965E-08,-4.37026E-07,-1.58147E-07,-1.92304E-07,
-3.00120E-07,-1.22586E-07,-3.21192E-08,-4.24779E-07,-1.55955E-07,-1.81935E-07,
-2.47991E-07,-1.03277E-07,-3.05274E-08,-4.13586E-07,-1.52306E-07,-1.70185E-07,
-2.15107E-07,-8.81973E-08,-2.86465E-08,-4.03222E-07,-1.47541E-07,-1.57911E-07,
-1.95774E-07,-7.72974E-08,-2.80899E-08,-3.88605E-07,-1.40280E-07,-1.47881E-07,
-1.81321E-07,-6.72869E-08,-2.72438E-08,-3.73488E-07,-1.33140E-07,-1.40872E-07,
-1.60666E-07,-5.83351E-08,-2.41419E-08,-3.54707E-07,-1.27024E-07,-1.27673E-07,
-1.33609E-07,-4.96768E-08,-2.15326E-08,-3.31526E-07,-1.21181E-07,-1.04136E-07,
-1.10098E-07,-4.45422E-08,-2.52923E-08,-3.12190E-07,-1.17044E-07,-7.38451E-08,
-9.94191E-08,-4.20257E-08,-3.85412E-08,-2.94037E-07,-1.11060E-07,-5.59375E-08,
-1.07432E-07,-4.42769E-08,-4.95142E-08,-2.94843E-07,-1.10171E-07,-5.40380E-08,
-1.34023E-07,-5.21148E-08,-5.89589E-08,-3.23947E-07,-1.18574E-07,-5.64083E-08,
-1.64575E-07,-6.09268E-08,-7.01724E-08,-3.62326E-07,-1.31894E-07,-5.94992E-08,
-1.87598E-07,-7.01839E-08,-8.32592E-08,-4.04045E-07,-1.47847E-07,-6.07989E-08,
-2.06725E-07,-8.04474E-08,-1.00444E-07,-4.47876E-07,-1.66189E-07,-6.75765E-08,
-2.20602E-07,-9.06640E-08,-1.20026E-07,-4.85133E-07,-1.83030E-07,-7.78011E-08,
-2.35366E-07,-9.89921E-08,-1.33848E-07,-5.17475E-07,-1.95867E-07,-9.64231E-08,
-2.53867E-07,-1.05709E-07,-1.38690E-07,-5.46432E-07,-2.05428E-07,-1.25901E-07,
-2.75919E-07,-1.10407E-07,-1.38976E-07,-5.67234E-07,-2.10771E-07,-1.61524E-07,
-2.93204E-07,-1.14522E-07,-1.39854E-07,-5.83366E-07,-2.14746E-07,-1.91026E-07,
-2.94789E-07,-1.15497E-07,-1.42674E-07,-5.79649E-07,-2.13455E-07,-2.08475E-07,
-2.82214E-07,-1.12844E-07,-1.44935E-07,-5.45271E-07,-2.01651E-07,-2.14981E-07,
-2.64086E-07,-1.09461E-07,-1.44072E-07,-4.88555E-07,-1.81174E-07,-2.19052E-07,
-2.43057E-07,-1.03036E-07,-1.39706E-07,-4.14602E-07,-1.53576E-07,-2.30763E-07,
-2.16008E-07,-9.13255E-08,-1.32038E-07,-3.28717E-07,-1.19836E-07,-2.39493E-07,
-1.89840E-07,-7.80866E-08,-1.20925E-07,-2.47075E-07,-8.65420E-08,-2.43326E-07,
-1.66889E-07,-6.69880E-08,-1.11931E-07,-1.72031E-07,-5.71392E-08,-2.36039E-07,
-1.47625E-07,-5.93052E-08,-1.11803E-07,-9.92277E-08,-2.93983E-08,-2.15600E-07,
-1.25406E-07,-5.43174E-08,-1.19557E-07,-3.51363E-08,-1.35196E-08,-1.88371E-07,
-1.00398E-07,-4.75815E-08,-1.26744E-07,-1.25186E-08,-3.32696E-08,-1.63128E-07,
-7.94716E-08,-4.04136E-08,-1.28552E-07,-2.77351E-08,-8.63981E-08,-1.44261E-07,
-6.27561E-08,-3.32363E-08,-1.28912E-07,-4.05814E-08,-1.22023E-07,-1.32175E-07,
-4.70467E-08,-2.54344E-08,-1.30704E-07,-4.78613E-08,-1.43540E-07,-1.23717E-07,
-4.20141E-08,-2.31766E-08,-1.35988E-07,-4.78379E-08,-1.43006E-07,-1.12627E-07,
-5.47191E-08,-3.01475E-08,-1.42904E-07,-3.90026E-08,-1.17267E-07,-9.17779E-08,
-8.16559E-08,-4.38453E-08,-1.49235E-07,-2.71317E-08,-8.25552E-08,-6.57415E-08,
-1.16982E-07,-5.93699E-08,-1.53050E-07,-1.46920E-08,-5.01343E-08,-4.62064E-08,
-1.53510E-07,-7.35634E-08,-1.47997E-07,-5.24205E-09,-1.26412E-08,-3.99978E-08,
-1.91001E-07,-8.47528E-08,-1.33065E-07,-4.00091E-08,-7.41378E-09,-4.42001E-08,
-2.31109E-07,-9.71180E-08,-1.13484E-07,-7.35881E-08,-1.94113E-08,-4.90131E-08,
-2.70838E-07,-1.11638E-07,-9.76414E-08,-9.80292E-08,-3.05568E-08,-4.67500E-08,
-3.09079E-07,-1.27203E-07,-8.41120E-08,-1.14029E-07,-3.85965E-08,-4.36912E-08,
-3.47437E-07,-1.44155E-07,-6.91437E-08,-1.27415E-07,-4.64275E-08,-4.19626E-08,
-3.72887E-07,-1.54157E-07,-4.97945E-08,-1.35330E-07,-4.95240E-08,-3.99524E-08,
-3.77396E-07,-1.53011E-07,-3.33987E-08,-1.25688E-07,-4.43782E-08,-4.94654E-08,
-3.65180E-07,-1.43370E-07,-2.82483E-08,-1.08832E-07,-3.50072E-08,-7.11036E-08,
-3.36594E-07,-1.28806E-07,-3.18073E-08,-9.16340E-08,-2.62945E-08,-9.76213E-08,
-2.98339E-07,-1.13215E-07,-4.69704E-08,-6.89280E-08,-2.11861E-08,-1.15188E-07,
-2.55176E-07,-9.94450E-08,-5.67718E-08,-5.06522E-08,-2.45721E-08,-1.20001E-07,
-2.10766E-07,-8.63934E-08,-5.60651E-08,-4.51685E-08,-2.84881E-08,-1.24797E-07,
-1.70707E-07,-7.18240E-08,-5.17820E-08,-5.18488E-08,-3.02794E-08,-1.35719E-07,
-1.33541E-07,-5.53162E-08,-4.94637E-08,-6.52895E-08,-2.95315E-08,-1.51741E-07,
-9.64443E-08,-3.56165E-08,-4.40821E-08,-8.10472E-08,-3.07194E-08,-1.67194E-07,
-7.00510E-08,-2.86642E-08,-3.22330E-08,-9.26062E-08,-3.04170E-08,-1.76299E-07,
-5.82544E-08,-3.16684E-08,-2.10216E-08,-1.07628E-07,-2.93583E-08,-1.78512E-07,
-5.32894E-08,-3.14738E-08,-1.59854E-08,-1.25486E-07,-3.76237E-08,-1.71277E-07,
-5.43443E-08,-2.58839E-08,-2.47589E-08,-1.44873E-07,-4.86432E-08,-1.55077E-07,
-6.95971E-08,-2.73934E-08,-2.83760E-08,-1.78981E-07,-6.31964E-08,-1.47315E-07,
-1.03023E-07,-4.19636E-08,-2.59279E-08,-2.19371E-07,-7.74909E-08,-1.54387E-07,
-1.54631E-07,-5.90583E-08,-2.28963E-08,-2.56909E-07,-8.88175E-08,-1.65049E-07,
-2.13594E-07,-7.89173E-08,-2.67829E-08,-2.83223E-07,-9.82294E-08,-1.70280E-07,
-2.69779E-07,-1.00712E-07,-3.09223E-08,-3.00376E-07,-1.05192E-07,-1.64915E-07,
-3.26165E-07,-1.25624E-07,-3.59903E-08,-3.12214E-07,-1.12149E-07,-1.53370E-07,
-3.74770E-07,-1.46924E-07,-3.95517E-08,-3.23410E-07,-1.19392E-07,-1.53083E-07,
-4.10775E-07,-1.62042E-07,-4.08231E-08,-3.32649E-07,-1.23957E-07,-1.67527E-07,
-4.48113E-07,-1.73929E-07,-4.46654E-08,-3.39360E-07,-1.25641E-07,-1.92751E-07,
-4.74492E-07,-1.78923E-07,-5.22425E-08,-3.39055E-07,-1.22767E-07,-2.24829E-07,
-4.70389E-07,-1.75656E-07,-5.26565E-08,-3.15159E-07,-1.12099E-07,-2.49467E-07,
-4.39297E-07,-1.64212E-07,-3.91171E-08,-2.74523E-07,-9.65522E-08,-2.63412E-07,
-3.86819E-07,-1.47650E-07,-2.78586E-08,-2.27369E-07,-8.00738E-08,-2.68082E-07,
-3.24839E-07,-1.26951E-07,-2.13932E-08,-1.78961E-07,-6.25151E-08,-2.78568E-07,
-2.74134E-07,-1.07735E-07,-1.85668E-08,-1.32463E-07,-4.43901E-08,-2.98763E-07,
-2.34066E-07,-8.99636E-08,-1.73904E-08,-9.24723E-08,-2.78111E-08,-3.24645E-07,
-2.07599E-07,-7.75327E-08,-1.68922E-08,-5.85991E-08,-2.39704E-08,-3.42844E-07,
-1.94670E-07,-7.16807E-08,-1.78966E-08,-2.83255E-08,-2.08428E-08,-3.37276E-07,
-1.76295E-07,-6.65604E-08,-2.51041E-08,-1.70055E-08,-2.14430E-08,-3.04109E-07,
-1.62694E-07,-6.52188E-08,-3.42729E-08,-1.80131E-08,-4.75247E-08,-2.60184E-07,
-1.69957E-07,-6.87941E-08,-4.06910E-08,-1.97332E-08,-6.46445E-08,-2.23138E-07,
-1.95446E-07,-7.69795E-08,-3.81071E-08,-2.26077E-08,-7.39247E-08,-1.92804E-07,
-2.36943E-07,-8.87889E-08,-2.79901E-08,-2.30953E-08,-7.57730E-08,-1.68253E-07,
-2.88671E-07,-1.05927E-07,-2.09920E-08,-1.96436E-08,-6.42782E-08,-1.38917E-07,
-3.28103E-07,-1.21376E-07,-2.14329E-08,-1.16961E-08,-3.68217E-08,-9.89747E-08,
-3.54008E-07,-1.33881E-07,-2.20823E-08,-7.03983E-09,-4.30776E-09,-5.46588E-08,
-3.65452E-07,-1.40872E-07,-2.22558E-08,-2.49773E-08,-1.18599E-08,-1.08840E-08,
-3.65793E-07,-1.41276E-07,-2.12442E-08,-5.57734E-08,-2.54935E-08,-7.52743E-09,
-3.69492E-07,-1.39606E-07,-1.90056E-08,-9.55017E-08,-4.01197E-08,-9.16613E-09,
-3.63791E-07,-1.33031E-07,-3.68703E-08,-1.41237E-07,-5.58643E-08,-9.05371E-09,
-3.36477E-07,-1.20859E-07,-6.17973E-08,-1.80784E-07,-7.04668E-08,-1.06531E-08,
-2.92310E-07,-1.05886E-07,-7.23384E-08,-2.15805E-07,-8.59060E-08,-1.40226E-08,
-2.30787E-07,-8.78834E-08,-6.58396E-08,-2.41598E-07,-9.86644E-08,-1.79635E-08,
-1.49917E-07,-6.11947E-08,-5.07771E-08,-2.51167E-07,-1.03404E-07,-2.06732E-08,
-6.91421E-08,-3.08210E-08,-4.30142E-08,-2.41354E-07,-9.90251E-08,-2.44999E-08,
-4.80497E-09,-9.49182E-09,-5.13335E-08,-2.21023E-07,-8.83825E-08,-2.83696E-08,
-3.04271E-08,-8.34611E-08,-6.84795E-08,-1.97473E-07,-7.54462E-08,-3.46993E-08,
-5.37738E-08,-1.49539E-07,-8.06656E-08,-1.71869E-07,-6.39622E-08,-4.38066E-08,
-7.63704E-08,-2.01583E-07,-8.52865E-08,-1.44484E-07,-5.43381E-08,-5.88139E-08,
-9.17731E-08,-2.28550E-07,-7.79271E-08,-1.19724E-07,-4.89984E-08,-7.98655E-08,
-9.69038E-08,-2.32807E-07,-7.28476E-08,-1.02962E-07,-4.52836E-08,-1.03226E-07,
-9.65183E-08,-2.33038E-07,-8.04147E-08,-8.78214E-08,-3.99613E-08,-1.20257E-07,
-9.19070E-08,-2.34003E-07,-9.74377E-08,-8.26803E-08,-3.58174E-08,-1.32865E-07,
-8.01294E-08,-2.17520E-07,-1.13758E-07,-9.36967E-08,-3.73708E-08,-1.47067E-07,
-6.60943E-08,-1.87308E-07,-1.25918E-07,-1.21427E-07,-4.72525E-08,-1.63303E-07,
-4.93879E-08,-1.40322E-07,-1.23519E-07,-1.59537E-07,-6.35440E-08,-1.78910E-07,
-3.20393E-08,-8.44887E-08,-1.02785E-07,-2.04165E-07,-8.43320E-08,-1.89564E-07,
-1.46891E-08,-3.52566E-08,-8.21546E-08,-2.51805E-07,-1.05321E-07,-1.93732E-07,
-9.94090E-09,-1.20401E-08,-7.83703E-08,-2.97652E-07,-1.24054E-07,-1.90939E-07,
-4.03928E-08,-1.28276E-08,-9.15548E-08,-3.35389E-07,-1.35300E-07,-1.82787E-07,
-5.95041E-08,-1.42595E-08,-1.02198E-07,-3.63732E-07,-1.42815E-07,-1.69196E-07,
-7.39262E-08,-1.70839E-08,-9.36779E-08,-3.92191E-07,-1.51539E-07,-1.55396E-07,
-8.99101E-08,-2.56984E-08,-6.89207E-08,-4.08638E-07,-1.58275E-07,-1.44122E-07,
-9.65671E-08,-3.29787E-08,-4.91915E-08,-4.07337E-07,-1.59979E-07,-1.32980E-07,
-1.02734E-07,-3.79550E-08,-3.91190E-08,-3.87154E-07,-1.53603E-07,-1.18159E-07,
-9.99765E-08,-3.64551E-08,-3.56197E-08,-3.48884E-07,-1.39444E-07,-1.00295E-07,
-8.58071E-08,-2.75609E-08,-3.82296E-08,-2.93224E-07,-1.16408E-07,-8.30430E-08,
-6.21930E-08,-2.32741E-08,-4.52367E-08,-2.21972E-07,-8.68926E-08,-6.86245E-08,
-3.61724E-08,-3.17688E-08,-4.47485E-08,-1.42624E-07,-5.45513E-08,-5.91396E-08,
-1.77427E-08,-4.35148E-08,-3.05207E-08,-7.31061E-08,-2.70998E-08,-5.42424E-08,
-1.14728E-08,-5.13148E-08,-2.04453E-08,-2.63807E-08,-3.46495E-08,-4.86831E-08,
-1.68469E-08,-6.20104E-08,-1.99626E-08,-2.89165E-08,-7.27468E-08,-4.23092E-08,
-2.13330E-08,-7.40446E-08,-2.43704E-08,-4.56877E-08,-1.10729E-07,-3.44701E-08,
-2.14938E-08,-8.34243E-08,-3.03885E-08,-5.50115E-08,-1.36195E-07,-2.35496E-08,
-2.37714E-08,-9.16937E-08,-3.46270E-08,-5.73953E-08,-1.43479E-07,-1.29930E-08,
-2.45194E-08,-9.26104E-08,-2.97277E-08,-5.44261E-08,-1.36558E-07,-1.52390E-08,
-2.00917E-08,-7.67236E-08,-2.34800E-08,-4.57266E-08,-1.11614E-07,-2.15009E-08,
-1.09265E-08,-5.42618E-08,-1.93703E-08,-3.00943E-08,-7.00379E-08,-2.32776E-08,
-2.01537E-08,-3.76147E-08,-1.74976E-08,-1.95297E-08,-3.00958E-08,-2.68925E-08,
-4.59778E-08,-3.05771E-08,-2.34572E-08,-5.02899E-08,-2.71100E-08,-3.67215E-08,
-7.26160E-08,-2.52492E-08,-4.43088E-08,-1.03144E-07,-4.80201E-08,-4.82864E-08,
-9.18282E-08,-2.21862E-08,-6.53706E-08,-1.55934E-07,-6.81954E-08,-5.57566E-08,
-1.00621E-07,-2.82983E-08,-7.60360E-08,-1.88100E-07,-8.19760E-08,-5.64277E-08,
-9.35752E-08,-3.03220E-08,-8.27847E-08,-2.02547E-07,-8.98659E-08,-5.16966E-08,
-9.10317E-08,-3.13798E-08,-9.72972E-08,-2.07509E-07,-9.29507E-08,-4.46971E-08,
-8.94635E-08,-2.94376E-08,-1.37102E-07,-2.10368E-07,-9.37869E-08,-3.61238E-08,
-7.71549E-08,-2.02712E-08,-1.91469E-07,-2.05905E-07,-8.99703E-08,-3.07532E-08,
-5.01515E-08,-1.90709E-08,-2.41295E-07,-1.90665E-07,-8.07971E-08,-2.90109E-08,
-1.86544E-08,-2.72820E-08,-2.78696E-07,-1.55022E-07,-6.57122E-08,-2.65428E-08,
-2.23137E-08,-6.67623E-08,-3.03731E-07,-1.02840E-07,-4.67646E-08,-1.32737E-08,
-4.09918E-08,-1.24468E-07,-3.21578E-07,-4.08374E-08,-2.60773E-08,-1.01562E-08,
-7.14362E-08,-1.97723E-07,-3.43789E-07,-1.08234E-08,-6.23858E-09,-2.48257E-08,
-9.87700E-08,-2.73244E-07,-3.76996E-07,-2.75641E-08,-4.04452E-08,-3.43594E-08,
-1.18364E-07,-3.38397E-07,-4.19908E-07,-3.75931E-08,-7.45700E-08,-4.31062E-08,
-1.36278E-07,-3.96767E-07,-4.61083E-07,-4.58297E-08,-1.02936E-07,-5.50438E-08,
-1.52422E-07,-4.40706E-07,-4.90831E-07,-5.21151E-08,-1.22505E-07,-6.73807E-08,
-1.64016E-07,-4.61936E-07,-5.03105E-07,-5.47059E-08,-1.26718E-07,-8.17561E-08,
-1.69782E-07,-4.67678E-07,-5.08340E-07,-5.53482E-08,-1.19079E-07,-9.77953E-08,
-1.68790E-07,-4.60630E-07,-5.30764E-07,-4.99834E-08,-1.00159E-07,-1.15021E-07,
-1.57428E-07,-4.37230E-07,-5.70880E-07,-3.79056E-08,-6.79782E-08,-1.28617E-07,
-1.35120E-07,-3.93121E-07,-6.08838E-07,-2.05433E-08,-2.99121E-08,-1.36511E-07,
-1.06068E-07,-3.27674E-07,-6.32565E-07,-1.99569E-08,-1.46990E-08,-1.41666E-07,
-7.64573E-08,-2.50990E-07,-6.41289E-07,-5.24206E-08,-2.65374E-08,-1.50466E-07,
-5.44074E-08,-1.76441E-07,-6.36525E-07,-7.21650E-08,-3.64148E-08,-1.63072E-07,
-4.83180E-08,-1.04583E-07,-6.29809E-07,-9.02784E-08,-4.64537E-08,-1.72627E-07,
-4.28192E-08,-4.82418E-08,-6.22713E-07,-9.88915E-08,-5.23520E-08,-1.73791E-07,
-3.99469E-08,-3.42897E-08,-6.23248E-07,-9.26780E-08,-5.02752E-08,-1.70011E-07,
-4.94930E-08,-3.63159E-08,-6.32004E-07,-8.22005E-08,-4.39334E-08,-1.63956E-07,
-7.73414E-08,-3.87885E-08,-6.28041E-07,-6.45094E-08,-3.58272E-08,-1.55721E-07,
-8.95122E-08,-3.98791E-08,-5.97507E-07,-3.69276E-08,-2.42869E-08,-1.49511E-07,
-7.71620E-08,-3.92328E-08,-5.46323E-07,-9.83820E-09,-1.13482E-08,-1.46262E-07,
-5.37198E-08,-3.79539E-08,-5.00212E-07,-2.79317E-08,-4.50152E-08,-1.43732E-07,
-3.72332E-08,-3.80689E-08,-4.64277E-07,-4.43862E-08,-8.39721E-08,-1.39968E-07,
-3.42799E-08,-5.74033E-08,-4.33694E-07,-6.18092E-08,-1.33170E-07,-1.32234E-07,
-3.58651E-08,-1.09122E-07,-3.98800E-07,-8.23998E-08,-1.91657E-07,-1.21293E-07,
-4.39225E-08,-1.54494E-07,-3.56877E-07,-1.00746E-07,-2.42278E-07,-1.15273E-07,
-5.83864E-08,-1.87045E-07,-3.02128E-07,-1.11932E-07,-2.70127E-07,-1.15928E-07,
-7.32444E-08,-2.15411E-07,-2.40982E-07,-1.18717E-07,-2.82336E-07,-1.19907E-07,
-8.47371E-08,-2.38133E-07,-1.80109E-07,-1.22357E-07,-2.87102E-07,-1.22821E-07,
-8.68874E-08,-2.46174E-07,-1.30384E-07,-1.20615E-07,-2.81518E-07,-1.20766E-07,
-7.91262E-08,-2.35252E-07,-1.05805E-07,-1.15333E-07,-2.72498E-07,-1.13801E-07,
-6.57868E-08,-2.08466E-07,-8.93475E-08,-1.04193E-07,-2.47881E-07,-1.04569E-07,
-4.94006E-08,-1.68325E-07,-6.18180E-08,-8.80229E-08,-2.08660E-07,-9.64120E-08,
-2.91451E-08,-1.13180E-07,-2.54890E-08,-6.56454E-08,-1.45785E-07,-8.96560E-08,
-9.69004E-09,-5.49256E-08,-1.48026E-08,-3.78681E-08,-7.12090E-08,-8.58685E-08,
-3.31444E-08,-2.63800E-08,-2.75272E-08,-1.18869E-08,-1.69782E-08,-8.25342E-08,
-6.74671E-08,-2.10289E-08,-3.49281E-08,-3.59162E-08,-3.05074E-08,-7.45635E-08,
-9.56093E-08,-2.73056E-08,-3.89721E-08,-7.81781E-08,-4.57078E-08,-5.84932E-08,
-1.06392E-07,-2.81175E-08,-4.25391E-08,-1.16692E-07,-5.81018E-08,-4.19406E-08,
-9.02483E-08,-2.20429E-08,-4.66952E-08,-1.44171E-07,-6.73397E-08,-3.03436E-08,
-4.69365E-08,-1.30282E-08,-5.39200E-08,-1.68447E-07,-7.90322E-08,-2.54840E-08,
-6.96501E-09,-3.91009E-08,-6.43916E-08,-1.83249E-07,-8.76043E-08,-2.60293E-08,
-3.08115E-08,-9.11613E-08,-7.19754E-08,-1.83744E-07,-8.94955E-08,-2.58807E-08,
-5.79969E-08,-1.65869E-07,-7.24675E-08,-1.62292E-07,-7.94065E-08,-2.22767E-08,
-8.79787E-08,-2.57215E-07,-6.63998E-08,-1.27931E-07,-6.17114E-08,-1.74334E-08,
-1.16737E-07,-3.41797E-07,-6.08548E-08,-9.15761E-08,-4.37304E-08,-1.48440E-08,
-1.46139E-07,-4.18894E-07,-5.83699E-08,-5.46732E-08,-2.77457E-08,-1.67104E-08,
-1.75585E-07,-4.83449E-07,-5.85795E-08,-5.73867E-09,-9.27967E-09,-2.76891E-08,
-1.97540E-07,-5.29995E-07,-5.73690E-08,-2.45762E-08,-3.61336E-08,-4.51592E-08,
-2.08873E-07,-5.55055E-07,-4.98719E-08,-4.43295E-08,-7.96609E-08,-6.23227E-08,
-2.10182E-07,-5.66689E-07,-3.78042E-08,-6.30921E-08,-1.31972E-07,-7.41796E-08,
-2.04651E-07,-5.66735E-07,-2.30989E-08,-7.73019E-08,-1.80147E-07,-8.09387E-08,
-1.94032E-07,-5.48029E-07,-1.73618E-08,-8.65388E-08,-2.13503E-07,-8.88869E-08,
-1.78709E-07,-5.04190E-07,-5.62416E-08,-8.72225E-08,-2.20174E-07,-1.01442E-07,
-1.58416E-07,-4.38276E-07,-8.23747E-08,-8.47938E-08,-2.08544E-07,-1.15083E-07,
-1.35278E-07,-3.65299E-07,-1.07198E-07,-8.04824E-08,-1.89251E-07,-1.24712E-07,
-1.06010E-07,-2.80816E-07,-1.41757E-07,-7.34099E-08,-1.66128E-07,-1.28086E-07,
-7.28074E-08,-2.00449E-07,-1.90504E-07,-6.03106E-08,-1.34267E-07,-1.25966E-07,
-4.73263E-08,-1.41227E-07,-2.46890E-07,-4.42901E-08,-1.04865E-07,-1.17789E-07,
-3.21491E-08,-1.06202E-07,-2.89562E-07,-3.54709E-08,-9.26364E-08,-1.06872E-07,
-2.70268E-08,-8.42276E-08,-3.11587E-07,-3.22308E-08,-9.08606E-08,-1.00123E-07,
-2.86753E-08,-7.32973E-08,-3.26584E-07,-3.88672E-08,-1.05002E-07,-9.82349E-08,
-3.24411E-08,-7.89843E-08,-3.46690E-07,-5.28515E-08,-1.36422E-07,-9.48267E-08,
-4.10681E-08,-1.02230E-07,-3.71808E-07,-7.29725E-08,-1.85297E-07,-8.63517E-08,
-5.24350E-08,-1.39931E-07,-4.01288E-07,-9.39478E-08,-2.43777E-07,-7.12975E-08,
-6.52653E-08,-1.81102E-07,-4.33511E-07,-1.17795E-07,-3.14687E-07,-5.51762E-08,
-8.53596E-08,-2.39752E-07,-4.56474E-07,-1.46325E-07,-3.97123E-07,-4.60819E-08,
-1.11287E-07,-3.03954E-07,-4.58022E-07,-1.80788E-07,-4.89450E-07,-4.48311E-08,
-1.32585E-07,-3.51776E-07,-4.41113E-07,-2.17706E-07,-5.79051E-07,-4.74531E-08,
-1.46807E-07,-3.84980E-07,-4.17280E-07,-2.49313E-07,-6.54902E-07,-5.04653E-08,
-1.57145E-07,-4.15264E-07,-4.05103E-07,-2.75991E-07,-7.20350E-07,-4.94483E-08,
-1.63807E-07,-4.42115E-07,-4.04263E-07,-2.91539E-07,-7.64380E-07,-4.32852E-08,
-1.66646E-07,-4.58011E-07,-3.92086E-07,-2.98386E-07,-7.87426E-07,-3.52220E-08,
-1.68228E-07,-4.62052E-07,-3.55573E-07,-2.99553E-07,-7.93692E-07,-2.92260E-08,
-1.67670E-07,-4.51336E-07,-3.03228E-07,-2.98469E-07,-7.88144E-07,-2.75284E-08,
-1.65291E-07,-4.36442E-07,-2.38762E-07,-2.89247E-07,-7.57526E-07,-2.87494E-08,
-1.54727E-07,-4.05226E-07,-1.74145E-07,-2.67858E-07,-6.95826E-07,-2.61893E-08,
-1.37220E-07,-3.63063E-07,-1.20142E-07,-2.35574E-07,-6.13448E-07,-1.18410E-08,
-1.18796E-07,-3.26289E-07,-7.83505E-08,-1.96875E-07,-5.20599E-07,-6.44311E-08,
-1.02879E-07,-2.89582E-07,-4.19077E-08,-1.56476E-07,-4.24256E-07,-1.22184E-07,
-8.65987E-08,-2.42775E-07,-8.27393E-09,-1.15418E-07,-3.21306E-07,-1.67603E-07,
-7.49684E-08,-1.99171E-07,-3.11311E-08,-8.26381E-08,-2.29588E-07,-2.01073E-07,
-6.83704E-08,-1.69012E-07,-5.59401E-08,-5.77778E-08,-1.58032E-07,-2.29121E-07,
-6.28884E-08,-1.52424E-07,-7.48987E-08,-3.89693E-08,-1.03712E-07,-2.63728E-07,
-6.21737E-08,-1.59175E-07,-8.39883E-08,-3.15897E-08,-6.77694E-08,-3.06735E-07,
-6.45195E-08,-1.78768E-07,-8.57246E-08,-3.46027E-08,-5.98993E-08,-3.55956E-07,
-7.30551E-08,-2.08081E-07,-8.68815E-08,-4.05902E-08,-8.12492E-08,-4.05379E-07,
-8.54908E-08,-2.37268E-07,-8.98685E-08,-4.64261E-08,-1.16089E-07,-4.36545E-07,
-1.00098E-07,-2.60839E-07,-9.65724E-08,-5.49776E-08,-1.55647E-07,-4.35591E-07,
-1.16783E-07,-2.93770E-07,-1.02974E-07,-7.85002E-08,-2.01817E-07,-4.20454E-07,
-1.36517E-07,-3.43950E-07,-1.04738E-07,-1.04831E-07,-2.60931E-07,-4.16366E-07,
-1.50486E-07,-3.92872E-07,-1.01449E-07,-1.26172E-07,-3.22243E-07,-4.24249E-07,
-1.58456E-07,-4.29008E-07,-9.49268E-08,-1.41461E-07,-3.74307E-07,-4.31254E-07,
-1.65933E-07,-4.54739E-07,-8.81484E-08,-1.51835E-07,-4.15392E-07,-4.20282E-07,
-1.69282E-07,-4.56759E-07,-8.90506E-08,-1.59210E-07,-4.36794E-07,-3.89709E-07,
-1.68534E-07,-4.36356E-07,-9.88268E-08,-1.60177E-07,-4.30412E-07,-3.41788E-07,
-1.61492E-07,-4.01855E-07,-1.10291E-07,-1.53486E-07,-3.99268E-07,-2.89007E-07,
-1.50835E-07,-3.67273E-07,-1.16757E-07,-1.40663E-07,-3.60687E-07,-2.40759E-07,
-1.34320E-07,-3.31130E-07,-1.16088E-07,-1.22526E-07,-3.24265E-07,-2.06119E-07,
-1.08727E-07,-2.74356E-07,-1.13309E-07,-9.82388E-08,-2.77920E-07,-1.83396E-07,
-7.39499E-08,-1.87729E-07,-1.14837E-07,-6.91737E-08,-2.17445E-07,-1.47664E-07,
-4.07515E-08,-9.13284E-08,-1.20471E-07,-4.23228E-08,-1.50368E-07,-8.91974E-08,
-1.10285E-08,-9.14385E-09,-1.25750E-07,-1.83575E-08,-8.12135E-08,-2.01935E-08,
-7.39855E-08,-4.41084E-08,-1.27238E-07,-6.82684E-09,-2.51757E-08,-1.65811E-08,
-1.44905E-07,-7.28655E-08,-1.22330E-07,-3.95782E-08,-1.46212E-08,-3.26257E-08,
-2.04090E-07,-9.15991E-08,-1.08698E-07,-5.48171E-08,-1.82979E-08,-4.22708E-08,
-2.40669E-07,-1.01178E-07,-8.84146E-08,-5.04641E-08,-1.16548E-08,-5.12357E-08,
-2.59472E-07,-1.05358E-07,-7.14004E-08,-3.38845E-08,-1.96449E-08,-6.50236E-08,
-2.51106E-07,-1.03653E-07,-6.19535E-08,-4.23980E-09,-4.66993E-08,-8.28744E-08,
-2.13492E-07,-9.27917E-08,-5.55979E-08,-2.68281E-08,-9.21090E-08,-1.02112E-07,
-1.46540E-07,-6.90345E-08,-4.55981E-08,-5.42857E-08,-1.50043E-07,-1.16244E-07,
-7.39138E-08,-3.93485E-08,-2.76644E-08,-7.97673E-08,-2.10943E-07,-1.20961E-07,
-5.70845E-09,-9.93292E-09,-1.12816E-08,-1.04394E-07,-2.81105E-07,-1.17636E-07,
-3.28951E-08,-8.25341E-08,-3.49247E-08,-1.28600E-07,-3.52516E-07,-1.09903E-07,
-6.66411E-08,-1.71438E-07,-5.65622E-08,-1.46029E-07,-4.04972E-07,-1.03770E-07,
-1.00171E-07,-2.51092E-07,-5.62957E-08,-1.56831E-07,-4.29574E-07,-1.00514E-07,
-1.29526E-07,-3.19056E-07,-3.33622E-08,-1.62294E-07,-4.34571E-07,-9.84072E-08,
-1.51726E-07,-3.72299E-07,-6.97052E-09,-1.65660E-07,-4.35505E-07,-9.05686E-08,
-1.63156E-07,-4.07001E-07,-1.53798E-08,-1.64240E-07,-4.33078E-07,-7.24903E-08,
-1.66446E-07,-4.23320E-07,-2.06443E-08,-1.53497E-07,-4.14393E-07,-4.93734E-08,
-1.64192E-07,-4.21237E-07,-2.98817E-08,-1.38719E-07,-3.85307E-07,-3.01776E-08,
-1.60958E-07,-4.07315E-07,-4.87295E-08,-1.24688E-07,-3.50770E-07,-1.71451E-08,
-1.52813E-07,-3.74973E-07,-7.62314E-08,-1.09572E-07,-3.03483E-07,-8.63870E-09,
-1.35650E-07,-3.20476E-07,-1.03780E-07,-8.90464E-08,-2.42743E-07,-5.97712E-09,
-1.14023E-07,-2.62810E-07,-1.24057E-07,-6.86669E-08,-1.85369E-07,-1.83078E-08,
-9.05173E-08,-2.09570E-07,-1.33926E-07,-4.84997E-08,-1.38998E-07,-4.18839E-08,
-6.90880E-08,-1.63672E-07,-1.38272E-07,-2.95532E-08,-1.00520E-07,-8.05312E-08,
-5.56347E-08,-1.33529E-07,-1.41557E-07,-1.39195E-08,-6.80332E-08,-1.22229E-07,
-5.66630E-08,-1.29213E-07,-1.47599E-07,-1.18945E-08,-4.32120E-08,-1.45981E-07,
-6.70361E-08,-1.46027E-07,-1.57477E-07,-1.34253E-08,-3.84909E-08,-1.52807E-07,
-8.03931E-08,-1.74288E-07,-1.64568E-07,-1.72683E-08,-4.79220E-08,-1.64935E-07,
-9.37160E-08,-2.13172E-07,-1.63810E-07,-2.39695E-08,-6.76589E-08,-1.99029E-07,
-1.13222E-07,-2.78042E-07,-1.56107E-07,-3.62863E-08,-1.07759E-07,-2.49057E-07,
-1.42655E-07,-3.69535E-07,-1.44995E-07,-5.37823E-08,-1.65858E-07,-3.08362E-07,
-1.76874E-07,-4.63549E-07,-1.36257E-07,-7.28779E-08,-2.24509E-07,-3.72537E-07,
-2.11448E-07,-5.47163E-07,-1.37292E-07,-9.80924E-08,-2.87501E-07,-4.29949E-07,
-2.44227E-07,-6.20714E-07,-1.44005E-07,-1.26469E-07,-3.51636E-07,-4.73092E-07,
-2.70708E-07,-6.79677E-07,-1.48736E-07,-1.51839E-07,-4.05282E-07,-5.10061E-07,
-2.82959E-07,-7.15721E-07,-1.46385E-07,-1.69138E-07,-4.51116E-07,-5.50628E-07,
-2.85283E-07,-7.34261E-07,-1.39157E-07,-1.76357E-07,-4.82900E-07,-6.01231E-07,
-2.82348E-07,-7.37678E-07,-1.33265E-07,-1.78445E-07,-5.05252E-07,-6.50389E-07,
-2.76012E-07,-7.24911E-07,-1.33317E-07,-1.77739E-07,-5.13805E-07,-6.74524E-07,
-2.62921E-07,-6.81296E-07,-1.37517E-07,-1.73439E-07,-4.97961E-07,-6.64577E-07,
-2.38491E-07,-6.04238E-07,-1.41841E-07,-1.64533E-07,-4.63351E-07,-6.30694E-07,
-2.07988E-07,-5.17244E-07,-1.42108E-07,-1.54747E-07,-4.23834E-07,-5.81420E-07,
-1.72898E-07,-4.27816E-07,-1.34365E-07,-1.34661E-07,-3.67747E-07,-5.29833E-07,
-1.33231E-07,-3.36081E-07,-1.18535E-07,-1.03977E-07,-2.94181E-07,-4.82811E-07,
-9.26366E-08,-2.43822E-07,-1.00941E-07,-7.01136E-08,-2.19816E-07,-4.33311E-07,
-5.52707E-08,-1.51256E-07,-9.08071E-08,-4.10031E-08,-1.49325E-07,-3.72662E-07,
-2.16842E-08,-6.33951E-08,-8.62612E-08,-2.99395E-08,-8.53266E-08,-2.96349E-07,
-4.27655E-08,-1.72088E-08,-7.94728E-08,-3.62675E-08,-2.94735E-08,-2.16851E-07,
-8.56252E-08,-3.87801E-08,-6.48524E-08,-6.21936E-08,-1.53873E-08,-1.48138E-07,
-1.13370E-07,-4.71210E-08,-4.36580E-08,-8.74704E-08,-2.59683E-08,-1.06359E-07,
-1.21888E-07,-4.60352E-08,-2.20488E-08,-9.62396E-08,-2.87451E-08,-8.84328E-08,
-1.16695E-07,-4.11873E-08,-1.01885E-08,-1.03196E-07,-2.81162E-08,-8.39293E-08,
-9.54194E-08,-3.17961E-08,-1.54590E-08,-9.42933E-08,-2.19489E-08,-7.48185E-08,
-6.07500E-08,-1.89821E-08,-2.46473E-08,-6.40072E-08,-1.40564E-08,-5.58911E-08,
-2.98773E-08,-1.83281E-08,-2.76899E-08,-3.77779E-08,-2.77243E-08,-3.53891E-08,
-2.59587E-08,-5.18883E-08,-4.16231E-08,-2.66917E-08,-5.75864E-08,-2.60847E-08,
-4.89727E-08,-1.10972E-07,-7.44381E-08,-2.81758E-08,-8.81869E-08,-2.78442E-08,
-7.03142E-08,-1.70739E-07,-1.09187E-07,-3.58561E-08,-1.16493E-07,-3.76946E-08,
-8.19948E-08,-2.04116E-07,-1.23942E-07,-3.92663E-08,-1.33985E-07,-5.06378E-08,
-8.52548E-08,-2.05511E-07,-1.14218E-07,-3.77858E-08,-1.30404E-07,-5.06273E-08,
-8.51592E-08,-1.97916E-07,-9.36543E-08,-2.92506E-08,-1.01137E-07,-2.96283E-08,
-8.45687E-08,-1.91159E-07,-8.07475E-08,-1.87391E-08,-6.25295E-08,-1.19098E-08,
-7.73581E-08,-1.73963E-07,-7.83992E-08,-2.48196E-08,-1.33241E-08,-2.81954E-08,
-6.16199E-08,-1.42324E-07,-7.92445E-08,-7.48551E-08,-2.50533E-08,-3.73028E-08,
-4.03119E-08,-9.57684E-08,-7.40530E-08,-1.41716E-07,-5.04934E-08,-3.92038E-08,
-1.53797E-08,-3.38021E-08,-5.71101E-08,-2.19502E-07,-8.01907E-08,-4.26727E-08,
-3.63227E-08,-1.81970E-08,-2.08274E-08,-2.99556E-07,-1.13806E-07,-5.60008E-08,
-1.13670E-07,-5.32104E-08,-1.28752E-08,-3.74507E-07,-1.48597E-07,-7.49003E-08,
-1.81139E-07,-8.12612E-08,-2.50240E-08,-4.39545E-07,-1.78476E-07,-8.93845E-08,
-2.34821E-07,-9.88523E-08,-3.71336E-08,-4.96265E-07,-2.01394E-07,-9.28347E-08,
-2.79328E-07,-1.11027E-07,-4.74148E-08,-5.37479E-07,-2.13835E-07,-8.56194E-08,
-3.18514E-07,-1.22306E-07,-5.83646E-08,-5.61144E-07,-2.18797E-07,-6.95182E-08,
-3.32188E-07,-1.27457E-07,-7.27733E-08,-5.51102E-07,-2.12275E-07,-4.85089E-08,
-3.11239E-07,-1.23433E-07,-9.13379E-08,-5.13907E-07,-1.99682E-07,-3.81272E-08,
-2.65226E-07,-1.10985E-07,-1.09514E-07,-4.64979E-07,-1.84769E-07,-3.26204E-08,
-2.00629E-07,-8.85890E-08,-1.24122E-07,-3.96047E-07,-1.61968E-07,-2.56311E-08,
-1.28515E-07,-5.83417E-08,-1.32378E-07,-3.06679E-07,-1.26887E-07,-2.41740E-08,
-5.30864E-08,-2.33425E-08,-1.37145E-07,-2.05633E-07,-8.23381E-08,-1.06768E-07,
-1.73545E-08,-4.93238E-08,-1.41202E-07,-1.08017E-07,-3.88333E-08,-1.94784E-07,
-4.64724E-08,-1.24004E-07,-1.44901E-07,-1.15368E-08,-1.72177E-08,-2.52250E-07,
-7.39459E-08,-1.84756E-07,-1.47222E-07,-2.97889E-08,-8.79002E-08,-2.78548E-07,
-9.65763E-08,-2.30686E-07,-1.46479E-07,-6.47086E-08,-1.65353E-07,-2.92214E-07,
-1.07371E-07,-2.53500E-07,-1.42705E-07,-9.08004E-08,-2.21915E-07,-2.99948E-07,
-1.06464E-07,-2.58753E-07,-1.34515E-07,-1.07999E-07,-2.67199E-07,-3.10418E-07,
-9.74686E-08,-2.50440E-07,-1.20485E-07,-1.22978E-07,-3.16351E-07,-3.29295E-07,
-8.09899E-08,-2.19106E-07,-1.06676E-07,-1.33091E-07,-3.59678E-07,-3.42025E-07,
-6.29419E-08,-1.74033E-07,-1.00622E-07,-1.36607E-07,-3.74529E-07,-3.24788E-07,
-4.55443E-08,-1.16497E-07,-9.87836E-08,-1.33982E-07,-3.59838E-07,-2.75871E-07,
-2.52057E-08,-5.30751E-08,-9.55036E-08,-1.29771E-07,-3.32548E-07,-2.15936E-07,
-1.82465E-08,-1.34514E-08,-9.07444E-08,-1.20446E-07,-2.97354E-07,-1.74461E-07,
-9.44224E-08,-4.08947E-08,-8.53558E-08,-1.07067E-07,-2.63575E-07,-1.58768E-07,
-1.59155E-07,-6.15937E-08,-8.16053E-08,-8.95279E-08,-2.27547E-07,-1.54865E-07,
-1.89615E-07,-7.08368E-08,-7.68469E-08,-7.43912E-08,-2.02121E-07,-1.43783E-07,
-1.95670E-07,-7.39904E-08,-7.11929E-08,-6.45762E-08,-1.83287E-07,-1.16622E-07,
-1.87108E-07,-7.43957E-08,-6.95546E-08,-5.81397E-08,-1.62381E-07,-8.23531E-08,
-1.55993E-07,-6.57754E-08,-6.88839E-08,-5.82240E-08,-1.49475E-07,-4.96625E-08,
-1.08327E-07,-4.77465E-08,-5.91773E-08,-6.24113E-08,-1.55290E-07,-3.94689E-08,
-5.26190E-08,-2.26151E-08,-3.73845E-08,-7.16769E-08,-1.83453E-07,-5.30839E-08,
-6.92145E-09,-2.56254E-08,-1.03712E-08,-8.39420E-08,-2.28753E-07,-6.79467E-08,
-4.10693E-08,-1.15000E-07,-4.65904E-08,-1.02526E-07,-2.86664E-07,-6.43586E-08,
-8.13362E-08,-2.15979E-07,-1.12715E-07,-1.24502E-07,-3.41501E-07,-3.92404E-08,
-1.17634E-07,-3.05802E-07,-1.80011E-07,-1.48203E-07,-3.95572E-07,-1.16340E-08,
-1.41931E-07,-3.69968E-07,-2.45004E-07,-1.70265E-07,-4.40438E-07,-3.13885E-08,
-1.56002E-07,-4.13660E-07,-3.09846E-07,-1.86878E-07,-4.75261E-07,-4.45231E-08,
-1.66377E-07,-4.51929E-07,-3.83872E-07,-1.93977E-07,-4.96642E-07,-5.08839E-08,
-1.68369E-07,-4.66888E-07,-4.61476E-07,-1.88378E-07,-4.91061E-07,-5.49562E-08,
-1.62036E-07,-4.51064E-07,-5.22863E-07,-1.75450E-07,-4.59802E-07,-6.54919E-08,
-1.50569E-07,-4.12567E-07,-5.46920E-07,-1.57870E-07,-4.07644E-07,-8.50772E-08,
-1.32413E-07,-3.58086E-07,-5.36542E-07,-1.36812E-07,-3.37965E-07,-1.03465E-07,
-1.06171E-07,-2.89566E-07,-5.18184E-07,-1.04500E-07,-2.44880E-07,-1.14359E-07,
-7.37571E-08,-2.12375E-07,-5.01771E-07,-6.35169E-08,-1.43372E-07,-1.18259E-07,
-4.00144E-08,-1.32367E-07,-4.80662E-07,-1.86381E-08,-4.40739E-08,-1.17729E-07,
-2.99601E-08,-5.99066E-08,-4.53309E-07,-1.01280E-07,-3.77987E-08,-1.14213E-07,
-3.01110E-08,-3.09718E-08,-4.13298E-07,-2.31378E-07,-8.48970E-08,-1.11031E-07,
-9.38208E-08,-3.38306E-08,-3.53348E-07,-3.46923E-07,-1.32114E-07,-1.14185E-07,
-1.51242E-07,-6.13368E-08,-2.81219E-07,-4.32324E-07,-1.69859E-07,-1.20900E-07,
-1.95982E-07,-7.98184E-08,-2.16175E-07,-4.94697E-07,-1.96578E-07,-1.21238E-07,
-2.29679E-07,-8.92482E-08,-1.74197E-07,-5.48474E-07,-2.14833E-07,-1.10223E-07,
-2.44376E-07,-9.09148E-08,-1.57644E-07,-5.95438E-07,-2.26091E-07,-9.55511E-08,
-2.42138E-07,-8.80525E-08,-1.50158E-07,-6.08873E-07,-2.26196E-07,-8.44935E-08,
-2.30383E-07,-8.51523E-08,-1.38102E-07,-5.86849E-07,-2.18136E-07,-7.89261E-08,
-2.09394E-07,-8.03148E-08,-1.19609E-07,-5.36348E-07,-2.03786E-07,-7.36277E-08,
-1.78106E-07,-7.09893E-08,-9.88706E-08,-4.66227E-07,-1.84401E-07,-6.63467E-08,
-1.45415E-07,-5.74455E-08,-8.81738E-08,-3.83883E-07,-1.57821E-07,-5.90553E-08,
-1.14839E-07,-4.18696E-08,-1.00043E-07,-3.03582E-07,-1.25846E-07,-4.81634E-08,
-1.04788E-07,-3.18391E-08,-1.25433E-07,-2.46637E-07,-9.93297E-08,-3.19274E-08,
-1.11387E-07,-3.09444E-08,-1.39543E-07,-2.10873E-07,-8.06943E-08,-1.90332E-08,
-1.27025E-07,-3.79314E-08,-1.24231E-07,-1.84774E-07,-7.10358E-08,-1.53656E-08,
-1.59455E-07,-5.36996E-08,-9.01440E-08,-1.63408E-07,-6.86645E-08,-1.40162E-08,
-2.10136E-07,-7.64877E-08,-5.46010E-08,-1.63341E-07,-7.50241E-08,-1.27388E-08,
-2.66760E-07,-9.76290E-08,-3.08779E-08,-1.89840E-07,-8.84106E-08,-1.50103E-08,
-3.25443E-07,-1.17739E-07,-2.72764E-08,-2.43032E-07,-1.06720E-07,-4.61430E-08,
-3.98075E-07,-1.42568E-07,-2.89611E-08,-3.12856E-07,-1.27712E-07,-7.09419E-08,
-4.79526E-07,-1.72040E-07,-3.33161E-08,-3.88153E-07,-1.51935E-07,-8.44645E-08,
-5.62648E-07,-2.05312E-07,-4.11548E-08,-4.61607E-07,-1.79652E-07,-8.76385E-08,
-6.24549E-07,-2.32780E-07,-5.76763E-08,-5.19920E-07,-2.05872E-07,-7.58688E-08,
-6.67179E-07,-2.51854E-07,-7.93253E-08,-5.66463E-07,-2.29770E-07,-6.03525E-08,
-7.01180E-07,-2.65149E-07,-8.57693E-08,-6.04325E-07,-2.46201E-07,-5.42412E-08,
-7.20172E-07,-2.70161E-07,-8.00080E-08,-6.29248E-07,-2.53386E-07,-5.46666E-08,
-7.15104E-07,-2.66005E-07,-7.21113E-08,-6.32489E-07,-2.50364E-07,-5.22554E-08,
-6.89313E-07,-2.56074E-07,-6.59270E-08,-6.12471E-07,-2.40495E-07,-4.97482E-08,
-6.49042E-07,-2.41477E-07,-5.96529E-08,-5.64093E-07,-2.23511E-07,-4.78200E-08,
-5.85913E-07,-2.18082E-07,-4.93001E-08,-4.91499E-07,-2.00106E-07,-4.65974E-08,
-4.96706E-07,-1.84142E-07,-3.71697E-08,-4.06321E-07,-1.71142E-07,-6.41690E-08,
-3.86661E-07,-1.39996E-07,-2.82192E-08,-3.14252E-07,-1.37085E-07,-7.98632E-08,
-2.72036E-07,-9.31730E-08,-6.86021E-08,-2.25260E-07,-1.00669E-07,-8.87833E-08,
-1.58129E-07,-4.71547E-08,-1.65823E-07,-1.30038E-07,-5.97375E-08,-9.54865E-08,
-4.74876E-08,-1.68769E-08,-2.41284E-07,-3.27170E-08,-2.10945E-08,-1.02924E-07,
-2.32303E-08,-8.33596E-08,-2.86234E-07,-2.73049E-08,-4.12541E-08,-1.13783E-07,
-5.69417E-08,-1.71447E-07,-3.20967E-07,-4.62209E-08,-7.74471E-08,-1.24422E-07,
-8.31322E-08,-2.40329E-07,-3.66341E-07,-5.46221E-08,-9.73345E-08,-1.31911E-07,
-1.00874E-07,-2.91125E-07,-4.16009E-07,-5.11950E-08,-9.60037E-08,-1.35161E-07,
-1.09236E-07,-3.15615E-07,-4.53959E-07,-3.80347E-08,-7.62765E-08,-1.33387E-07,
-1.11470E-07,-3.20301E-07,-4.74625E-07,-1.93271E-08,-4.14453E-08,-1.28591E-07,
-1.07394E-07,-3.01920E-07,-4.74043E-07,-3.01595E-08,-1.52013E-08,-1.27716E-07,
-9.79010E-08,-2.66326E-07,-4.54376E-07,-8.50224E-08,-3.91229E-08,-1.36640E-07,
-8.26095E-08,-2.19310E-07,-4.26844E-07,-1.53007E-07,-6.92866E-08,-1.51188E-07,
-6.19842E-08,-1.65878E-07,-4.10692E-07,-2.33316E-07,-1.00234E-07,-1.63882E-07,
-3.89442E-08,-1.14425E-07,-4.09128E-07,-3.04115E-07,-1.23315E-07,-1.71414E-07,
-2.78890E-08,-6.82246E-08,-4.14017E-07,-3.49297E-07,-1.34957E-07,-1.76327E-07,
-2.37354E-08,-3.65008E-08,-4.08179E-07,-3.68935E-07,-1.40653E-07,-1.82750E-07,
-2.42104E-08,-3.16330E-08,-3.90376E-07,-3.67072E-07,-1.42743E-07,-1.92312E-07,
-2.56059E-08,-3.19025E-08,-3.71569E-07,-3.44946E-07,-1.40340E-07,-2.03036E-07,
-2.28098E-08,-3.03687E-08,-3.62895E-07,-3.12895E-07,-1.33651E-07,-2.14515E-07,
-2.10562E-08,-2.99836E-08,-3.62944E-07,-2.72576E-07,-1.19845E-07,-2.21734E-07,
-2.18431E-08,-3.11532E-08,-3.71765E-07,-2.27062E-07,-9.87058E-08,-2.17850E-07,
-2.54229E-08,-6.01430E-08,-3.79289E-07,-1.68164E-07,-7.04679E-08,-2.01971E-07,
-3.40215E-08,-1.21203E-07,-3.69876E-07,-9.44647E-08,-3.89380E-08,-1.83976E-07,
-5.94896E-08,-1.81859E-07,-3.44433E-07,-1.88326E-08,-1.07818E-08,-1.70755E-07,
-8.55886E-08,-2.38513E-07,-3.14435E-07,-3.15727E-08,-5.13488E-08,-1.58831E-07,
-1.08810E-07,-2.92783E-07,-2.89314E-07,-5.17767E-08,-9.31842E-08,-1.41750E-07,
-1.23553E-07,-3.31320E-07,-2.69723E-07,-6.33459E-08,-1.25093E-07,-1.16161E-07,
-1.24371E-07,-3.39130E-07,-2.48620E-07,-6.49001E-08,-1.42890E-07,-8.50713E-08,
-1.13922E-07,-3.20383E-07,-2.20373E-07,-6.02821E-08,-1.47847E-07,-5.22402E-08,
-9.72811E-08,-2.80202E-07,-1.84857E-07,-4.78771E-08,-1.28976E-07,-2.32878E-08,
-7.47263E-08,-2.19518E-07,-1.41603E-07,-2.97143E-08,-8.38452E-08,-1.70543E-09,
-4.25994E-08,-1.28370E-07,-9.76873E-08,-6.99455E-09,-3.57441E-08,-2.60212E-08,
-4.09243E-09,-3.26973E-08,-6.49527E-08,-5.25888E-08,-3.00449E-08,-4.24468E-08,
-1.20606E-07,-4.25468E-08,-5.03095E-08,-1.23505E-07,-5.82835E-08,-6.82280E-08,
-2.50560E-07,-8.94463E-08,-4.09403E-08,-2.02819E-07,-8.49220E-08,-1.01594E-07,
-3.79261E-07,-1.35765E-07,-2.88882E-08,-2.92546E-07,-1.14592E-07,-1.21520E-07,
-4.93749E-07,-1.78644E-07,-2.84211E-08,-3.71546E-07,-1.44064E-07,-1.12696E-07,
-5.79373E-07,-2.12161E-07,-3.39675E-08,-4.30426E-07,-1.69172E-07,-7.66705E-08,
-6.39808E-07,-2.36138E-07,-3.88193E-08,-4.76269E-07,-1.91562E-07,-3.72836E-08,
-6.78073E-07,-2.51265E-07,-4.22734E-08,-5.02608E-07,-2.05374E-07,-3.25137E-08,
-6.95599E-07,-2.57560E-07,-4.33026E-08,-5.16730E-07,-2.10811E-07,-3.36006E-08,
-6.90554E-07,-2.52576E-07,-4.17840E-08,-5.20543E-07,-2.08946E-07,-3.21882E-08,
-6.60898E-07,-2.40102E-07,-3.90291E-08,-5.18479E-07,-2.04362E-07,-3.07181E-08,
-6.09444E-07,-2.20933E-07,-3.67127E-08,-5.13726E-07,-2.01899E-07,-3.15869E-08,
-5.38339E-07,-1.95781E-07,-3.44622E-08,-4.89628E-07,-1.95240E-07,-3.32273E-08,
-4.56050E-07,-1.66329E-07,-3.02798E-08,-4.36898E-07,-1.78391E-07,-3.32492E-08,
-3.74735E-07,-1.34866E-07,-2.45617E-08,-3.72302E-07,-1.53092E-07,-3.08623E-08,
-3.03295E-07,-1.06239E-07,-1.86651E-08,-3.14663E-07,-1.28351E-07,-2.68026E-08,
-2.38995E-07,-8.14454E-08,-1.45923E-08,-2.67110E-07,-1.05069E-07,-2.39490E-08,
-1.92975E-07,-6.40772E-08,-2.61932E-08,-2.33449E-07,-8.90798E-08,-2.50206E-08,
-1.72164E-07,-5.86123E-08,-5.05851E-08,-2.12908E-07,-8.12909E-08,-2.65786E-08,
-1.78826E-07,-6.49765E-08,-7.05785E-08,-2.04037E-07,-8.14697E-08,-2.65536E-08,
-2.09352E-07,-7.83145E-08,-8.97121E-08,-2.06533E-07,-8.61442E-08,-3.07290E-08,
-2.58118E-07,-9.57534E-08,-1.23203E-07,-2.23905E-07,-9.15140E-08,-3.70479E-08,
-3.30839E-07,-1.20073E-07,-1.73801E-07,-2.63173E-07,-1.02024E-07,-3.63110E-08,
-4.15361E-07,-1.49377E-07,-2.27130E-07,-3.28319E-07,-1.21496E-07,-3.83412E-08,
-4.93133E-07,-1.79406E-07,-2.71689E-07,-4.03964E-07,-1.49534E-07,-4.18405E-08,
-5.61290E-07,-2.08470E-07,-3.05736E-07,-4.73057E-07,-1.79056E-07,-5.58529E-08,
-6.25681E-07,-2.35749E-07,-3.30548E-07,-5.31025E-07,-2.07511E-07,-7.40836E-08,
-6.75933E-07,-2.56366E-07,-3.49243E-07,-5.74193E-07,-2.28264E-07,-9.30168E-08,
-7.03304E-07,-2.63875E-07,-3.63690E-07,-6.02636E-07,-2.39006E-07,-1.04922E-07,
-6.96814E-07,-2.56390E-07,-3.80597E-07,-6.19737E-07,-2.40354E-07,-1.06130E-07,
-6.64302E-07,-2.39943E-07,-3.96044E-07,-6.20052E-07,-2.34337E-07,-1.04068E-07,
-6.14889E-07,-2.21287E-07,-3.97107E-07,-5.92586E-07,-2.22453E-07,-1.07136E-07,
-5.43518E-07,-1.98049E-07,-3.81003E-07,-5.32137E-07,-2.03310E-07,-1.16289E-07,
-4.58223E-07,-1.71137E-07,-3.56534E-07,-4.46448E-07,-1.76859E-07,-1.21967E-07,
-3.76516E-07,-1.42811E-07,-3.28446E-07,-3.50570E-07,-1.43657E-07,-1.16238E-07,
-2.98552E-07,-1.11473E-07,-3.02547E-07,-2.53779E-07,-1.04548E-07,-1.01382E-07,
-2.15674E-07,-7.66791E-08,-2.85779E-07,-1.50226E-07,-5.75619E-08,-8.13944E-08,
-1.36365E-07,-4.27427E-08,-2.67781E-07,-5.12646E-08,-2.11061E-08,-6.02360E-08,
-6.98593E-08,-3.51390E-08,-2.41958E-07,-2.94909E-08,-1.03027E-07,-4.27048E-08,
-3.69999E-08,-3.68449E-08,-2.01264E-07,-6.81135E-08,-1.91762E-07,-2.97311E-08,
-2.72228E-08,-3.63329E-08,-1.57600E-07,-1.02241E-07,-2.64576E-07,-3.08486E-08,
-2.32800E-08,-3.37807E-08,-1.27102E-07,-1.23959E-07,-3.09871E-07,-5.29803E-08,
-2.27914E-08,-2.76213E-08,-1.11241E-07,-1.26753E-07,-3.21596E-07,-9.95374E-08,
-3.10026E-08,-2.05529E-08,-9.88130E-08,-1.17950E-07,-3.12850E-07,-1.56708E-07,
-5.77002E-08,-1.72131E-08,-8.47283E-08,-1.03560E-07,-2.89879E-07,-1.95815E-07,
-1.05177E-07,-3.62222E-08,-6.68371E-08,-8.60859E-08,-2.48335E-07,-2.13476E-07,
-1.67929E-07,-6.13682E-08,-4.15143E-08,-6.09706E-08,-1.74364E-07,-2.17371E-07,
-2.30453E-07,-8.69721E-08,-1.78031E-08,-2.92222E-08,-7.77672E-08,-2.19543E-07,
-2.90549E-07,-1.09880E-07,-1.82248E-08,-2.13458E-08,-1.70960E-08,-2.31854E-07,
-3.42398E-07,-1.27807E-07,-2.07990E-08,-9.59340E-08,-3.88928E-08,-2.51633E-07,
-3.78306E-07,-1.38046E-07,-2.19186E-08,-1.83340E-07,-6.83566E-08,-2.74196E-07,
-3.91611E-07,-1.40942E-07,-2.36567E-08,-2.44542E-07,-8.78410E-08,-2.83026E-07,
-3.79852E-07,-1.36831E-07,-2.72617E-08,-2.63072E-07,-9.55719E-08,-2.72272E-07,
-3.51803E-07,-1.28589E-07,-4.26267E-08,-2.56730E-07,-9.63542E-08,-2.51805E-07,
-3.17468E-07,-1.16505E-07,-5.88430E-08,-2.37750E-07,-9.26278E-08,-2.41538E-07,
-2.64334E-07,-9.68265E-08,-6.95255E-08,-2.12309E-07,-8.35725E-08,-2.48859E-07,
-1.97695E-07,-7.06114E-08,-7.55780E-08,-1.72820E-07,-6.57982E-08,-2.69154E-07,
-1.36560E-07,-4.66774E-08,-7.71270E-08,-1.19536E-07,-4.06401E-08,-2.90848E-07,
-7.84065E-08,-2.49026E-08,-7.67167E-08,-5.65726E-08,-2.52241E-08,-3.00862E-07,
-1.72621E-08,-1.43928E-08,-8.26635E-08,-1.76530E-08,-3.31224E-08,-2.90642E-07,
-2.91114E-08,-7.35930E-08,-9.36285E-08,-2.71171E-08,-7.98471E-08,-2.64373E-07,
-5.16517E-08,-1.30373E-07,-9.99999E-08,-4.41707E-08,-1.16369E-07,-2.43570E-07,
-6.61034E-08,-1.72414E-07,-9.34982E-08,-4.82316E-08,-1.32181E-07,-2.30928E-07,
-7.40385E-08,-1.98656E-07,-7.88909E-08,-4.30084E-08,-1.30104E-07,-2.19715E-07,
-7.69933E-08,-2.05052E-07,-6.45148E-08,-2.80649E-08,-1.00444E-07,-2.00734E-07,
-7.15977E-08,-1.85373E-07,-5.56991E-08,-1.87626E-08,-4.56676E-08,-1.68850E-07,
-5.76872E-08,-1.39270E-07,-5.11994E-08,-7.51711E-08,-2.17608E-08,-1.21446E-07,
-4.20521E-08,-9.30949E-08,-4.88400E-08,-1.70832E-07,-6.36235E-08,-6.49736E-08,
-2.40737E-08,-4.89713E-08,-4.50214E-08,-2.87547E-07,-1.11656E-07,-2.46951E-08,
-3.55628E-08,-1.53460E-08,-3.69081E-08,-4.26232E-07,-1.62110E-07,-3.23108E-08,
-1.15073E-07,-4.26577E-08,-2.72778E-08,-5.66785E-07,-2.09774E-07,-4.20786E-08,
-2.06911E-07,-7.82497E-08,-3.08759E-08,-6.90381E-07,-2.52609E-07,-5.05134E-08,
-2.89904E-07,-1.13624E-07,-3.30769E-08,-7.88040E-07,-2.90807E-07,-5.84993E-08,
-3.55100E-07,-1.44190E-07,-3.48204E-08,-8.63841E-07,-3.25769E-07,-6.65742E-08,
-4.00401E-07,-1.64872E-07,-3.81699E-08,-9.08422E-07,-3.48504E-07,-7.23055E-08,
-4.27791E-07,-1.75657E-07,-4.10692E-08,-9.15564E-07,-3.52065E-07,-7.38249E-08,
-4.37612E-07,-1.76433E-07,-4.27133E-08,-8.93706E-07,-3.39713E-07,-7.12599E-08,
-4.39557E-07,-1.73737E-07,-4.23479E-08,-8.60552E-07,-3.19430E-07,-6.82690E-08,
-4.28968E-07,-1.66861E-07,-4.14850E-08,-8.10776E-07,-2.95225E-07,-6.51167E-08,
-3.89546E-07,-1.52982E-07,-4.16248E-08,-7.35313E-07,-2.66884E-07,-6.02956E-08,
-3.31210E-07,-1.34747E-07,-4.88157E-08,-6.43994E-07,-2.38649E-07,-5.65297E-08,
-2.63607E-07,-1.11548E-07,-5.27520E-08,-5.52682E-07,-2.09950E-07,-5.32509E-08,
-1.91439E-07,-8.24627E-08,-4.77927E-08,-4.68808E-07,-1.79554E-07,-4.85554E-08,
-1.31570E-07,-5.29295E-08,-3.98637E-08,-3.90674E-07,-1.44528E-07,-4.20368E-08,
-9.20141E-08,-2.93775E-08,-4.21980E-08,-3.28252E-07,-1.12732E-07,-3.70318E-08,
-6.75087E-08,-2.43415E-08,-4.43770E-08,-2.91644E-07,-9.43268E-08,-3.48711E-08,
-5.65775E-08,-3.15023E-08,-4.61405E-08,-2.77350E-07,-8.95449E-08,-3.61596E-08,
-5.26115E-08,-4.05105E-08,-4.90064E-08,-2.71025E-07,-9.28748E-08,-3.71738E-08,
-5.98358E-08,-3.65689E-08,-5.06467E-08,-2.76626E-07,-1.00565E-07,-3.79878E-08,
-8.91616E-08,-2.52215E-08,-4.99113E-08,-2.99753E-07,-1.11137E-07,-4.64216E-08,
-1.38997E-07,-4.57042E-08,-5.05840E-08,-3.37554E-07,-1.21239E-07,-7.26479E-08,
-1.98682E-07,-6.90114E-08,-4.85154E-08,-3.84458E-07,-1.33897E-07,-1.24782E-07,
-2.72285E-07,-9.86989E-08,-4.70943E-08,-4.32969E-07,-1.49554E-07,-1.77003E-07,
-3.52118E-07,-1.32826E-07,-6.22366E-08,-4.77481E-07,-1.69234E-07,-2.14008E-07,
-4.23641E-07,-1.64358E-07,-8.38809E-08,-5.10308E-07,-1.86626E-07,-2.39770E-07,
-4.82953E-07,-1.89819E-07,-1.02220E-07,-5.30039E-07,-1.96668E-07,-2.73691E-07,
-5.23593E-07,-2.06878E-07,-1.16987E-07,-5.30535E-07,-1.96363E-07,-3.18917E-07,
-5.44237E-07,-2.14710E-07,-1.27991E-07,-5.12830E-07,-1.85538E-07,-3.72262E-07,
-5.28100E-07,-2.07019E-07,-1.36281E-07,-4.70480E-07,-1.65234E-07,-4.21498E-07,
-4.64239E-07,-1.82510E-07,-1.46661E-07,-4.06405E-07,-1.39756E-07,-4.51159E-07,
-3.77157E-07,-1.50912E-07,-1.63107E-07,-3.34361E-07,-1.15568E-07,-4.50636E-07,
-2.82305E-07,-1.17191E-07,-1.77273E-07,-2.49278E-07,-8.76482E-08,-4.34190E-07,
-1.78624E-07,-7.79455E-08,-1.80644E-07,-1.57579E-07,-5.47286E-08,-4.24869E-07,
-6.45544E-08,-3.21486E-08,-1.73108E-07,-7.33137E-08,-3.15449E-08,-4.30391E-07,
-3.30239E-08,-7.30918E-08,-1.63003E-07,-2.88131E-08,-2.76108E-08,-4.51788E-07,
-8.11856E-08,-2.01686E-07,-1.53867E-07,-3.31088E-08,-9.32283E-08,-4.69381E-07,
-1.26616E-07,-3.20457E-07,-1.47046E-07,-5.09626E-08,-1.65034E-07,-4.71193E-07,
-1.63910E-07,-4.12980E-07,-1.41808E-07,-7.85607E-08,-2.24978E-07,-4.52045E-07,
-1.88999E-07,-4.73016E-07,-1.38728E-07,-9.61056E-08,-2.60035E-07,-4.25218E-07,
-1.98760E-07,-4.97602E-07,-1.35028E-07,-1.01850E-07,-2.74940E-07,-4.09481E-07,
-1.96752E-07,-4.98618E-07,-1.26853E-07,-1.02874E-07,-2.89231E-07,-4.20794E-07,
-1.86880E-07,-4.82456E-07,-1.14711E-07,-9.55497E-08,-2.87809E-07,-4.44982E-07,
-1.70040E-07,-4.40697E-07,-1.07227E-07,-8.23673E-08,-2.62752E-07,-4.55949E-07,
-1.47432E-07,-3.76458E-07,-1.07270E-07,-6.84608E-08,-2.19963E-07,-4.44370E-07,
-1.17911E-07,-2.87335E-07,-1.09502E-07,-5.65557E-08,-1.77977E-07,-4.14723E-07,
-7.94632E-08,-1.79127E-07,-1.09330E-07,-4.41032E-08,-1.37229E-07,-3.81198E-07,
-3.72963E-08,-7.19946E-08,-1.05069E-07,-3.44246E-08,-9.91540E-08,-3.49341E-07,
-3.37383E-08,-1.62391E-08,-9.65249E-08,-3.66468E-08,-6.63792E-08,-3.34020E-07,
-9.89703E-08,-4.14929E-08,-8.38820E-08,-5.59762E-08,-5.14991E-08,-3.27834E-07,
-1.50514E-07,-5.90873E-08,-7.13721E-08,-6.84075E-08,-4.90243E-08,-3.08401E-07,
-1.81096E-07,-7.20679E-08,-6.04503E-08,-6.22691E-08,-4.99354E-08,-2.56000E-07,
-1.82939E-07,-7.67572E-08,-5.36903E-08,-3.73477E-08,-5.78067E-08,-1.82441E-07,
-1.54370E-07,-6.92874E-08,-4.50052E-08,-2.23134E-08,-8.24004E-08,-1.19693E-07,
-1.11815E-07,-5.36529E-08,-3.21434E-08,-3.85961E-08,-1.28903E-07,-8.60212E-08,
-6.72860E-08,-3.26022E-08,-2.68711E-08,-5.94314E-08,-1.88547E-07,-6.91650E-08,
-2.05741E-08,-3.59812E-08,-2.53724E-08,-8.18817E-08,-2.58307E-07,-5.48494E-08,
-2.22215E-08,-7.56036E-08,-2.83441E-08,-1.07254E-07,-3.27936E-07,-4.04925E-08,
-4.09778E-08,-1.14075E-07,-2.86202E-08,-1.36772E-07,-3.97979E-07,-2.26602E-08,
-5.55466E-08,-1.36808E-07,-1.93057E-08,-1.67231E-07,-4.60627E-07,-3.11768E-08,
-6.61611E-08,-1.49513E-07,-1.15716E-08,-1.89390E-07,-5.05904E-07,-4.05452E-08,
-7.11360E-08,-1.55182E-07,-1.50131E-08,-2.02859E-07,-5.42288E-07,-3.67674E-08,
-6.41797E-08,-1.41925E-07,-1.85817E-08,-2.03170E-07,-5.57007E-07,-2.14997E-08,
-4.09041E-08,-9.69367E-08,-2.61554E-08,-1.93506E-07,-5.45991E-07,-4.21846E-08,
-1.22566E-08,-3.95421E-08,-3.89613E-08,-1.79805E-07,-5.17575E-07,-4.90630E-08,
-7.98596E-08,-3.81275E-08,-5.65124E-08,-1.63208E-07,-4.66806E-07,-4.35281E-08,
-1.70310E-07,-7.70415E-08,-7.56416E-08,-1.37654E-07,-3.89623E-07,-3.51441E-08,
-2.66458E-07,-1.17910E-07,-9.29428E-08,-1.05676E-07,-2.99275E-07,-3.55735E-08,
-3.59353E-07,-1.54415E-07,-1.05446E-07,-6.89411E-08,-2.04372E-07,-4.86715E-08,
-4.51747E-07,-1.87604E-07,-1.09538E-07,-2.74734E-08,-1.09095E-07,-7.35515E-08,
-5.40941E-07,-2.18341E-07,-1.08462E-07,-4.50266E-08,-2.85325E-08,-9.65186E-08,
-6.16841E-07,-2.45468E-07,-1.10225E-07,-1.30697E-07,-3.53055E-08,-9.89420E-08,
-6.60358E-07,-2.62621E-07,-1.16718E-07,-1.93513E-07,-6.45117E-08,-7.86188E-08,
-6.59550E-07,-2.64176E-07,-1.22018E-07,-2.26715E-07,-8.12738E-08,-6.18118E-08,
-6.25460E-07,-2.50895E-07,-1.20944E-07,-2.44723E-07,-9.07045E-08,-7.28014E-08,
-5.69534E-07,-2.27176E-07,-1.13828E-07,-2.48988E-07,-9.02472E-08,-1.07343E-07,
-4.97460E-07,-1.96848E-07,-1.04133E-07,-2.19120E-07,-7.56056E-08,-1.55798E-07,
-4.16037E-07,-1.63686E-07,-9.46389E-08,-1.64333E-07,-5.36615E-08,-1.96374E-07,
-3.29793E-07,-1.30270E-07,-9.03067E-08,-9.70860E-08,-2.92958E-08,-2.20934E-07,
-2.30793E-07,-9.44188E-08,-9.47887E-08,-2.38322E-08,-2.12631E-08,-2.30820E-07,
-1.27459E-07,-5.66561E-08,-1.06105E-07,-2.02285E-08,-5.23025E-08,-2.44321E-07,
-3.51754E-08,-2.03947E-08,-1.15207E-07,-4.62594E-08,-1.25324E-07,-2.75904E-07,
-2.20801E-08,-4.48003E-08,-1.15537E-07,-6.76096E-08,-1.92084E-07,-3.27915E-07,
-3.99710E-08,-9.93012E-08,-1.10352E-07,-8.06265E-08,-2.37770E-07,-3.79887E-07,
-5.25149E-08,-1.33118E-07,-1.08681E-07,-8.96649E-08,-2.66344E-07,-4.09208E-07,
-5.95026E-08,-1.45293E-07,-1.11733E-07,-9.46725E-08,-2.70848E-07,-4.18268E-07,
-6.05601E-08,-1.38539E-07,-1.16161E-07,-8.87959E-08,-2.42207E-07,-4.10184E-07,
-5.80639E-08,-1.28940E-07,-1.19022E-07,-7.26685E-08,-1.93545E-07,-3.95878E-07,
-5.51442E-08,-1.23191E-07,-1.15619E-07,-4.96721E-08,-1.38521E-07,-3.81517E-07,
-4.50185E-08,-1.10276E-07,-1.02688E-07,-2.77104E-08,-7.69851E-08,-3.72921E-07,
-3.06914E-08,-8.67483E-08,-8.22348E-08,-1.88207E-08,-1.68706E-08,-3.58016E-07,
-1.83558E-08,-6.19535E-08,-6.14413E-08,-8.26509E-08,-2.12215E-08,-3.21681E-07,
-1.52105E-08,-4.88690E-08,-4.73280E-08,-1.51444E-07,-4.93223E-08,-2.60738E-07,
-1.77699E-08,-4.66840E-08,-3.81430E-08,-2.09609E-07,-7.95746E-08,-1.93789E-07,
-2.05987E-08,-4.90989E-08,-2.51842E-08,-2.57899E-07,-1.02473E-07,-1.43206E-07,
-2.71982E-08,-6.77739E-08,-6.34731E-09,-2.83143E-07,-1.10769E-07,-1.12739E-07,
-4.10566E-08,-1.15616E-07,-5.33349E-08,-2.73697E-07,-1.01588E-07,-9.18693E-08,
-6.26502E-08,-1.81496E-07,-1.15921E-07,-2.32195E-07,-7.98246E-08,-7.67939E-08,
-8.93275E-08,-2.57543E-07,-1.61773E-07,-1.59658E-07,-5.11210E-08,-6.89473E-08,
-1.23770E-07,-3.40379E-07,-1.85591E-07,-5.79537E-08,-1.43298E-08,-5.83515E-08,
-1.63542E-07,-4.29384E-07,-1.93031E-07,-2.57406E-08,-6.72319E-08,-4.97718E-08,
-2.03039E-07,-5.19584E-07,-2.03323E-07,-7.19056E-08,-1.79596E-07,-5.42531E-08,
-2.35495E-07,-6.01930E-07,-2.29595E-07,-1.16126E-07,-3.04134E-07,-8.15530E-08,
-2.63149E-07,-6.81569E-07,-2.63768E-07,-1.60225E-07,-4.37993E-07,-1.17696E-07,
-2.89993E-07,-7.62156E-07,-2.84716E-07,-2.02192E-07,-5.61161E-07,-1.40052E-07,
-3.13613E-07,-8.28162E-07,-2.90005E-07,-2.34181E-07,-6.48493E-07,-1.41114E-07,
-3.29982E-07,-8.66221E-07,-2.80209E-07,-2.52221E-07,-6.86303E-07,-1.32615E-07,
-3.38270E-07,-8.79893E-07,-2.67367E-07,-2.60634E-07,-6.94730E-07,-1.17288E-07,
-3.36758E-07,-8.67171E-07,-2.68739E-07,-2.60786E-07,-6.88289E-07,-9.32110E-08,
-3.24960E-07,-8.35916E-07,-2.89202E-07,-2.47298E-07,-6.54336E-07,-7.10816E-08,
-3.07187E-07,-7.99301E-07,-3.24188E-07,-2.25063E-07,-6.05956E-07,-5.03076E-08,
-2.85803E-07,-7.56173E-07,-3.47018E-07,-1.98570E-07,-5.42681E-07,-3.01719E-08,
-2.62932E-07,-7.03234E-07,-3.38935E-07,-1.71480E-07,-4.65404E-07,-2.78583E-08,
-2.35543E-07,-6.33659E-07,-3.08315E-07,-1.41605E-07,-3.73717E-07,-5.10257E-08,
-2.02971E-07,-5.45159E-07,-2.79783E-07,-1.09361E-07,-2.81073E-07,-7.05586E-08,
-1.69397E-07,-4.56996E-07,-2.60268E-07,-8.19529E-08,-2.05766E-07,-8.12964E-08,
-1.37624E-07,-3.76572E-07,-2.43346E-07,-6.30980E-08,-1.62416E-07,-8.46091E-08,
-1.08001E-07,-3.04739E-07,-2.20654E-07,-5.05110E-08,-1.35949E-07,-8.08290E-08,
-8.56595E-08,-2.53040E-07,-1.82258E-07,-4.31043E-08,-1.20420E-07,-7.26136E-08,
-7.57813E-08,-2.29973E-07,-1.22161E-07,-4.85702E-08,-1.31070E-07,-6.42143E-08,
-7.29178E-08,-2.18727E-07,-4.47244E-08,-6.43570E-08,-1.63050E-07,-5.66784E-08,
-7.48821E-08,-2.17471E-07,-2.21747E-08,-8.81095E-08,-2.19543E-07,-4.72762E-08,
-8.34451E-08,-2.36182E-07,-4.08995E-08,-1.14738E-07,-2.94296E-07,-3.08245E-08,
-9.99448E-08,-2.78238E-07,-5.02148E-08,-1.41486E-07,-3.77214E-07,-4.14292E-08,
-1.24583E-07,-3.44256E-07,-5.93099E-08,-1.68414E-07,-4.54106E-07,-8.50893E-08,
-1.49832E-07,-4.07982E-07,-7.26738E-08,-1.92016E-07,-5.15134E-07,-1.29575E-07,
-1.73193E-07,-4.63234E-07,-8.70454E-08,-2.11046E-07,-5.54405E-07,-1.56081E-07,
-1.97142E-07,-5.18564E-07,-9.79223E-08,-2.24689E-07,-5.80917E-07,-1.57288E-07,
-2.15384E-07,-5.62485E-07,-1.04554E-07,-2.29319E-07,-5.88280E-07,-1.42580E-07,
-2.20900E-07,-5.78885E-07,-1.04125E-07,-2.18679E-07,-5.66092E-07,-1.25099E-07,
-2.16714E-07,-5.78338E-07,-9.67744E-08,-1.96566E-07,-5.19519E-07,-1.16677E-07,
-2.05424E-07,-5.59247E-07,-8.69623E-08,-1.65464E-07,-4.43464E-07,-1.04255E-07,
-1.86916E-07,-5.12929E-07,-8.33417E-08,-1.30381E-07,-3.44897E-07,-7.08665E-08,
-1.62811E-07,-4.41048E-07,-8.77432E-08,-9.59747E-08,-2.36137E-07,-2.59590E-08,
-1.31058E-07,-3.45513E-07,-9.22321E-08,-6.43967E-08,-1.37438E-07,-2.83929E-08,
-9.69141E-08,-2.50770E-07,-9.34520E-08,-3.35142E-08,-5.24067E-08,-4.89325E-08,
-6.16586E-08,-1.63122E-07,-9.16403E-08,-6.98326E-09,-1.46726E-08,-6.42007E-08,
-2.18563E-08,-6.84198E-08,-9.12908E-08,-9.44142E-08,-4.48627E-08,-7.27350E-08,
-5.93970E-08,-1.79240E-08,-9.34997E-08,-1.65509E-07,-6.91914E-08,-7.70678E-08,
-1.37679E-07,-4.80421E-08,-9.91740E-08,-1.95068E-07,-8.17210E-08,-8.25922E-08,
-1.90547E-07,-7.37882E-08,-1.06319E-07,-1.98728E-07,-8.80766E-08,-9.54068E-08,
-2.13878E-07,-8.95315E-08,-1.12740E-07,-1.76991E-07,-8.46918E-08,-1.09937E-07,
-2.05060E-07,-8.98176E-08,-1.10804E-07,-1.39053E-07,-7.00059E-08,-1.15997E-07,
-1.79158E-07,-7.71974E-08,-9.81259E-08,-9.07458E-08,-4.61029E-08,-1.12191E-07,
-1.30412E-07,-5.20567E-08,-8.20365E-08,-4.29130E-08,-1.78182E-08,-1.05944E-07,
-6.96554E-08,-2.06919E-08,-6.50654E-08,-1.99496E-08,-5.15311E-08,-1.05789E-07,
-2.33760E-08,-5.41635E-08,-4.67629E-08,-5.23674E-08,-1.31490E-07,-1.12108E-07,
-5.71634E-08,-1.49794E-07,-2.54692E-08,-9.19930E-08,-2.25748E-07,-1.24017E-07,
-9.87490E-08,-2.49050E-07,-3.85572E-08,-1.29746E-07,-3.13465E-07,-1.39374E-07,
-1.33719E-07,-3.36112E-07,-1.12833E-07,-1.55672E-07,-3.77723E-07,-1.51446E-07,
-1.61444E-07,-4.18996E-07,-2.07979E-07,-1.75094E-07,-4.35202E-07,-1.56486E-07,
-1.77327E-07,-4.78671E-07,-3.05002E-07,-1.87923E-07,-4.80540E-07,-1.57364E-07,
-1.76515E-07,-4.91755E-07,-3.80796E-07,-1.96025E-07,-5.05899E-07,-1.63032E-07,
-1.68587E-07,-4.71255E-07,-4.30604E-07,-1.99946E-07,-5.12262E-07,-1.79842E-07,
-1.51819E-07,-4.22005E-07,-4.63933E-07,-2.00209E-07,-5.01498E-07,-1.98692E-07,
-1.28373E-07,-3.54444E-07,-4.94580E-07,-1.96089E-07,-4.85709E-07,-2.09702E-07,
-9.68660E-08,-2.72974E-07,-5.16792E-07,-1.87364E-07,-4.66554E-07,-2.09429E-07,
-5.83602E-08,-1.83066E-07,-5.28550E-07,-1.74414E-07,-4.40322E-07,-2.00705E-07,
-4.45168E-08,-1.02884E-07,-5.30180E-07,-1.63475E-07,-4.21463E-07,-1.86737E-07,
-4.47666E-08,-5.13300E-08,-5.15888E-07,-1.58998E-07,-4.15583E-07,-1.75254E-07,
-8.93019E-08,-3.85473E-08,-4.78735E-07,-1.55212E-07,-4.04442E-07,-1.69875E-07,
-1.41829E-07,-4.33923E-08,-4.29183E-07,-1.54592E-07,-3.98427E-07,-1.67915E-07,
-1.58840E-07,-5.28060E-08,-3.93188E-07,-1.55872E-07,-4.02374E-07,-1.60824E-07,
-1.54780E-07,-4.89497E-08,-3.79583E-07,-1.58607E-07,-4.16459E-07,-1.40329E-07,
-1.23807E-07,-3.34804E-08,-3.88011E-07,-1.66076E-07,-4.45923E-07,-1.14134E-07,
-7.90579E-08,-3.13215E-08,-3.99143E-07,-1.82738E-07,-4.92172E-07,-9.09145E-08,
-5.01548E-08,-6.94205E-08,-4.13641E-07,-2.06019E-07,-5.48810E-07,-7.74874E-08,
-5.58204E-08,-1.80371E-07,-4.36246E-07,-2.33988E-07,-6.12018E-07,-7.23745E-08,
-1.06522E-07,-3.07008E-07,-4.60460E-07,-2.61029E-07,-6.74072E-07,-7.00562E-08,
-1.54657E-07,-4.33544E-07,-4.89364E-07,-2.86376E-07,-7.36667E-07,-6.43278E-08,
-2.04127E-07,-5.70791E-07,-5.33838E-07,-3.16810E-07,-8.21054E-07,-5.07078E-08,
-2.47705E-07,-7.02280E-07,-5.92683E-07,-3.44640E-07,-9.01568E-07,-3.15247E-08,
-2.79664E-07,-7.97850E-07,-6.45740E-07,-3.68170E-07,-9.65377E-07,-2.77366E-08,
-3.04419E-07,-8.61193E-07,-6.70968E-07,-3.90234E-07,-1.01456E-06,-4.19933E-08,
-3.16873E-07,-8.83838E-07,-6.65462E-07,-4.04919E-07,-1.03916E-06,-4.30837E-08,
-3.15414E-07,-8.69075E-07,-6.45352E-07,-4.05388E-07,-1.03366E-06,-4.63134E-08,
-2.98121E-07,-8.22505E-07,-6.15875E-07,-3.92667E-07,-1.00306E-06,-6.49214E-08,
-2.68265E-07,-7.50313E-07,-5.77727E-07,-3.69822E-07,-9.57044E-07,-1.00147E-07,
-2.29972E-07,-6.59839E-07,-5.34856E-07,-3.44317E-07,-9.04265E-07,-1.40168E-07,
-1.91522E-07,-5.62840E-07,-4.82903E-07,-3.15976E-07,-8.38089E-07,-1.70572E-07,
-1.53071E-07,-4.55703E-07,-4.13892E-07,-2.78637E-07,-7.37655E-07,-1.72949E-07,
-1.20620E-07,-3.51970E-07,-3.26337E-07,-2.40840E-07,-6.28023E-07,-1.49812E-07,
-9.64199E-08,-2.70309E-07,-2.28410E-07,-2.05199E-07,-5.26126E-07,-1.30200E-07,
-7.15703E-08,-1.98712E-07,-1.55666E-07,-1.66987E-07,-4.29095E-07,-1.22839E-07,
-5.23898E-08,-1.55478E-07,-1.09728E-07,-1.30614E-07,-3.44162E-07,-1.20477E-07,
-4.44183E-08,-1.46575E-07,-7.96329E-08,-1.01411E-07,-2.77827E-07,-9.58040E-08,
-4.80632E-08,-1.60907E-07,-6.02767E-08,-8.10416E-08,-2.26453E-07,-4.24019E-08,
-6.07652E-08,-1.91285E-07,-4.42981E-08,-7.24201E-08,-1.92429E-07,-1.59664E-08,
-8.21051E-08,-2.36777E-07,-3.19267E-08,-7.17687E-08,-1.73923E-07,-4.45916E-08,
-1.07876E-07,-2.94367E-07,-2.63225E-08,-7.84187E-08,-1.76428E-07,-7.07690E-08,
-1.35387E-07,-3.66654E-07,-3.49430E-08,-9.53180E-08,-2.14454E-07,-8.95847E-08,
-1.56440E-07,-4.33979E-07,-8.02974E-08,-1.14803E-07,-2.70503E-07,-1.00469E-07,
-1.71224E-07,-4.88598E-07,-1.43199E-07,-1.35562E-07,-3.33670E-07,-1.11729E-07,
-1.90826E-07,-5.49403E-07,-1.88531E-07,-1.62492E-07,-4.02178E-07,-1.27525E-07,
-2.09354E-07,-5.91743E-07,-2.08748E-07,-1.90288E-07,-4.67281E-07,-1.47219E-07,
-2.17893E-07,-6.03051E-07,-2.07637E-07,-2.14421E-07,-5.18817E-07,-1.58808E-07,
-2.14823E-07,-5.85571E-07,-1.96726E-07,-2.34378E-07,-5.64887E-07,-1.58692E-07,
-2.01686E-07,-5.47597E-07,-1.88956E-07,-2.41165E-07,-5.86495E-07,-1.53028E-07,
-1.77458E-07,-4.86954E-07,-1.85192E-07,-2.31537E-07,-5.70889E-07,-1.44774E-07,
-1.43850E-07,-4.03499E-07,-1.79975E-07,-2.08637E-07,-5.21747E-07,-1.38128E-07,
-1.03914E-07,-2.98031E-07,-1.52818E-07,-1.75197E-07,-4.38537E-07,-1.37329E-07,
-6.78347E-08,-1.94598E-07,-9.06047E-08,-1.39679E-07,-3.41020E-07,-1.42621E-07,
-3.71354E-08,-1.06902E-07,-2.17743E-08,-1.02658E-07,-2.36838E-07,-1.50264E-07,
-1.12352E-08,-3.39548E-08,-1.15957E-08,-5.79526E-08,-1.25122E-07,-1.54695E-07,
-7.97609E-08,-3.16697E-08,-1.65394E-08,-1.31614E-08,-3.62032E-08,-1.56163E-07,
-1.46192E-07,-5.41610E-08,-1.21357E-08,-1.01748E-07,-4.50172E-08,-1.63227E-07,
-1.88429E-07,-6.76622E-08,-1.12669E-08,-2.04016E-07,-8.33797E-08,-1.78316E-07,
-2.07365E-07,-7.38013E-08,-1.33799E-08,-2.80239E-07,-1.14465E-07,-1.99404E-07,
-1.97542E-07,-7.11757E-08,-1.61855E-08,-3.15517E-07,-1.31531E-07,-2.22689E-07,
-1.65846E-07,-6.02783E-08,-1.66064E-08,-3.13720E-07,-1.34211E-07,-2.44073E-07,
-1.16382E-07,-3.94578E-08,-1.75203E-08,-2.84828E-07,-1.23100E-07,-2.58792E-07,
-6.74760E-08,-3.98329E-08,-2.86441E-08,-2.50032E-07,-1.04884E-07,-2.64167E-07,
-3.80156E-08,-7.08681E-08,-7.13492E-08,-2.00646E-07,-8.04173E-08,-2.60831E-07,
-3.73621E-08,-1.46473E-07,-1.12986E-07,-1.20846E-07,-4.56618E-08,-2.54860E-07,
-7.17417E-08,-2.27572E-07,-1.22394E-07,-4.19547E-08,-3.28656E-08,-2.44612E-07,
-1.06365E-07,-3.06016E-07,-1.06545E-07,-5.41819E-08,-1.09860E-07,-2.24096E-07,
-1.42005E-07,-3.89774E-07,-9.17424E-08,-9.29334E-08,-2.04701E-07,-1.96714E-07,
-1.73927E-07,-4.71898E-07,-8.24737E-08,-1.25999E-07,-2.97123E-07,-1.62804E-07,
-1.97772E-07,-5.41032E-07,-8.68654E-08,-1.48359E-07,-3.71775E-07,-1.24480E-07,
-2.17368E-07,-6.01581E-07,-1.01249E-07,-1.59835E-07,-4.17955E-07,-8.31552E-08,
-2.30859E-07,-6.39029E-07,-1.04168E-07,-1.60124E-07,-4.25862E-07,-4.31584E-08,
-2.38934E-07,-6.51755E-07,-8.12701E-08,-1.54208E-07,-4.00527E-07,-1.98490E-08,
-2.39774E-07,-6.38010E-07,-4.53553E-08,-1.38965E-07,-3.48232E-07,-6.61038E-08,
-2.29242E-07,-6.01806E-07,-2.00888E-08,-1.08628E-07,-2.65391E-07,-1.18716E-07,
-2.17578E-07,-5.72718E-07,-2.85740E-08,-6.88492E-08,-1.76905E-07,-1.64124E-07,
-2.04549E-07,-5.50637E-07,-6.57924E-08,-3.02501E-08,-1.01752E-07,-1.89203E-07,
-1.88051E-07,-5.22098E-07,-1.05907E-07,-3.35012E-08,-4.56121E-08,-1.99346E-07,
-1.73422E-07,-4.90048E-07,-1.35731E-07,-9.83978E-08,-3.23936E-08,-2.01414E-07,
-1.65792E-07,-4.67139E-07,-1.45997E-07,-1.49993E-07,-5.79096E-08,-1.95723E-07,
-1.62083E-07,-4.45722E-07,-1.45012E-07,-1.87373E-07,-7.80462E-08,-1.78744E-07,
-1.62203E-07,-4.36557E-07,-1.55784E-07,-2.00467E-07,-8.63552E-08,-1.55450E-07,
-1.65385E-07,-4.46072E-07,-1.88421E-07,-1.89096E-07,-7.90482E-08,-1.46715E-07,
-1.74782E-07,-4.82941E-07,-2.31955E-07,-1.51424E-07,-5.87206E-08,-1.54557E-07,
-1.94015E-07,-5.44345E-07,-2.59358E-07,-8.02017E-08,-2.53797E-08,-1.67202E-07,
-2.13636E-07,-5.99893E-07,-2.50109E-07,-2.66399E-08,-3.98064E-08,-1.83751E-07,
-2.34010E-07,-6.44562E-07,-2.19972E-07,-4.53855E-08,-1.27051E-07,-2.06679E-07,
-2.57999E-07,-6.92129E-07,-1.90699E-07,-8.98671E-08,-2.35314E-07,-2.44897E-07,
-2.81893E-07,-7.43002E-07,-1.82316E-07,-1.29551E-07,-3.38886E-07,-2.87690E-07,
-2.99829E-07,-7.88208E-07,-1.99137E-07,-1.63243E-07,-4.37923E-07,-3.32917E-07,
-3.13584E-07,-8.32586E-07,-2.31907E-07,-1.96400E-07,-5.39827E-07,-3.88576E-07,
-3.21472E-07,-8.63805E-07,-2.59290E-07,-2.25551E-07,-6.28241E-07,-4.47436E-07,
-3.23681E-07,-8.71146E-07,-2.59587E-07,-2.46924E-07,-6.84477E-07,-4.84715E-07,
-3.18282E-07,-8.48697E-07,-2.47208E-07,-2.56577E-07,-7.01034E-07,-4.86092E-07,
-3.08461E-07,-8.15819E-07,-2.45399E-07,-2.55055E-07,-6.91760E-07,-4.73754E-07,
