-4.73691E-10,-1.17574E-08, 1.08505E-08,-2.34283E-08, 2.27570E-08,
-4.73691E-10,-1.17574E-08, 1.08505E-08,-2.34283E-08, 2.27570E-08,
-4.73691E-10,-1.17574E-08, 1.08505E-08,-2.34283E-08, 2.27570E-08,
-4.73691E-10,-1.17574E-08, 1.08505E-08,-2.34283E-08, 2.27570E-08,
-4.73691E-10,-1.17574E-08, 1.08505E-08,-2.34283E-08, 2.27570E-08,
-4.73691E-10,-1.17574E-08, 1.08505E-08,-2.34283E-08, 2.27570E-08,
-4.73691E-10,-1.17574E-08, 1.08505E-08,-2.34283E-08, 2.27570E-08,
-4.73691E-10,-1.17574E-08, 1.08505E-08,-2.34283E-08, 2.27570E-08,
-4.73691E-10,-1.17574E-08, 1.08505E-08,-2.34283E-08, 2.27570E-08,
-4.73691E-10,-1.17574E-08, 1.08505E-08,-2.34283E-08, 2.27570E-08,
-4.76258E-10,-1.17575E-08, 1.08505E-08,-2.34287E-08, 2.27566E-08,
-4.36946E-10,-1.17679E-08, 1.08553E-08,-2.34256E-08, 2.27500E-08,
-3.76838E-10,-1.18057E-08, 1.08994E-08,-2.34151E-08, 2.27404E-08,
-3.60484E-10,-1.18710E-08, 1.10027E-08,-2.33924E-08, 2.27371E-08,
-4.57766E-10,-1.19698E-08, 1.11953E-08,-2.33588E-08, 2.27200E-08,
-7.01831E-10,-1.21227E-08, 1.14384E-08,-2.33271E-08, 2.26737E-08,
-9.18735E-10,-1.23222E-08, 1.16896E-08,-2.33246E-08, 2.25689E-08,
-1.08452E-09,-1.25375E-08, 1.19373E-08,-2.33405E-08, 2.24093E-08,
-1.23508E-09,-1.27218E-08, 1.22055E-08,-2.33279E-08, 2.22438E-08,
-1.50339E-09,-1.28102E-08, 1.25521E-08,-2.32687E-08, 2.20854E-08,
-1.97334E-09,-1.28522E-08, 1.29298E-08,-2.31577E-08, 2.19513E-08,
-2.46342E-09,-1.28977E-08, 1.33369E-08,-2.30620E-08, 2.17847E-08,
-2.59646E-09,-1.29799E-08, 1.36917E-08,-2.29995E-08, 2.15732E-08,
-2.32943E-09,-1.30564E-08, 1.40076E-08,-2.29475E-08, 2.13498E-08,
-1.74802E-09,-1.30262E-08, 1.42725E-08,-2.28217E-08, 2.11980E-08,
-9.25662E-10,-1.28740E-08, 1.45105E-08,-2.25658E-08, 2.11523E-08,
-1.53096E-10,-1.26307E-08, 1.46938E-08,-2.21996E-08, 2.11995E-08,
 4.68238E-10,-1.24650E-08, 1.47059E-08,-2.17607E-08, 2.12780E-08,
 1.03166E-09,-1.24566E-08, 1.44869E-08,-2.13650E-08, 2.12707E-08,
 1.93551E-09,-1.26321E-08, 1.40045E-08,-2.10214E-08, 2.11759E-08,
 3.46180E-09,-1.28153E-08, 1.34413E-08,-2.06659E-08, 2.10287E-08,
 5.30132E-09,-1.28502E-08, 1.28860E-08,-2.01540E-08, 2.09750E-08,
 6.75133E-09,-1.26704E-08, 1.23673E-08,-1.94708E-08, 2.10021E-08,
 7.84729E-09,-1.24013E-08, 1.17690E-08,-1.87385E-08, 2.09732E-08,
 8.50265E-09,-1.22471E-08, 1.09940E-08,-1.81019E-08, 2.07261E-08,
 8.50164E-09,-1.22053E-08, 9.99399E-09,-1.76327E-08, 2.02197E-08,
 8.13348E-09,-1.22037E-08, 8.88452E-09,-1.72790E-08, 1.94819E-08,
 7.84776E-09,-1.19516E-08, 7.86969E-09,-1.69955E-08, 1.86420E-08,
 7.91719E-09,-1.13640E-08, 7.11337E-09,-1.66123E-08, 1.78266E-08,
 7.96033E-09,-1.03645E-08, 6.66178E-09,-1.61158E-08, 1.70779E-08,
 7.36285E-09,-9.14303E-09, 6.28367E-09,-1.55449E-08, 1.63543E-08,
 6.12995E-09,-7.93154E-09, 5.77129E-09,-1.50822E-08, 1.54333E-08,
 4.66541E-09,-6.89475E-09, 5.02159E-09,-1.48518E-08, 1.43016E-08,
 2.80163E-09,-6.05810E-09, 4.07517E-09,-1.47253E-08, 1.30639E-08,
 1.02402E-09,-5.19392E-09, 3.11480E-09,-1.46140E-08, 1.18814E-08,
 8.22453E-11,-4.14472E-09, 2.33395E-09,-1.43601E-08, 1.08620E-08,
-4.63792E-11,-2.83173E-09, 1.83059E-09,-1.38761E-08, 1.01040E-08,
 1.34851E-10,-1.45081E-09, 1.53461E-09,-1.31515E-08, 9.57811E-09,
 1.00738E-10,-1.93803E-10, 1.22292E-09,-1.23939E-08, 9.13743E-09,
-2.22536E-10, 6.31905E-10, 6.48897E-10,-1.17288E-08, 8.63168E-09,
-5.27207E-10, 1.00866E-09,-1.79893E-10,-1.12230E-08, 8.01382E-09,
-8.13302E-10, 1.13172E-09,-1.08161E-09,-1.07340E-08, 7.42373E-09,
-1.07238E-09, 1.23871E-09,-1.82671E-09,-9.99241E-09, 6.96942E-09,
-6.88611E-10, 1.59445E-09,-2.22078E-09,-8.98050E-09, 6.70486E-09,
 4.18384E-10, 2.08441E-09,-2.28705E-09,-7.75295E-09, 6.61038E-09,
 1.62431E-09, 2.41452E-09,-2.08204E-09,-6.47513E-09, 6.60681E-09,
 2.48620E-09, 2.34733E-09,-1.88715E-09,-5.37913E-09, 6.59219E-09,
 3.02511E-09, 1.80895E-09,-1.82877E-09,-4.54519E-09, 6.36024E-09,
 3.31063E-09, 1.02026E-09,-1.96237E-09,-3.86396E-09, 5.94920E-09,
 3.45995E-09, 2.76964E-10,-2.08501E-09,-3.16030E-09, 5.48016E-09,
 3.53542E-09,-2.39250E-10,-1.93622E-09,-2.35903E-09, 5.05499E-09,
 3.98606E-09,-5.51149E-10,-1.45370E-09,-1.56526E-09, 4.78987E-09,
 4.99574E-09,-7.88675E-10,-6.47541E-10,-9.50639E-10, 4.55855E-09,
 5.92407E-09,-1.10980E-09, 1.98376E-10,-6.32275E-10, 4.32205E-09,
 6.11553E-09,-1.56084E-09, 9.54547E-10,-5.60978E-10, 3.92139E-09,
 5.56312E-09,-1.99502E-09, 1.39844E-09,-6.89670E-10, 3.30634E-09,
 4.49453E-09,-2.28883E-09, 1.65904E-09,-8.36666E-10, 2.45771E-09,
 2.85108E-09,-2.29456E-09, 1.86992E-09,-9.54925E-10, 1.59833E-09,
 9.12138E-10,-2.16193E-09, 2.24096E-09,-1.03781E-09, 8.63399E-10,
-7.45017E-10,-2.01856E-09, 2.85755E-09,-1.20018E-09, 2.47098E-10,
-1.55910E-09,-1.91041E-09, 3.51498E-09,-1.45546E-09,-3.00842E-10,
-2.03521E-09,-1.75990E-09, 4.09229E-09,-1.58915E-09,-9.19723E-10,
-2.74537E-09,-1.47773E-09, 4.36338E-09,-1.47961E-09,-1.46537E-09,
-3.35604E-09,-1.19674E-09, 4.46105E-09,-1.08612E-09,-2.06881E-09,
-3.57995E-09,-1.03006E-09, 4.36126E-09,-5.33073E-10,-2.59065E-09,
-3.53002E-09,-1.09907E-09, 4.15403E-09, 1.37560E-10,-2.95283E-09,
-3.15101E-09,-1.37073E-09, 3.83482E-09, 8.76805E-10,-3.13223E-09,
-1.76197E-09,-1.75509E-09, 3.38376E-09, 1.70697E-09,-3.16312E-09,
 9.58702E-10,-2.02874E-09, 2.84593E-09, 2.70341E-09,-3.14198E-09,
 4.35673E-09,-1.99876E-09, 2.14493E-09, 4.01837E-09,-3.05728E-09,
 7.46281E-09,-1.67113E-09, 1.31250E-09, 5.61114E-09,-2.89360E-09,
 1.00690E-08,-1.31548E-09, 2.96012E-10, 7.24515E-09,-2.72160E-09,
 1.24332E-08,-1.18699E-09,-8.19948E-10, 8.56563E-09,-2.74946E-09,
 1.38237E-08,-1.28153E-09,-2.06348E-09, 9.51336E-09,-2.92961E-09,
 1.42043E-08,-1.34905E-09,-3.36007E-09, 1.02626E-08,-3.33467E-09,
 1.43598E-08,-1.01035E-09,-4.56006E-09, 1.09268E-08,-4.01082E-09,
 1.47216E-08,-7.51312E-11,-5.45773E-09, 1.16074E-08,-4.89230E-09,
 1.45656E-08, 1.37391E-09,-5.88556E-09, 1.23631E-08,-5.89046E-09,
 1.29329E-08, 3.02295E-09,-5.98373E-09, 1.30317E-08,-6.96002E-09,
 1.02062E-08, 4.51601E-09,-6.02031E-09, 1.32868E-08,-8.27756E-09,
 6.73017E-09, 5.60516E-09,-6.21211E-09, 1.30901E-08,-9.97365E-09,
 2.61654E-09, 6.44579E-09,-6.60180E-09, 1.25337E-08,-1.18819E-08,
-2.18365E-09, 7.33684E-09,-7.05325E-09, 1.20936E-08,-1.38262E-08,
-6.26791E-09, 8.62669E-09,-7.49517E-09, 1.19478E-08,-1.55915E-08,
-8.73301E-09, 1.03189E-08,-7.84725E-09, 1.20868E-08,-1.69910E-08,
-9.92291E-09, 1.20302E-08,-8.07885E-09, 1.24821E-08,-1.79020E-08,
-1.05103E-08, 1.33590E-08,-8.38424E-09, 1.29369E-08,-1.83096E-08,
-1.05741E-08, 1.40808E-08,-9.11682E-09, 1.33544E-08,-1.84099E-08,
-9.46073E-09, 1.43162E-08,-1.04942E-08, 1.37708E-08,-1.84499E-08,
-7.66002E-09, 1.42629E-08,-1.23427E-08, 1.44092E-08,-1.82992E-08,
-5.25208E-09, 1.41493E-08,-1.42735E-08, 1.54473E-08,-1.77842E-08,
-1.62204E-09, 1.40511E-08,-1.58779E-08, 1.69133E-08,-1.69146E-08,
 3.70901E-09, 1.40528E-08,-1.70638E-08, 1.85149E-08,-1.57099E-08,
 9.66290E-09, 1.39076E-08,-1.78054E-08, 2.02080E-08,-1.44058E-08,
 1.47094E-08, 1.34177E-08,-1.82220E-08, 2.17810E-08,-1.32423E-08,
 1.84934E-08, 1.25548E-08,-1.85432E-08, 2.30145E-08,-1.25603E-08,
 2.08764E-08, 1.14188E-08,-1.88640E-08, 2.39999E-08,-1.25698E-08,
 2.18702E-08, 1.03974E-08,-1.90204E-08, 2.47108E-08,-1.31311E-08,
 2.09917E-08, 9.63623E-09,-1.85573E-08, 2.52515E-08,-1.39428E-08,
 1.87585E-08, 9.14827E-09,-1.72494E-08, 2.56169E-08,-1.48691E-08,
 1.61094E-08, 8.93652E-09,-1.52851E-08, 2.55726E-08,-1.59435E-08,
 1.29063E-08, 8.99995E-09,-1.31234E-08, 2.50955E-08,-1.73652E-08,
 8.46414E-09, 9.23112E-09,-1.11956E-08, 2.43195E-08,-1.91266E-08,
 2.76769E-09, 9.58194E-09,-9.62568E-09, 2.32284E-08,-2.10754E-08,
-3.04938E-09, 1.00183E-08,-8.34329E-09, 2.19058E-08,-2.31138E-08,
-8.87189E-09, 1.05851E-08,-7.25956E-09, 2.05509E-08,-2.48529E-08,
-1.43373E-08, 1.13578E-08,-6.33750E-09, 1.92555E-08,-2.60331E-08,
-1.86633E-08, 1.20853E-08,-5.52286E-09, 1.81149E-08,-2.67468E-08,
-2.08568E-08, 1.26594E-08,-4.97277E-09, 1.71000E-08,-2.70765E-08,
-2.09537E-08, 1.30907E-08,-4.88620E-09, 1.63800E-08,-2.71317E-08,
-1.99858E-08, 1.34174E-08,-5.27691E-09, 1.61882E-08,-2.69485E-08,
-1.82685E-08, 1.35385E-08,-6.05276E-09, 1.64625E-08,-2.63171E-08,
-1.56258E-08, 1.30452E-08,-6.83281E-09, 1.71492E-08,-2.53581E-08,
-1.19612E-08, 1.19401E-08,-7.59690E-09, 1.80263E-08,-2.41979E-08,
-8.04280E-09, 1.03999E-08,-8.45895E-09, 1.92034E-08,-2.29298E-08,
-3.57747E-09, 8.69877E-09,-9.45649E-09, 2.07159E-08,-2.18428E-08,
 2.14451E-09, 7.05815E-09,-1.04155E-08, 2.24262E-08,-2.10682E-08,
 8.48286E-09, 5.68709E-09,-1.10534E-08, 2.43246E-08,-2.05237E-08,
 1.38816E-08, 4.69661E-09,-1.13450E-08, 2.64188E-08,-2.00397E-08,
 1.74311E-08, 4.06984E-09,-1.13306E-08, 2.83602E-08,-1.96753E-08,
 1.93716E-08, 3.56869E-09,-1.12186E-08, 2.97706E-08,-1.96903E-08,
 1.94074E-08, 3.06145E-09,-1.11792E-08, 3.05885E-08,-2.02872E-08,
 1.77011E-08, 3.01297E-09,-1.13901E-08, 3.07823E-08,-2.14295E-08,
 1.48404E-08, 3.79995E-09,-1.17002E-08, 3.07124E-08,-2.30172E-08,
 1.16960E-08, 5.61494E-09,-1.17918E-08, 3.04834E-08,-2.47335E-08,
 8.52197E-09, 8.25944E-09,-1.13842E-08, 3.00787E-08,-2.62599E-08,
 4.19528E-09, 1.12501E-08,-1.05433E-08, 2.95183E-08,-2.75945E-08,
-1.51183E-09, 1.41139E-08,-9.92829E-09, 2.86674E-08,-2.88463E-08,
-7.78870E-09, 1.65491E-08,-9.97311E-09, 2.74087E-08,-3.04278E-08,
-1.35047E-08, 1.84508E-08,-1.07414E-08, 2.59611E-08,-3.24287E-08,
-1.86047E-08, 2.01450E-08,-1.18296E-08, 2.47328E-08,-3.43320E-08,
-2.22869E-08, 2.19081E-08,-1.26375E-08, 2.41598E-08,-3.57457E-08,
-2.39433E-08, 2.38488E-08,-1.29125E-08, 2.43214E-08,-3.64406E-08,
-2.38842E-08, 2.55653E-08,-1.28015E-08, 2.50455E-08,-3.63942E-08,
-2.30723E-08, 2.65405E-08,-1.27901E-08, 2.60916E-08,-3.59949E-08,
-2.23688E-08, 2.65570E-08,-1.34090E-08, 2.71432E-08,-3.56750E-08,
-2.11065E-08, 2.57330E-08,-1.49756E-08, 2.82090E-08,-3.55793E-08,
-1.86774E-08, 2.46359E-08,-1.70332E-08, 2.94112E-08,-3.55842E-08,
-1.48441E-08, 2.36888E-08,-1.88004E-08, 3.09444E-08,-3.51997E-08,
-1.03991E-08, 2.31941E-08,-1.97167E-08, 3.28763E-08,-3.40319E-08,
-5.15387E-09, 2.29595E-08,-1.98816E-08, 3.49897E-08,-3.23792E-08,
 4.41380E-10, 2.28214E-08,-2.00445E-08, 3.66387E-08,-3.08490E-08,
 4.93449E-09, 2.23576E-08,-2.07709E-08, 3.76746E-08,-2.99647E-08,
 7.50871E-09, 2.15484E-08,-2.21646E-08, 3.80260E-08,-2.98566E-08,
 8.58333E-09, 2.07470E-08,-2.36597E-08, 3.77405E-08,-3.02510E-08,
 8.92079E-09, 2.03337E-08,-2.45548E-08, 3.72704E-08,-3.06763E-08,
 8.13429E-09, 2.06312E-08,-2.42894E-08, 3.67285E-08,-3.07156E-08,
 6.17154E-09, 2.13153E-08,-2.29915E-08, 3.61026E-08,-3.04861E-08,
 3.31638E-09, 2.19300E-08,-2.13114E-08, 3.51616E-08,-3.05214E-08,
 2.87152E-10, 2.20954E-08,-2.00518E-08, 3.36698E-08,-3.12555E-08,
-3.29490E-09, 2.18254E-08,-1.94122E-08, 3.17909E-08,-3.26716E-08,
-7.72700E-09, 2.12785E-08,-1.88156E-08, 2.99920E-08,-3.41502E-08,
-1.17063E-08, 2.06512E-08,-1.76540E-08, 2.85135E-08,-3.50284E-08,
-1.42543E-08, 2.00190E-08,-1.55681E-08, 2.74721E-08,-3.52095E-08,
-1.51678E-08, 1.92906E-08,-1.31814E-08, 2.68495E-08,-3.48132E-08,
-1.50902E-08, 1.81995E-08,-1.12158E-08, 2.64668E-08,-3.43268E-08,
-1.33723E-08, 1.65268E-08,-1.02582E-08, 2.61514E-08,-3.41549E-08,
-9.88768E-09, 1.43321E-08,-1.01211E-08, 2.58601E-08,-3.41632E-08,
-5.55329E-09, 1.20036E-08,-1.02905E-08, 2.59004E-08,-3.37610E-08,
-1.06975E-09, 9.85533E-09,-1.01625E-08, 2.65108E-08,-3.25284E-08,
 3.66539E-09, 7.95833E-09,-9.65576E-09, 2.74631E-08,-3.04917E-08,
 9.25410E-09, 5.98215E-09,-9.32159E-09, 2.84365E-08,-2.82200E-08,
 1.49527E-08, 3.76355E-09,-9.65097E-09, 2.91003E-08,-2.63388E-08,
 2.05299E-08, 1.51806E-09,-1.10680E-08, 2.93591E-08,-2.49297E-08,
 2.59001E-08,-5.03425E-10,-1.28918E-08, 2.94912E-08,-2.39325E-08,
 3.13029E-08,-1.81746E-09,-1.44394E-08, 2.95769E-08,-2.27005E-08,
 3.58755E-08,-2.44322E-09,-1.50002E-08, 2.98079E-08,-2.09937E-08,
 3.85093E-08,-2.51942E-09,-1.48890E-08, 3.00682E-08,-1.90252E-08,
 3.97215E-08,-2.51877E-09,-1.48768E-08, 2.98792E-08,-1.74395E-08,
 3.98754E-08,-2.74394E-09,-1.54858E-08, 2.89775E-08,-1.69506E-08,
 3.91689E-08,-3.17441E-09,-1.66648E-08, 2.75446E-08,-1.74155E-08,
 3.73181E-08,-3.26535E-09,-1.75478E-08, 2.60357E-08,-1.82279E-08,
 3.50457E-08,-2.52463E-09,-1.74702E-08, 2.49263E-08,-1.87810E-08,
 3.25670E-08,-1.01137E-09,-1.60711E-08, 2.42818E-08,-1.88979E-08,
 2.91743E-08, 8.03453E-10,-1.40758E-08, 2.37643E-08,-1.87655E-08,
 2.46532E-08, 2.04585E-09,-1.23166E-08, 2.30569E-08,-1.91787E-08,
 1.93051E-08, 2.59673E-09,-1.16847E-08, 2.17816E-08,-2.04726E-08,
 1.44938E-08, 2.65736E-09,-1.20476E-08, 2.02505E-08,-2.24531E-08,
 1.03355E-08, 3.00337E-09,-1.24390E-08, 1.90171E-08,-2.43770E-08,
 7.07615E-09, 4.08655E-09,-1.20426E-08, 1.85305E-08,-2.52141E-08,
 4.87796E-09, 5.92269E-09,-1.06382E-08, 1.88040E-08,-2.49640E-08,
 3.78701E-09, 7.89615E-09,-9.22955E-09, 1.93395E-08,-2.41364E-08,
 3.11013E-09, 9.36219E-09,-8.91379E-09, 1.94959E-08,-2.34668E-08,
 2.05297E-09, 9.95417E-09,-1.02474E-08, 1.91513E-08,-2.33380E-08,
 1.34071E-09, 9.99111E-09,-1.27514E-08, 1.84817E-08,-2.34321E-08,
 1.60249E-09, 1.03825E-08,-1.53408E-08, 1.79567E-08,-2.30207E-08,
 3.14246E-09, 1.15817E-08,-1.69987E-08, 1.81489E-08,-2.15162E-08,
 5.18745E-09, 1.36729E-08,-1.75576E-08, 1.88558E-08,-1.88839E-08,
 7.59967E-09, 1.57258E-08,-1.77088E-08, 1.96378E-08,-1.59224E-08,
 1.00194E-08, 1.71309E-08,-1.83946E-08, 1.97750E-08,-1.36885E-08,
 1.14457E-08, 1.75590E-08,-2.00810E-08, 1.91501E-08,-1.24791E-08,
 1.12212E-08, 1.75066E-08,-2.20592E-08, 1.81106E-08,-1.20207E-08,
 9.33669E-09, 1.75086E-08,-2.31056E-08, 1.71945E-08,-1.15423E-08,
 6.74301E-09, 1.79475E-08,-2.24493E-08, 1.66275E-08,-1.05387E-08,
 3.64430E-09, 1.87316E-08,-2.01542E-08, 1.62851E-08,-9.29182E-09,
-2.13063E-10, 1.93270E-08,-1.72644E-08, 1.57223E-08,-8.35234E-09,
-4.96807E-09, 1.93157E-08,-1.46746E-08, 1.44825E-08,-8.36423E-09,
-1.01670E-08, 1.84331E-08,-1.26480E-08, 1.25826E-08,-9.44264E-09,
-1.58353E-08, 1.73418E-08,-1.07340E-08, 1.02222E-08,-1.09354E-08,
-2.23691E-08, 1.64235E-08,-8.20697E-09, 8.17828E-09,-1.19263E-08,
-2.90318E-08, 1.60708E-08,-4.77315E-09, 6.51734E-09,-1.19937E-08,
-3.44853E-08, 1.58682E-08,-8.34123E-10, 4.95417E-09,-1.13759E-08,
-3.80963E-08, 1.53567E-08, 2.66068E-09, 3.16230E-09,-1.06877E-08,
-4.00073E-08, 1.43321E-08, 5.12331E-09, 9.77003E-10,-1.02900E-08,
-4.03563E-08, 1.29833E-08, 6.50260E-09,-1.39701E-09,-1.00169E-08,
-3.92168E-08, 1.16650E-08, 7.61964E-09,-3.48063E-09,-9.37758E-09,
-3.71240E-08, 1.05569E-08, 9.05206E-09,-4.95284E-09,-7.71492E-09,
-3.50221E-08, 9.60422E-09, 1.09719E-08,-5.84996E-09,-5.09931E-09,
-3.30346E-08, 8.24561E-09, 1.27043E-08,-6.39617E-09,-2.08659E-09,
-3.02555E-08, 6.22961E-09, 1.34975E-08,-7.22443E-09, 4.81773E-10,
-2.61235E-08, 3.40898E-09, 1.32805E-08,-8.32312E-09, 2.16738E-09,
-2.12691E-08, 3.96196E-10, 1.26203E-08,-9.30495E-09, 3.44172E-09,
-1.62033E-08,-2.19565E-09, 1.25118E-08,-9.65127E-09, 4.97660E-09,
-1.12218E-08,-4.07500E-09, 1.33605E-08,-9.20937E-09, 7.05385E-09,
-7.11309E-09,-5.59722E-09, 1.49373E-08,-8.40329E-09, 9.43980E-09,
-4.70536E-09,-7.50815E-09, 1.61680E-08,-7.79880E-09, 1.15019E-08,
-3.68701E-09,-1.01678E-08, 1.64172E-08,-7.93218E-09, 1.23719E-08,
-2.58950E-09,-1.32006E-08, 1.54547E-08,-8.79712E-09, 1.21270E-08,
-8.27122E-10,-1.56839E-08, 1.42828E-08,-9.79168E-09, 1.13915E-08,
 1.25284E-09,-1.68225E-08, 1.40158E-08,-1.02441E-08, 1.12063E-08,
 3.06997E-09,-1.64539E-08, 1.50446E-08,-1.00782E-08, 1.20720E-08,
 4.29785E-09,-1.53520E-08, 1.65694E-08,-9.74749E-09, 1.34010E-08,
 4.76821E-09,-1.44416E-08, 1.70687E-08,-1.01166E-08, 1.42638E-08,
 3.96365E-09,-1.43205E-08, 1.57992E-08,-1.15628E-08, 1.39950E-08,
 2.34105E-09,-1.47936E-08, 1.29657E-08,-1.36059E-08, 1.28967E-08,
 1.50552E-09,-1.48256E-08, 1.00099E-08,-1.56197E-08, 1.17627E-08,
 2.40075E-09,-1.35641E-08, 7.98513E-09,-1.67435E-08, 1.16212E-08,
 4.37670E-09,-1.10270E-08, 7.45909E-09,-1.67464E-08, 1.27202E-08,
 6.63084E-09,-8.14325E-09, 7.50572E-09,-1.62342E-08, 1.45450E-08,
 8.86267E-09,-6.23015E-09, 6.87217E-09,-1.60080E-08, 1.58121E-08,
 1.06803E-08,-5.81169E-09, 4.57647E-09,-1.65055E-08, 1.58478E-08,
 1.16347E-08,-6.49162E-09, 9.74953E-10,-1.73250E-08, 1.50036E-08,
 1.23661E-08,-7.22967E-09,-2.34976E-09,-1.76566E-08, 1.41555E-08,
 1.39364E-08,-7.20536E-09,-4.19369E-09,-1.69423E-08, 1.43774E-08,
 1.70091E-08,-6.24890E-09,-4.16572E-09,-1.53221E-08, 1.56867E-08,
 2.07634E-08,-5.06740E-09,-3.37971E-09,-1.33728E-08, 1.74161E-08,
 2.38984E-08,-4.55614E-09,-3.07644E-09,-1.20312E-08, 1.85644E-08,
 2.60677E-08,-5.22450E-09,-4.11342E-09,-1.16955E-08, 1.85567E-08,
 2.71661E-08,-6.66000E-09,-5.96395E-09,-1.21567E-08, 1.76473E-08,
 2.70011E-08,-7.68266E-09,-7.54148E-09,-1.27598E-08, 1.69353E-08,
 2.55977E-08,-7.65385E-09,-7.71970E-09,-1.28135E-08, 1.72587E-08,
 2.41081E-08,-6.48340E-09,-6.29055E-09,-1.26395E-08, 1.85891E-08,
 2.27878E-08,-5.10055E-09,-4.17355E-09,-1.27896E-08, 2.02184E-08,
 2.09846E-08,-4.21495E-09,-2.48953E-09,-1.37883E-08, 2.11530E-08,
 1.80652E-08,-4.13528E-09,-1.92565E-09,-1.56915E-08, 2.11122E-08,
 1.41723E-08,-4.44608E-09,-1.87837E-09,-1.81053E-08, 2.04301E-08,
 9.77289E-09,-4.64159E-09,-1.24771E-09,-2.02524E-08, 2.00204E-08,
 4.85257E-09,-4.31908E-09, 7.47241E-10,-2.17414E-08, 2.05734E-08,
-1.67359E-10,-3.66437E-09, 3.84908E-09,-2.26606E-08, 2.18604E-08,
-4.44135E-09,-3.54517E-09, 7.03303E-09,-2.34622E-08, 2.31343E-08,
-7.08878E-09,-4.40754E-09, 9.41323E-09,-2.47714E-08, 2.35629E-08,
-8.33565E-09,-6.45073E-09, 1.08607E-08,-2.63200E-08, 2.30820E-08,
-8.88999E-09,-8.74795E-09, 1.19890E-08,-2.76540E-08, 2.24288E-08,
-8.59145E-09,-1.07889E-08, 1.36607E-08,-2.81488E-08, 2.24568E-08,
-7.25609E-09,-1.22488E-08, 1.63300E-08,-2.78452E-08, 2.34333E-08,
-5.73592E-09,-1.36757E-08, 1.95093E-08,-2.70944E-08, 2.51249E-08,
-4.69671E-09,-1.56382E-08, 2.20368E-08,-2.64856E-08, 2.67245E-08,
-3.47118E-09,-1.82923E-08, 2.31482E-08,-2.65446E-08, 2.74017E-08,
-1.32763E-09,-2.12948E-08, 2.28717E-08,-2.71308E-08, 2.73529E-08,
 1.49933E-09,-2.37245E-08, 2.24157E-08,-2.76793E-08, 2.72880E-08,
 4.39486E-09,-2.50219E-08, 2.28104E-08,-2.75546E-08, 2.81934E-08,
 6.99067E-09,-2.48943E-08, 2.42886E-08,-2.69296E-08, 3.01535E-08,
 8.88260E-09,-2.42976E-08, 2.59706E-08,-2.62377E-08, 3.24797E-08,
 9.32116E-09,-2.38898E-08, 2.66304E-08,-2.64002E-08, 3.41326E-08,
 7.94638E-09,-2.42748E-08, 2.56835E-08,-2.75645E-08, 3.44588E-08,
 5.63066E-09,-2.49159E-08, 2.34089E-08,-2.93542E-08, 3.37121E-08,
 4.08290E-09,-2.47766E-08, 2.12314E-08,-3.11351E-08, 3.26747E-08,
 3.29793E-09,-2.32908E-08, 2.03162E-08,-3.20875E-08, 3.23939E-08,
 2.41717E-09,-2.06339E-08, 2.11306E-08,-3.21766E-08, 3.30779E-08,
 1.17294E-09,-1.79158E-08, 2.24800E-08,-3.19993E-08, 3.40328E-08,
-4.70094E-10,-1.60878E-08, 2.29130E-08,-3.24042E-08, 3.38857E-08,
-2.97120E-09,-1.56819E-08, 2.13736E-08,-3.34775E-08, 3.22690E-08,
-6.07375E-09,-1.61077E-08, 1.85084E-08,-3.47468E-08, 2.95947E-08,
-8.26449E-09,-1.65089E-08, 1.59159E-08,-3.53641E-08, 2.69743E-08,
-8.29027E-09,-1.60534E-08, 1.47293E-08,-3.48002E-08, 2.56251E-08,
-5.91168E-09,-1.47567E-08, 1.52121E-08,-3.31277E-08, 2.55970E-08,
-2.25963E-09,-1.34747E-08, 1.60310E-08,-3.09647E-08, 2.62610E-08,
 1.76552E-09,-1.31519E-08, 1.58311E-08,-2.92190E-08, 2.64311E-08,
 5.94347E-09,-1.42077E-08, 1.35496E-08,-2.81307E-08, 2.55701E-08,
 9.96328E-09,-1.58719E-08, 9.86331E-09,-2.75027E-08, 2.39963E-08,
 1.36528E-08,-1.71469E-08, 6.06588E-09,-2.65068E-08, 2.30361E-08,
 1.75233E-08,-1.74327E-08, 3.71110E-09,-2.47377E-08, 2.34913E-08,
 2.25010E-08,-1.68152E-08, 2.95326E-09,-2.26521E-08, 2.53017E-08,
 2.80745E-08,-1.59962E-08, 2.68538E-09,-2.07711E-08, 2.74737E-08,
 3.28240E-08,-1.55550E-08, 1.55774E-09,-1.96416E-08, 2.88294E-08,
 3.60973E-08,-1.57913E-08,-1.07753E-09,-1.94423E-08, 2.89654E-08,
 3.79311E-08,-1.63602E-08,-4.13814E-09,-1.98668E-08, 2.80997E-08,
 3.82525E-08,-1.66515E-08,-6.51203E-09,-2.01866E-08, 2.74835E-08,
 3.70125E-08,-1.61195E-08,-7.01635E-09,-2.01309E-08, 2.76178E-08,
 3.49417E-08,-1.50633E-08,-5.98524E-09,-1.97855E-08, 2.83309E-08,
 3.26937E-08,-1.42877E-08,-4.30823E-09,-1.97427E-08, 2.87039E-08,
 3.08273E-08,-1.42309E-08,-3.11205E-09,-2.04024E-08, 2.78514E-08,
 2.87419E-08,-1.47576E-08,-2.73344E-09,-2.14880E-08, 2.57444E-08,
 2.60627E-08,-1.51656E-08,-2.50450E-09,-2.25151E-08, 2.32856E-08,
 2.32261E-08,-1.51830E-08,-1.39425E-09,-2.29908E-08, 2.14621E-08,
 2.03808E-08,-1.47492E-08, 1.20177E-09,-2.29920E-08, 2.06535E-08,
 1.69449E-08,-1.43549E-08, 4.34166E-09,-2.27062E-08, 2.07565E-08,
 1.30960E-08,-1.43989E-08, 6.85551E-09,-2.26325E-08, 2.06865E-08,
 1.02309E-08,-1.50939E-08, 7.74231E-09,-2.31403E-08, 1.98622E-08,
 8.86647E-09,-1.61185E-08, 7.42311E-09,-2.39315E-08, 1.85611E-08,
 8.74540E-09,-1.67020E-08, 7.01588E-09,-2.43214E-08, 1.77272E-08,
 9.49425E-09,-1.62717E-08, 7.50415E-09,-2.39105E-08, 1.82734E-08,
 1.06699E-08,-1.49419E-08, 9.10510E-09,-2.27842E-08, 2.00927E-08,
 1.14676E-08,-1.37864E-08, 1.08076E-08,-2.14562E-08, 2.24719E-08,
 1.11700E-08,-1.34620E-08, 1.15776E-08,-2.07712E-08, 2.41091E-08,
 9.96734E-09,-1.42559E-08, 1.07056E-08,-2.07212E-08, 2.44371E-08,
 8.78278E-09,-1.53338E-08, 8.85058E-09,-2.10032E-08, 2.37796E-08,
 8.87547E-09,-1.57922E-08, 7.65982E-09,-2.09221E-08, 2.30974E-08,
 9.45048E-09,-1.50466E-08, 8.48767E-09,-1.99347E-08, 2.33013E-08,
 9.28337E-09,-1.34094E-08, 1.12273E-08,-1.81676E-08, 2.44087E-08,
 8.07451E-09,-1.17696E-08, 1.43549E-08,-1.64671E-08, 2.52528E-08,
 5.27484E-09,-1.10204E-08, 1.62707E-08,-1.57414E-08, 2.45094E-08,
 1.42305E-10,-1.16514E-08, 1.62194E-08,-1.60629E-08, 2.21130E-08,
-6.27542E-09,-1.27071E-08, 1.52795E-08,-1.70402E-08, 1.86056E-08,
-1.19859E-08,-1.30592E-08, 1.49018E-08,-1.77384E-08, 1.54176E-08,
-1.63691E-08,-1.16483E-08, 1.61879E-08,-1.75588E-08, 1.35934E-08,
-1.95306E-08,-8.88640E-09, 1.89444E-08,-1.65104E-08, 1.30774E-08,
-2.23550E-08,-5.81244E-09, 2.16084E-08,-1.55388E-08, 1.29010E-08,
-2.53290E-08,-3.61624E-09, 2.24848E-08,-1.53514E-08, 1.18915E-08,
-2.88220E-08,-2.62568E-09, 2.07668E-08,-1.60670E-08, 9.72379E-09,
-3.26788E-08,-2.07054E-09, 1.75683E-08,-1.72490E-08, 7.12184E-09,
-3.62003E-08,-1.17544E-09, 1.46510E-08,-1.76795E-08, 5.53358E-09,
-3.76324E-08, 9.07508E-10, 1.34650E-08,-1.69532E-08, 5.65646E-09,
-3.62311E-08, 3.90723E-09, 1.36619E-08,-1.52061E-08, 7.12630E-09,
-3.33915E-08, 6.97524E-09, 1.38761E-08,-1.31089E-08, 8.72337E-09,
-3.01334E-08, 8.86368E-09, 1.26441E-08,-1.14572E-08, 9.37529E-09,
-2.68397E-08, 9.19947E-09, 9.80183E-09,-1.06248E-08, 8.56242E-09,
-2.39940E-08, 8.61258E-09, 6.45115E-09,-1.00626E-08, 7.00584E-09,
-2.24257E-08, 8.17037E-09, 3.95327E-09,-8.83285E-09, 6.05900E-09,
-2.14866E-08, 8.69127E-09, 3.49628E-09,-6.75695E-09, 6.04260E-09,
-2.02040E-08, 9.70188E-09, 4.51435E-09,-4.12189E-09, 6.63495E-09,
-1.86481E-08, 1.05143E-08, 5.70135E-09,-1.89022E-09, 6.72712E-09,
-1.72203E-08, 1.04976E-08, 5.60759E-09,-6.18618E-10, 5.40346E-09,
-1.67841E-08, 9.84044E-09, 4.25165E-09,-3.69515E-10, 2.78866E-09,
-1.73581E-08, 9.17639E-09, 2.63370E-09,-4.99186E-10, 9.68948E-11,
-1.87450E-08, 9.14164E-09, 2.22995E-09,-3.46140E-10,-1.69252E-09,
-2.08258E-08, 1.01759E-08, 3.22617E-09, 1.27162E-10,-2.15205E-09,
-2.35358E-08, 1.16401E-08, 4.44159E-09, 7.64600E-10,-1.80947E-09,
-2.55401E-08, 1.28160E-08, 4.64474E-09, 6.90612E-10,-1.97100E-09,
-2.57660E-08, 1.31141E-08, 3.04286E-09,-4.43181E-10,-3.07697E-09,
-2.50562E-08, 1.28172E-08, 4.93804E-10,-2.01330E-09,-4.68506E-09,
-2.35141E-08, 1.27559E-08,-1.82842E-09,-3.12327E-09,-5.59030E-09,
-2.11001E-08, 1.34180E-08,-2.64517E-09,-3.31390E-09,-5.14098E-09,
-1.82750E-08, 1.43434E-08,-2.12563E-09,-2.57408E-09,-3.39353E-09,
-1.57776E-08, 1.43910E-08,-1.38012E-09,-1.50178E-09,-1.38625E-09,
-1.34520E-08, 1.30189E-08,-1.84209E-09,-9.73214E-10,-4.58239E-10,
-1.03216E-08, 9.99986E-09,-3.93247E-09,-8.71948E-10,-9.47985E-10,
-5.58734E-09, 6.30938E-09,-6.41396E-09,-8.20548E-10,-2.14727E-09,
 1.18579E-09, 2.87229E-09,-7.50345E-09, 2.23425E-11,-2.71452E-09,
 8.63233E-09, 3.83526E-10,-6.12069E-09, 2.12520E-09,-1.90785E-09,
 1.59991E-08,-1.42880E-09,-3.35252E-09, 5.03328E-09, 1.93411E-11,
 2.24918E-08,-3.53474E-09,-8.27240E-10, 7.59345E-09, 1.43237E-09,
 2.71585E-08,-6.79288E-09,-1.84708E-10, 8.96129E-09, 1.35229E-09,
 2.97120E-08,-1.12525E-08,-1.48418E-09, 9.14602E-09,-2.00770E-10,
 3.17409E-08,-1.54952E-08,-3.32114E-09, 8.65031E-09,-2.38367E-09,
 3.44468E-08,-1.81826E-08,-4.01128E-09, 8.51580E-09,-3.64613E-09,
 3.70212E-08,-1.86028E-08,-2.57736E-09, 9.25044E-09,-3.19135E-09,
 3.90698E-08,-1.76133E-08, 1.35044E-10, 1.04376E-08,-1.59425E-09,
 3.98815E-08,-1.64226E-08, 2.14460E-09, 1.09391E-08,-4.79945E-10,
 3.91424E-08,-1.62714E-08, 1.62418E-09, 1.02117E-08,-9.51461E-10,
 3.69194E-08,-1.70810E-08,-1.22349E-09, 8.33931E-09,-3.07934E-09,
 3.39728E-08,-1.80125E-08,-4.54877E-09, 6.24397E-09,-5.57240E-09,
 3.16163E-08,-1.79977E-08,-6.38029E-09, 5.10012E-09,-6.88654E-09,
 3.10627E-08,-1.62883E-08,-5.95826E-09, 5.27264E-09,-6.63198E-09,
 3.21550E-08,-1.34943E-08,-4.42262E-09, 6.47484E-09,-5.58309E-09,
 3.30074E-08,-1.08892E-08,-3.50820E-09, 7.86820E-09,-5.13066E-09,
 3.30575E-08,-9.83031E-09,-4.63461E-09, 8.70435E-09,-6.23930E-09,
 3.25555E-08,-1.01421E-08,-7.49788E-09, 8.81368E-09,-8.97084E-09,
 3.12835E-08,-1.08914E-08,-1.06984E-08, 9.13402E-09,-1.18874E-08,
 2.95997E-08,-1.07054E-08,-1.26051E-08, 1.05072E-08,-1.35427E-08,
 2.88243E-08,-9.17313E-09,-1.24229E-08, 1.30426E-08,-1.37816E-08,
 2.98176E-08,-6.68772E-09,-1.14761E-08, 1.61837E-08,-1.32962E-08,
 3.16174E-08,-4.11430E-09,-1.14135E-08, 1.91891E-08,-1.35544E-08,
 3.34009E-08,-2.15088E-09,-1.34972E-08, 2.14248E-08,-1.52726E-08,
 3.42693E-08,-8.24195E-10,-1.69879E-08, 2.27205E-08,-1.80382E-08,
 3.43289E-08, 2.75360E-10,-2.03533E-08, 2.37665E-08,-2.05578E-08,
 3.36024E-08, 2.31116E-09,-2.21549E-08, 2.50199E-08,-2.19028E-08,
 3.15660E-08, 5.64130E-09,-2.24404E-08, 2.68487E-08,-2.19675E-08,
 2.84854E-08, 9.79819E-09,-2.24342E-08, 2.88992E-08,-2.17609E-08,
 2.53305E-08, 1.37545E-08,-2.32793E-08, 3.02654E-08,-2.26398E-08,
 2.21695E-08, 1.69027E-08,-2.55485E-08, 3.05881E-08,-2.49335E-08,
 1.78149E-08, 1.94399E-08,-2.82227E-08, 3.03814E-08,-2.78944E-08,
 1.26659E-08, 2.21059E-08,-3.00937E-08, 3.01318E-08,-3.01365E-08,
 7.42305E-09, 2.53393E-08,-2.98711E-08, 3.02602E-08,-3.11591E-08,
 1.76131E-09, 2.88830E-08,-2.81946E-08, 3.10155E-08,-3.10685E-08,
-4.49610E-09, 3.22542E-08,-2.65794E-08, 3.18278E-08,-3.10059E-08,
-1.04988E-08, 3.47487E-08,-2.64336E-08, 3.21546E-08,-3.22240E-08,
-1.51244E-08, 3.59882E-08,-2.77968E-08, 3.17503E-08,-3.45818E-08,
-1.81984E-08, 3.63521E-08,-2.90928E-08, 3.09582E-08,-3.69503E-08,
-1.98948E-08, 3.66518E-08,-2.87096E-08, 3.05914E-08,-3.80501E-08,
-2.13059E-08, 3.76496E-08,-2.62489E-08, 3.10972E-08,-3.73278E-08,
-2.25213E-08, 3.89698E-08,-2.30175E-08, 3.23294E-08,-3.55585E-08,
-2.38482E-08, 3.96440E-08,-2.04582E-08, 3.33670E-08,-3.44592E-08,
-2.59297E-08, 3.87431E-08,-1.98603E-08, 3.36193E-08,-3.46518E-08,
-2.81793E-08, 3.63166E-08,-2.06390E-08, 3.30703E-08,-3.59807E-08,
-2.90248E-08, 3.34810E-08,-2.11642E-08, 3.21770E-08,-3.72645E-08,
-2.81071E-08, 3.12375E-08,-1.95923E-08, 3.17549E-08,-3.71141E-08,
-2.66936E-08, 3.00728E-08,-1.55429E-08, 3.23565E-08,-3.52419E-08,
-2.52830E-08, 2.94657E-08,-1.04823E-08, 3.34850E-08,-3.28141E-08,
-2.47156E-08, 2.86036E-08,-6.63501E-09, 3.41016E-08,-3.15202E-08,
-2.57645E-08, 2.63918E-08,-5.19376E-09, 3.37467E-08,-3.20553E-08,
-2.83578E-08, 2.30337E-08,-5.12472E-09, 3.21454E-08,-3.38706E-08,
-3.16987E-08, 1.94599E-08,-4.53596E-09, 3.02243E-08,-3.53794E-08,
-3.46006E-08, 1.70140E-08,-1.92887E-09, 2.90027E-08,-3.53753E-08,
-3.62869E-08, 1.64370E-08, 2.39204E-09, 2.87279E-08,-3.38000E-08,
-3.71067E-08, 1.68573E-08, 7.06222E-09, 2.90482E-08,-3.19452E-08,
-3.83259E-08, 1.70050E-08, 1.01088E-08, 2.90640E-08,-3.09791E-08,
-3.99944E-08, 1.57929E-08, 1.06472E-08, 2.81381E-08,-3.15682E-08,
-4.15911E-08, 1.36282E-08, 9.40162E-09, 2.62963E-08,-3.32139E-08,
-4.29406E-08, 1.12673E-08, 8.13423E-09, 2.45871E-08,-3.41960E-08,
-4.30162E-08, 9.84497E-09, 8.48870E-09, 2.38337E-08,-3.35679E-08,
-4.08747E-08, 9.67241E-09, 1.03730E-08, 2.43030E-08,-3.15817E-08,
-3.69176E-08, 1.03531E-08, 1.21546E-08, 2.54964E-08,-2.93915E-08,
-3.24854E-08, 1.07872E-08, 1.20939E-08, 2.66332E-08,-2.83058E-08,
-2.81810E-08, 1.00628E-08, 9.93729E-09, 2.70289E-08,-2.88601E-08,
-2.45864E-08, 8.35922E-09, 6.69229E-09, 2.67688E-08,-3.01670E-08,
-2.16743E-08, 6.53313E-09, 3.95251E-09, 2.68294E-08,-3.09962E-08,
-1.89457E-08, 5.98434E-09, 2.72050E-09, 2.76384E-08,-3.07033E-08,
-1.63165E-08, 6.68082E-09, 2.60409E-09, 2.94223E-08,-2.94791E-08,
-1.34678E-08, 7.95250E-09, 2.35384E-09, 3.14928E-08,-2.85681E-08,
-9.97730E-09, 8.83803E-09, 5.62257E-10, 3.28639E-08,-2.90093E-08,
-6.32882E-09, 9.13146E-09,-3.03412E-09, 3.32515E-08,-3.09735E-08,
-3.11449E-09, 9.12364E-09,-7.34836E-09, 3.31584E-08,-3.33462E-08,
-3.31908E-11, 9.66868E-09,-1.07563E-08, 3.31084E-08,-3.49126E-08,
 2.97319E-09, 1.12499E-08,-1.24301E-08, 3.36647E-08,-3.51928E-08,
 5.18709E-09, 1.37373E-08,-1.34133E-08, 3.48714E-08,-3.45178E-08,
 6.86507E-09, 1.65203E-08,-1.52062E-08, 3.59401E-08,-3.42549E-08,
 8.47527E-09, 1.85331E-08,-1.88311E-08, 3.62676E-08,-3.52866E-08,
 1.03129E-08, 1.95711E-08,-2.37942E-08, 3.57427E-08,-3.72496E-08,
 1.27034E-08, 2.01568E-08,-2.86201E-08, 3.50395E-08,-3.90357E-08,
 1.58499E-08, 2.14401E-08,-3.18885E-08, 3.49343E-08,-3.96056E-08,
 1.91250E-08, 2.36455E-08,-3.33241E-08, 3.59280E-08,-3.85323E-08,
 2.19869E-08, 2.61529E-08,-3.39795E-08, 3.76347E-08,-3.67278E-08,
 2.42327E-08, 2.78328E-08,-3.52730E-08, 3.90800E-08,-3.57342E-08,
 2.54486E-08, 2.79901E-08,-3.84606E-08, 3.96672E-08,-3.60432E-08,
 2.65861E-08, 2.68143E-08,-4.26321E-08, 3.94419E-08,-3.74917E-08,
 2.89369E-08, 2.52563E-08,-4.60042E-08, 3.89769E-08,-3.86697E-08,
 3.23527E-08, 2.44359E-08,-4.67635E-08, 3.91615E-08,-3.83507E-08,
 3.59068E-08, 2.47320E-08,-4.49588E-08, 4.04766E-08,-3.63994E-08,
 3.85279E-08, 2.57575E-08,-4.22562E-08, 4.20623E-08,-3.39891E-08,
 3.92917E-08, 2.60514E-08,-4.05892E-08, 4.29338E-08,-3.26520E-08,
 3.77204E-08, 2.45564E-08,-4.08342E-08, 4.23253E-08,-3.29107E-08,
 3.50354E-08, 2.16418E-08,-4.19083E-08, 4.01520E-08,-3.42108E-08,
 3.23903E-08, 1.87577E-08,-4.20985E-08, 3.75585E-08,-3.49576E-08,
 3.04858E-08, 1.74008E-08,-3.97819E-08, 3.57098E-08,-3.40433E-08,
 2.96461E-08, 1.78948E-08,-3.52017E-08, 3.48285E-08,-3.14200E-08,
 2.86648E-08, 1.91488E-08,-2.98040E-08, 3.42659E-08,-2.85282E-08,
 2.62329E-08, 1.95598E-08,-2.59360E-08, 3.29882E-08,-2.65984E-08,
 2.19516E-08, 1.81672E-08,-2.43434E-08, 3.01986E-08,-2.63920E-08,
 1.65566E-08, 1.52205E-08,-2.39117E-08, 2.62288E-08,-2.72022E-08,
 1.06298E-08, 1.19111E-08,-2.26122E-08, 2.23163E-08,-2.72137E-08,
 5.86767E-09, 9.77254E-09,-1.89052E-08, 1.95627E-08,-2.55806E-08,
 3.26454E-09, 9.29994E-09,-1.32702E-08, 1.83727E-08,-2.25747E-08,
 1.80876E-09, 9.62093E-09,-7.42730E-09, 1.81186E-08,-1.93772E-08,
 6.42926E-10, 8.98784E-09,-3.21022E-09, 1.76503E-08,-1.72558E-08,
-8.31159E-10, 6.35579E-09,-9.10252E-10, 1.60610E-08,-1.67724E-08,
-2.85370E-09, 2.13985E-09, 1.53328E-10, 1.37265E-08,-1.68434E-08,
-4.97677E-09,-2.18641E-09, 1.78012E-09, 1.18284E-08,-1.62856E-08,
-6.14018E-09,-4.99383E-09, 4.96485E-09, 1.10650E-08,-1.42824E-08,
-6.02055E-09,-6.14757E-09, 9.37847E-09, 1.17405E-08,-1.10971E-08,
-4.71105E-09,-6.31713E-09, 1.34881E-08, 1.29426E-08,-8.04655E-09,
-2.68217E-09,-6.70566E-09, 1.56560E-08, 1.34354E-08,-6.26188E-09,
-1.57469E-09,-7.96374E-09, 1.57351E-08, 1.26158E-08,-5.91809E-09,
-1.77838E-09,-9.88400E-09, 1.48239E-08, 1.08751E-08,-5.97075E-09,
-3.02720E-09,-1.11395E-08, 1.46940E-08, 8.94175E-09,-5.44216E-09,
-5.36992E-09,-1.05933E-08, 1.57952E-08, 7.81684E-09,-3.76029E-09,
-8.88269E-09,-8.13159E-09, 1.74185E-08, 7.58733E-09,-1.49955E-09,
-1.25997E-08,-4.72950E-09, 1.81901E-08, 7.19643E-09, 2.11421E-11,
-1.60299E-08,-1.95310E-09, 1.73456E-08, 5.84593E-09,-5.61625E-11,
-1.96006E-08,-1.63295E-10, 1.52065E-08, 3.29367E-09,-1.34366E-09,
-2.33800E-08, 1.19250E-09, 1.30476E-08, 3.52927E-10,-2.81734E-09,
-2.76010E-08, 3.36581E-09, 1.22724E-08,-1.94337E-09,-3.45416E-09,
-3.24431E-08, 6.65063E-09, 1.29667E-08,-2.82072E-09,-2.84719E-09,
-3.79166E-08, 1.05810E-08, 1.41354E-08,-2.70853E-09,-2.01223E-09,
-4.36186E-08, 1.38756E-08, 1.40581E-08,-2.57852E-09,-2.18281E-09,
-4.86799E-08, 1.55762E-08, 1.19250E-08,-3.18884E-09,-3.77439E-09,
-5.16958E-08, 1.57261E-08, 8.74113E-09,-4.55331E-09,-6.26856E-09,
-5.19171E-08, 1.53740E-08, 6.30426E-09,-5.78378E-09,-8.09980E-09,
-5.04249E-08, 1.59938E-08, 5.86123E-09,-5.70922E-09,-8.12991E-09,
-4.78072E-08, 1.79141E-08, 6.75293E-09,-3.94476E-09,-6.46319E-09,
-4.47181E-08, 2.04832E-08, 7.32331E-09,-1.68766E-09,-4.51694E-09,
-4.19299E-08, 2.16365E-08, 5.75931E-09,-9.18367E-11,-3.53584E-09,
-3.93993E-08, 2.05540E-08, 1.76167E-09,-1.69110E-10,-3.91292E-09,
-3.54308E-08, 1.79142E-08,-3.29278E-09,-1.61597E-09,-4.84444E-09,
-2.93074E-08, 1.56729E-08,-7.31243E-09,-2.95379E-09,-4.64237E-09,
-2.15855E-08, 1.54046E-08,-8.73179E-09,-2.91832E-09,-2.26251E-09,
-1.33149E-08, 1.70331E-08,-8.09612E-09,-1.46247E-09, 1.86121E-09,
-6.33853E-09, 1.90507E-08,-7.36025E-09, 2.13930E-10, 5.89679E-09,
-1.37275E-09, 1.92483E-08,-8.83851E-09, 5.99836E-10, 8.39424E-09,
 1.46214E-09, 1.68340E-08,-1.24579E-08,-1.23435E-09, 8.69352E-09,
 3.16144E-09, 1.23518E-08,-1.64206E-08,-4.38126E-09, 8.14696E-09,
 5.08738E-09, 8.14748E-09,-1.81869E-08,-7.21177E-09, 8.55946E-09,
 9.08477E-09, 6.05967E-09,-1.64697E-08,-8.33987E-09, 1.06596E-08,
 1.43061E-08, 6.20746E-09,-1.22195E-08,-7.77014E-09, 1.39415E-08,
 1.85939E-08, 6.59165E-09,-7.58137E-09,-6.84691E-09, 1.68136E-08,
 2.10272E-08, 4.71920E-09,-4.71812E-09,-7.37884E-09, 1.77301E-08,
 2.12440E-08,-1.47009E-10,-3.85465E-09,-1.02612E-08, 1.63827E-08,
 1.96172E-08,-6.88205E-09,-3.80714E-09,-1.42854E-08, 1.43940E-08,
 1.71857E-08,-1.28712E-08,-2.09788E-09,-1.77390E-08, 1.34475E-08,
 1.62037E-08,-1.64369E-08, 2.26450E-09,-1.93897E-08, 1.46059E-08,
 1.70973E-08,-1.76286E-08, 8.38299E-09,-1.93022E-08, 1.72292E-08,
 1.92517E-08,-1.81970E-08, 1.38439E-08,-1.89433E-08, 1.97538E-08,
 2.12353E-08,-2.02431E-08, 1.67119E-08,-1.99446E-08, 2.09339E-08,
 2.20910E-08,-2.46695E-08, 1.69816E-08,-2.27495E-08, 2.07999E-08,
 2.26356E-08,-3.04768E-08, 1.60610E-08,-2.63936E-08, 2.07216E-08,
 2.35663E-08,-3.52450E-08, 1.61398E-08,-2.92733E-08, 2.19545E-08,
 2.56163E-08,-3.74726E-08, 1.77011E-08,-2.99793E-08, 2.52599E-08,
 2.92467E-08,-3.74141E-08, 2.01313E-08,-2.89797E-08, 2.96559E-08,
 3.52996E-08,-3.70350E-08, 2.16715E-08,-2.78260E-08, 3.34697E-08,
 4.21028E-08,-3.81740E-08, 2.13142E-08,-2.78306E-08, 3.56234E-08,
 4.77688E-08,-4.11281E-08, 1.92681E-08,-2.91197E-08, 3.64691E-08,
 5.18721E-08,-4.46250E-08, 1.71742E-08,-3.06978E-08, 3.69556E-08,
 5.43713E-08,-4.68111E-08, 1.66409E-08,-3.12625E-08, 3.81386E-08,
 5.54218E-08,-4.69359E-08, 1.78227E-08,-3.00537E-08, 4.02566E-08,
 5.50556E-08,-4.53589E-08, 1.97813E-08,-2.78253E-08, 4.20574E-08,
 5.39393E-08,-4.37103E-08, 2.06525E-08,-2.59781E-08, 4.23895E-08,
 5.21734E-08,-4.32356E-08, 2.00245E-08,-2.55996E-08, 4.06554E-08,
 5.00328E-08,-4.38630E-08, 1.86651E-08,-2.66111E-08, 3.76251E-08,
 4.67198E-08,-4.40744E-08, 1.81593E-08,-2.78718E-08, 3.47309E-08,
 4.16554E-08,-4.22461E-08, 1.91667E-08,-2.79835E-08, 3.30284E-08,
 3.54726E-08,-3.80702E-08, 2.10843E-08,-2.68166E-08, 3.22430E-08,
 2.82278E-08,-3.26865E-08, 2.23947E-08,-2.54589E-08, 3.11935E-08,
 2.00515E-08,-2.81055E-08, 2.16176E-08,-2.49871E-08, 2.90546E-08,
 1.18184E-08,-2.49351E-08, 1.86934E-08,-2.62096E-08, 2.56957E-08,
 5.51359E-09,-2.25895E-08, 1.48294E-08,-2.84569E-08, 2.21749E-08,
 1.13024E-09,-1.93287E-08, 1.19821E-08,-3.01974E-08, 2.00072E-08,
-1.98947E-09,-1.41609E-08, 1.09232E-08,-3.01631E-08, 2.00713E-08,
-4.43252E-09,-7.37448E-09, 1.08821E-08,-2.85174E-08, 2.14802E-08,
-6.84837E-09,-7.96558E-10, 9.85204E-09,-2.64375E-08, 2.27164E-08,
-9.34625E-09, 3.51744E-09, 6.49923E-09,-2.53433E-08, 2.25906E-08,
-1.16701E-08, 4.99408E-09, 1.50511E-09,-2.57691E-08, 2.10429E-08,
-1.27323E-08, 4.60444E-09,-3.16507E-09,-2.66762E-08, 1.95267E-08,
-1.18205E-08, 4.73000E-09,-5.50447E-09,-2.65992E-08, 1.94004E-08,
-8.63729E-09, 6.63100E-09,-4.91767E-09,-2.44857E-08, 2.09792E-08,
-5.11817E-09, 1.00470E-08,-2.61449E-09,-2.08872E-08, 2.33478E-08,
-3.27817E-09, 1.26690E-08,-7.54883E-10,-1.72049E-08, 2.49047E-08,
-3.35214E-09, 1.28182E-08,-7.48890E-10,-1.53573E-08, 2.43128E-08,
-5.52495E-09, 1.02361E-08,-2.30720E-09,-1.57594E-08, 2.19422E-08,
-9.32144E-09, 6.47802E-09,-3.60669E-09,-1.71805E-08, 1.94386E-08,
-1.30292E-08, 4.02379E-09,-2.54103E-09,-1.82167E-08, 1.82896E-08,
-1.53086E-08, 4.11217E-09, 1.22195E-09,-1.78777E-08, 1.89061E-08,
-1.67431E-08, 6.40965E-09, 6.16604E-09,-1.66116E-08, 2.02953E-08,
-1.85728E-08, 8.77989E-09, 9.97751E-09,-1.58523E-08, 2.09337E-08,
-2.19270E-08, 9.30430E-09, 1.14311E-08,-1.71624E-08, 1.98698E-08,
-2.69654E-08, 7.15425E-09, 1.10576E-08,-2.05615E-08, 1.77138E-08,
-3.24713E-08, 3.93184E-09, 1.06545E-08,-2.49593E-08, 1.59289E-08,
-3.73850E-08, 1.75640E-09, 1.19304E-08,-2.84192E-08, 1.57761E-08,
-4.06971E-08, 1.76164E-09, 1.50362E-08,-2.97824E-08, 1.75400E-08,
-4.13763E-08, 3.18505E-09, 1.88753E-08,-2.96144E-08, 2.00115E-08,
-3.95796E-08, 3.83185E-09, 2.16158E-08,-2.92982E-08, 2.16750E-08,
-3.68186E-08, 2.07487E-09, 2.24304E-08,-3.00507E-08, 2.19372E-08,
-3.41001E-08,-2.36550E-09, 2.18517E-08,-3.17444E-08, 2.14894E-08,
-3.10338E-08,-8.04215E-09, 2.17185E-08,-3.34267E-08, 2.13982E-08,
-2.70972E-08,-1.31284E-08, 2.31629E-08,-3.36136E-08, 2.27344E-08,
-2.21704E-08,-1.65585E-08, 2.60125E-08,-3.16633E-08, 2.52553E-08,
-1.59314E-08,-1.87863E-08, 2.88297E-08,-2.84158E-08, 2.76820E-08,
-8.37481E-09,-2.13180E-08, 3.00989E-08,-2.54569E-08, 2.89178E-08,
-7.79759E-11,-2.53677E-08, 2.97168E-08,-2.39087E-08, 2.86801E-08,
 7.83652E-09,-3.05282E-08, 2.85594E-08,-2.37614E-08, 2.79025E-08,
 1.41576E-08,-3.50913E-08, 2.80905E-08,-2.38314E-08, 2.77035E-08,
 1.84606E-08,-3.74582E-08, 2.85893E-08,-2.28870E-08, 2.87200E-08,
 2.12900E-08,-3.73137E-08, 2.95744E-08,-2.09799E-08, 3.01646E-08,
 2.26162E-08,-3.58000E-08, 2.95518E-08,-1.90709E-08, 3.09265E-08,
 2.24131E-08,-3.45811E-08, 2.75939E-08,-1.83303E-08, 3.01794E-08,
 2.19052E-08,-3.42446E-08, 2.39235E-08,-1.94970E-08, 2.80839E-08,
 2.22958E-08,-3.42207E-08, 2.00895E-08,-2.18458E-08, 2.57061E-08,
 2.29495E-08,-3.30431E-08, 1.77454E-08,-2.37948E-08, 2.43206E-08,
 2.27236E-08,-2.97030E-08, 1.70545E-08,-2.41096E-08, 2.43349E-08,
 2.13179E-08,-2.46335E-08, 1.68724E-08,-2.28992E-08, 2.45456E-08,
 1.89325E-08,-1.96406E-08, 1.51624E-08,-2.14227E-08, 2.37576E-08,
 1.59642E-08,-1.66817E-08, 1.14203E-08,-2.09711E-08, 2.11729E-08,
 1.31401E-08,-1.61375E-08, 6.52331E-09,-2.17541E-08, 1.75095E-08,
 1.17241E-08,-1.66596E-08, 2.40744E-09,-2.25858E-08, 1.42841E-08,
 1.31340E-08,-1.60687E-08, 4.18870E-10,-2.18803E-08, 1.26289E-08,
 1.69938E-08,-1.33660E-08, 5.42643E-10,-1.87788E-08, 1.25535E-08,
 2.10097E-08,-9.36826E-09, 1.18081E-09,-1.39627E-08, 1.30818E-08,
 2.38726E-08,-6.31826E-09, 1.95675E-10,-9.09684E-09, 1.27809E-08,
 2.61359E-08,-5.67020E-09,-3.32160E-09,-6.04264E-09, 1.07738E-08,
 2.81611E-08,-7.33870E-09,-8.48828E-09,-4.92569E-09, 7.90479E-09,
 3.00259E-08,-9.43154E-09,-1.29813E-08,-4.32429E-09, 5.78003E-09,
 3.29493E-08,-9.51661E-09,-1.51142E-08,-2.69801E-09, 5.57615E-09,
 3.74904E-08,-6.47925E-09,-1.50288E-08, 5.53620E-10, 7.01210E-09,
 4.20356E-08,-1.30205E-09,-1.45113E-08, 4.57936E-09, 8.78085E-09,
 4.37891E-08, 3.49320E-09,-1.53918E-08, 7.51145E-09, 9.46627E-09,
 4.15546E-08, 5.88301E-09,-1.82607E-08, 7.82586E-09, 8.37679E-09,
 3.64247E-08, 5.67131E-09,-2.20872E-08, 5.74538E-09, 6.14078E-09,
 2.99860E-08, 5.08573E-09,-2.49215E-08, 2.74338E-09, 4.11555E-09,
 2.31243E-08, 6.27444E-09,-2.51080E-08, 1.00985E-09, 3.34398E-09,
 1.66025E-08, 1.00561E-08,-2.26905E-08, 1.25116E-09, 3.88605E-09,
 1.16605E-08, 1.48943E-08,-1.91339E-08, 2.47130E-09, 4.37575E-09,
 7.77705E-09, 1.84044E-08,-1.63328E-08, 2.87735E-09, 3.43264E-09,
 2.73429E-09, 1.88737E-08,-1.50272E-08, 1.54491E-09, 9.12163E-10,
-3.86896E-09, 1.64429E-08,-1.42964E-08,-1.04772E-09,-2.27132E-09,
-1.03016E-08, 1.31230E-08,-1.24671E-08,-3.55462E-09,-4.91674E-09,
-1.54702E-08, 1.09364E-08,-8.68124E-09,-4.21593E-09,-6.03667E-09,
-1.94911E-08, 1.08548E-08,-3.63221E-09,-2.67160E-09,-5.75583E-09,
-2.16888E-08, 1.14741E-08, 1.21613E-09,-6.94981E-11,-5.21168E-09,
-2.14436E-08, 1.08250E-08, 4.46325E-09, 1.62315E-09,-5.30157E-09,
-1.93364E-08, 7.60617E-09, 6.06382E-09, 1.68588E-09,-6.13633E-09,
-1.70222E-08, 2.89975E-09, 6.91820E-09, 6.31645E-10,-6.73509E-09,
-1.53729E-08,-1.28061E-09, 8.21410E-09, 6.00374E-11,-6.02633E-09,
-1.34729E-08,-3.49780E-09, 1.03472E-08, 1.01814E-09,-3.79856E-09,
-1.05671E-08,-3.73599E-09, 1.26909E-08, 3.04664E-09,-9.13840E-10,
-7.68450E-09,-3.51037E-09, 1.40001E-08, 5.11155E-09, 1.52424E-09,
-5.35086E-09,-4.29743E-09, 1.35837E-08, 5.86632E-09, 2.79196E-09,
-2.44951E-09,-6.68237E-09, 1.21521E-08, 4.80752E-09, 2.88987E-09,
 9.69855E-10,-9.54835E-09, 1.12637E-08, 2.88091E-09, 2.71140E-09,
 2.90056E-09,-1.12114E-08, 1.20446E-08, 1.85179E-09, 3.26289E-09,
 2.36149E-09,-1.04810E-08, 1.42287E-08, 2.49891E-09, 4.44349E-09,
-2.57706E-11,-8.17831E-09, 1.64800E-08, 4.19622E-09, 5.05087E-09,
-3.70483E-09,-6.36473E-09, 1.73704E-08, 5.43745E-09, 4.03947E-09,
-8.46771E-09,-6.58944E-09, 1.67272E-08, 5.10267E-09, 1.10980E-09,
-1.35611E-08,-8.64152E-09, 1.54241E-08, 3.48094E-09,-2.90674E-09,
-1.69909E-08,-1.06538E-08, 1.49590E-08, 1.90630E-09,-6.67700E-09,
-1.78830E-08,-1.06579E-08, 1.61105E-08, 1.90505E-09,-9.18976E-09,
-1.77463E-08,-8.13074E-09, 1.84420E-08, 4.01885E-09,-1.05065E-08,
-1.83732E-08,-4.40466E-09, 1.99821E-08, 7.28665E-09,-1.14763E-08,
-1.94750E-08,-1.71060E-09, 1.89377E-08, 9.91956E-09,-1.34526E-08,
-1.97670E-08,-1.39193E-09, 1.49347E-08, 1.06280E-08,-1.67529E-08,
-1.92415E-08,-2.85041E-09, 9.38146E-09, 1.00253E-08,-2.01640E-08,
-1.72506E-08,-3.92188E-09, 4.43783E-09, 9.91940E-09,-2.21627E-08,
-1.22293E-08,-2.34933E-09, 1.00967E-09, 1.16709E-08,-2.19804E-08,
-4.04892E-09, 2.16242E-09,-1.39142E-09, 1.54444E-08,-2.02205E-08,
 4.81136E-09, 7.78227E-09,-4.60830E-09, 2.00133E-08,-1.81132E-08,
 1.20690E-08, 1.18175E-08,-9.79638E-09, 2.34758E-08,-1.71549E-08,
 1.76505E-08, 1.29184E-08,-1.71426E-08, 2.47626E-08,-1.77351E-08,
 2.22775E-08, 1.18951E-08,-2.51140E-08, 2.45781E-08,-1.91304E-08,
 2.68123E-08, 1.13022E-08,-3.16302E-08, 2.46268E-08,-1.99709E-08,
 3.11539E-08, 1.31127E-08,-3.53307E-08, 2.65001E-08,-1.94709E-08,
 3.56937E-08, 1.73654E-08,-3.66054E-08, 3.01987E-08,-1.81530E-08,
 4.02316E-08, 2.22826E-08,-3.72357E-08, 3.40924E-08,-1.75189E-08,
 4.27309E-08, 2.54654E-08,-3.86106E-08, 3.64695E-08,-1.88318E-08,
 4.13140E-08, 2.57927E-08,-4.10469E-08, 3.67184E-08,-2.18730E-08,
 3.64896E-08, 2.41244E-08,-4.31466E-08, 3.54929E-08,-2.57463E-08,
 3.05084E-08, 2.27712E-08,-4.35646E-08, 3.43303E-08,-2.91516E-08,
 2.41907E-08, 2.35647E-08,-4.17434E-08, 3.46010E-08,-3.12580E-08,
 1.81789E-08, 2.65322E-08,-3.84698E-08, 3.62441E-08,-3.24148E-08,
 1.32241E-08, 2.97632E-08,-3.51698E-08, 3.77968E-08,-3.36857E-08,
 9.53099E-09, 3.11752E-08,-3.30427E-08, 3.77757E-08,-3.57984E-08,
 6.23660E-09, 3.00908E-08,-3.22055E-08, 3.58798E-08,-3.84894E-08,
 2.21150E-09, 2.78034E-08,-3.17268E-08, 3.30867E-08,-4.06684E-08,
-2.11088E-09, 2.60183E-08,-3.05936E-08, 3.10423E-08,-4.12483E-08,
-5.37504E-09, 2.57733E-08,-2.85540E-08, 3.04701E-08,-4.01718E-08,
-6.41921E-09, 2.65847E-08,-2.63397E-08, 3.10073E-08,-3.82393E-08,
-5.88627E-09, 2.69713E-08,-2.49900E-08, 3.15709E-08,-3.63056E-08,
-3.83344E-09, 2.54585E-08,-2.48312E-08, 3.11879E-08,-3.48977E-08,
 4.06126E-10, 2.18858E-08,-2.51000E-08, 2.96087E-08,-3.38012E-08,
 5.81455E-09, 1.75696E-08,-2.46840E-08, 2.79425E-08,-3.22251E-08,
 1.06064E-08, 1.40880E-08,-2.29607E-08, 2.76339E-08,-2.95676E-08,
 1.41913E-08, 1.22838E-08,-2.03013E-08, 2.89120E-08,-2.62924E-08,
 1.70461E-08, 1.09470E-08,-1.75634E-08, 3.09531E-08,-2.35638E-08,
 1.92394E-08, 8.60930E-09,-1.55982E-08, 3.22524E-08,-2.21446E-08,
 2.08568E-08, 4.39380E-09,-1.41900E-08, 3.20574E-08,-2.21221E-08,
 2.22088E-08,-7.14277E-10,-1.25510E-08, 3.06773E-08,-2.26711E-08,
 2.36234E-08,-5.00088E-09,-9.64315E-09, 2.93904E-08,-2.28709E-08,
 2.48112E-08,-6.98644E-09,-5.25950E-09, 2.91962E-08,-2.23497E-08,
 2.38730E-08,-6.61503E-09,-3.53258E-10, 3.00981E-08,-2.15646E-08,
 1.99176E-08,-5.50529E-09, 3.43699E-09, 3.10697E-08,-2.13966E-08,
 1.40925E-08,-5.30493E-09, 5.10279E-09, 3.04547E-08,-2.26417E-08,
 7.93037E-09,-6.82846E-09, 5.04991E-09, 2.77656E-08,-2.50077E-08,
 2.00666E-09,-8.73782E-09, 4.56875E-09, 2.40281E-08,-2.71745E-08,
-2.79652E-09,-9.05292E-09, 4.95208E-09, 2.10739E-08,-2.80411E-08,
-5.37661E-09,-6.31617E-09, 6.25978E-09, 1.99454E-08,-2.75191E-08,
-6.38947E-09,-1.33509E-09, 7.53830E-09, 2.05273E-08,-2.63357E-08,
-7.75276E-09, 3.63110E-09, 7.34573E-09, 2.14594E-08,-2.54958E-08,
-1.03282E-08, 6.39641E-09, 5.05392E-09, 2.12294E-08,-2.57536E-08,
-1.31605E-08, 6.35118E-09, 1.04045E-09, 1.95728E-08,-2.68702E-08,
-1.44039E-08, 5.05578E-09,-3.20201E-09, 1.75679E-08,-2.79373E-08,
-1.31103E-08, 4.81155E-09,-6.19142E-09, 1.70400E-08,-2.79810E-08,
-9.41314E-09, 6.98496E-09,-7.39464E-09, 1.90997E-08,-2.67548E-08,
-3.61836E-09, 1.08748E-08,-7.75349E-09, 2.31413E-08,-2.50147E-08,
 3.26148E-09, 1.43346E-08,-8.70237E-09, 2.72653E-08,-2.40943E-08,
 8.70571E-09, 1.53551E-08,-1.11386E-08, 2.97862E-08,-2.45291E-08,
 1.11239E-08, 1.35360E-08,-1.48162E-08, 3.04440E-08,-2.59088E-08,
 1.19157E-08, 1.06732E-08,-1.84185E-08, 3.02162E-08,-2.74917E-08,
 1.29683E-08, 9.39696E-09,-2.09183E-08, 3.07129E-08,-2.83510E-08,
 1.43069E-08, 1.11588E-08,-2.18859E-08, 3.29450E-08,-2.81724E-08,
 1.55906E-08, 1.52572E-08,-2.20426E-08, 3.61915E-08,-2.74258E-08,
 1.67716E-08, 1.93179E-08,-2.24680E-08, 3.85400E-08,-2.71383E-08,
 1.74425E-08, 2.14322E-08,-2.41541E-08, 3.85373E-08,-2.78097E-08,
 1.64596E-08, 2.14547E-08,-2.68256E-08, 3.62533E-08,-2.91824E-08,
 1.29410E-08, 2.11447E-08,-2.94653E-08, 3.31418E-08,-3.03194E-08,
 8.00876E-09, 2.22151E-08,-3.09984E-08, 3.10654E-08,-3.04660E-08,
 3.85059E-09, 2.54917E-08,-3.12258E-08, 3.04367E-08,-2.97545E-08,
 1.19428E-09, 2.97930E-08,-3.08491E-08, 3.05576E-08,-2.88068E-08,
-1.06020E-09, 3.30266E-08,-3.06488E-08, 3.00936E-08,-2.82525E-08,
-2.61005E-09, 3.36956E-08,-3.09269E-08, 2.80519E-08,-2.82955E-08,
-3.20583E-09, 3.19983E-08,-3.10674E-08, 2.47433E-08,-2.87471E-08,
-3.87240E-09, 2.96760E-08,-3.04520E-08, 2.18610E-08,-2.87271E-08,
-5.62765E-09, 2.83163E-08,-2.86712E-08, 2.08518E-08,-2.77709E-08,
-7.53987E-09, 2.81432E-08,-2.61051E-08, 2.16804E-08,-2.62163E-08,
-8.09080E-09, 2.75587E-08,-2.34990E-08, 2.30700E-08,-2.47897E-08,
-6.82556E-09, 2.50876E-08,-2.15551E-08, 2.34697E-08,-2.39768E-08,
-4.16392E-09, 2.01897E-08,-2.00606E-08, 2.25173E-08,-2.37023E-08,
-3.47538E-11, 1.42769E-08,-1.83746E-08, 2.08260E-08,-2.31629E-08,
 5.61503E-09, 9.11353E-09,-1.56014E-08, 1.98866E-08,-2.17652E-08,
 1.13002E-08, 6.02527E-09,-1.17288E-08, 2.04784E-08,-1.93444E-08,
 1.47968E-08, 4.62880E-09,-7.71016E-09, 2.21480E-08,-1.63887E-08,
 1.56655E-08, 3.13079E-09,-4.78100E-09, 2.33644E-08,-1.39033E-08,
 1.54262E-08, 2.54034E-13,-3.48518E-09, 2.24256E-08,-1.25564E-08,
 1.50257E-08,-4.84306E-09,-3.04552E-09, 1.92916E-08,-1.20337E-08,
 1.43011E-08,-9.44729E-09,-2.10078E-09, 1.55010E-08,-1.12615E-08,
 1.37071E-08,-1.16315E-08, 4.18209E-10, 1.28406E-08,-9.39389E-09,
 1.34345E-08,-1.04554E-08, 4.26642E-09, 1.18394E-08,-6.54985E-09,
 1.21279E-08,-7.59820E-09, 8.31203E-09, 1.18370E-08,-3.70827E-09,
 7.99852E-09,-5.44793E-09, 1.09110E-08, 1.09461E-08,-1.84711E-09,
 1.43012E-09,-5.88745E-09, 1.15405E-08, 8.03453E-09,-1.68069E-09,
-5.64308E-09,-8.46869E-09, 1.08517E-08, 3.43598E-09,-2.71669E-09,
-1.13813E-08,-1.10395E-08, 1.06064E-08,-1.07982E-09,-3.68618E-09,
-1.51856E-08,-1.12924E-08, 1.22280E-08,-3.45739E-09,-3.57054E-09,
-1.70962E-08,-8.54597E-09, 1.55143E-08,-3.14024E-09,-2.18910E-09,
-1.74878E-08,-4.42319E-09, 1.89005E-08,-1.37087E-09,-5.69865E-10,
-1.80240E-08,-1.63291E-09, 2.06285E-08,-1.58263E-10,-1.21293E-10,
-2.04393E-08,-2.04938E-09, 1.99987E-08,-7.51640E-10,-1.14827E-09,
-2.43659E-08,-5.06093E-09, 1.77522E-08,-2.72306E-09,-3.03170E-09,
-2.71192E-08,-8.22644E-09, 1.55544E-08,-4.34111E-09,-4.69799E-09,
-2.70220E-08,-8.73397E-09, 1.45976E-08,-4.04179E-09,-5.00963E-09,
-2.43590E-08,-6.06818E-09, 1.51496E-08,-1.23620E-09,-3.82261E-09,
-2.01527E-08,-1.73964E-09, 1.59751E-08, 2.50875E-09,-2.02567E-09,
-1.53366E-08, 1.52925E-09, 1.55133E-08, 5.03365E-09,-9.23997E-10,
-1.18141E-08, 2.24341E-09, 1.28590E-08, 5.20837E-09,-1.15004E-09,
-1.09689E-08, 9.62164E-10, 8.67254E-09, 3.57898E-09,-2.16866E-09,
-1.23386E-08,-6.29195E-11, 4.52958E-09, 1.78527E-09,-2.79780E-09,
-1.39236E-08, 1.25215E-09, 1.71580E-09, 1.44735E-09,-2.31175E-09,
-1.43183E-08, 5.38533E-09, 2.42703E-10, 2.67934E-09,-7.49142E-10,
-1.37147E-08, 1.07789E-08,-7.88767E-10, 4.27958E-09, 1.01281E-09,
-1.27702E-08, 1.47884E-08,-2.40777E-09, 4.69945E-09, 2.02960E-09,
-1.17212E-08, 1.61300E-08,-5.00770E-09, 2.99777E-09, 1.92852E-09,
-1.10135E-08, 1.54217E-08,-7.89720E-09, 6.42571E-11, 1.09478E-09,
-1.19653E-08, 1.48157E-08,-1.01817E-08,-2.31744E-09, 6.18831E-10,
-1.41852E-08, 1.56268E-08,-1.11055E-08,-2.88024E-09, 1.06139E-09,
-1.55618E-08, 1.77149E-08,-1.08723E-08,-2.00213E-09, 2.00848E-09,
-1.51259E-08, 1.93725E-08,-1.02395E-08,-1.00354E-09, 2.69308E-09,
-1.35437E-08, 1.90659E-08,-1.00516E-08,-1.09656E-09, 2.71550E-09,
-1.12206E-08, 1.64249E-08,-1.01061E-08,-2.57753E-09, 2.05664E-09,
-8.06500E-09, 1.26523E-08,-9.80980E-09,-4.59636E-09, 1.53968E-09,
-5.00934E-09, 9.55638E-09,-8.41938E-09,-5.72191E-09, 1.89223E-09,
-3.28951E-09, 8.15590E-09,-6.11781E-09,-5.28925E-09, 3.36682E-09,
-3.31297E-09, 7.82582E-09,-3.84796E-09,-4.04412E-09, 5.34386E-09,
-3.39606E-09, 6.60988E-09,-2.56313E-09,-3.53280E-09, 6.89947E-09,
-1.87558E-09, 3.40434E-09,-2.48994E-09,-5.02682E-09, 7.65006E-09,
 1.26577E-09,-1.38182E-09,-2.69174E-09,-8.06067E-09, 8.15731E-09,
 5.25707E-09,-5.67478E-09,-2.17759E-09,-1.10442E-08, 9.53495E-09,
 1.03263E-08,-7.82268E-09,-1.03750E-10,-1.26780E-08, 1.21381E-08,
 1.53825E-08,-7.69620E-09, 2.91882E-09,-1.28478E-08, 1.56025E-08,
 1.80533E-08,-7.18937E-09, 5.76156E-09,-1.25065E-08, 1.88545E-08,
 1.77742E-08,-8.40383E-09, 7.09144E-09,-1.33457E-08, 2.08571E-08,
 1.62787E-08,-1.23361E-08, 6.99114E-09,-1.62005E-08, 2.11623E-08,
 1.54527E-08,-1.78871E-08, 6.75881E-09,-2.02253E-08, 2.06998E-08,
 1.56184E-08,-2.25959E-08, 8.11831E-09,-2.34944E-08, 2.08680E-08,
 1.66709E-08,-2.45970E-08, 1.18321E-08,-2.45095E-08, 2.22583E-08,
 1.82620E-08,-2.40288E-08, 1.67352E-08,-2.34319E-08, 2.44197E-08,
 1.95795E-08,-2.31913E-08, 2.10547E-08,-2.19867E-08, 2.59454E-08,
 1.87773E-08,-2.45119E-08, 2.32375E-08,-2.20507E-08, 2.59278E-08,
 1.52644E-08,-2.88418E-08, 2.33360E-08,-2.41563E-08, 2.45186E-08,
 1.14228E-08,-3.43720E-08, 2.23857E-08,-2.73508E-08, 2.28017E-08,
 9.99248E-09,-3.82523E-08, 2.22154E-08,-2.97255E-08, 2.20171E-08,
 1.11920E-08,-3.84421E-08, 2.35906E-08,-2.98276E-08, 2.30676E-08,
 1.36842E-08,-3.55422E-08, 2.59329E-08,-2.78241E-08, 2.55597E-08,
 1.68905E-08,-3.18590E-08, 2.74607E-08,-2.57271E-08, 2.79533E-08,
 1.96106E-08,-3.00677E-08, 2.66140E-08,-2.54194E-08, 2.90708E-08,
 2.02414E-08,-3.09149E-08, 2.33419E-08,-2.73252E-08, 2.88990E-08,
 1.89381E-08,-3.28876E-08, 1.91227E-08,-3.01105E-08, 2.84025E-08,
 1.77116E-08,-3.33399E-08, 1.58508E-08,-3.17909E-08, 2.86867E-08,
 1.84459E-08,-3.05570E-08, 1.43337E-08,-3.11466E-08, 3.02528E-08,
 2.08685E-08,-2.52852E-08, 1.42747E-08,-2.86252E-08, 3.24508E-08,
 2.34715E-08,-2.00014E-08, 1.42296E-08,-2.60431E-08, 3.41545E-08,
 2.52132E-08,-1.73233E-08, 1.31399E-08,-2.50328E-08, 3.43443E-08,
 2.58210E-08,-1.74118E-08, 1.07650E-08,-2.60616E-08, 3.29056E-08,
 2.42028E-08,-1.86165E-08, 8.21862E-09,-2.76178E-08, 3.08094E-08,
 2.00455E-08,-1.83951E-08, 6.72352E-09,-2.78697E-08, 2.93171E-08,
 1.52330E-08,-1.58555E-08, 6.94906E-09,-2.61333E-08, 2.87460E-08,
 1.16407E-08,-1.18031E-08, 8.22230E-09,-2.34577E-08, 2.85149E-08,
 9.02984E-09,-8.30819E-09, 9.20814E-09,-2.14635E-08, 2.78485E-08,
 6.25495E-09,-6.82747E-09, 9.06645E-09,-2.12589E-08, 2.62683E-08,
 3.30983E-09,-7.08850E-09, 7.96939E-09,-2.28265E-08, 2.40531E-08,
 3.52078E-10,-7.49909E-09, 6.83879E-09,-2.46792E-08, 2.21014E-08,
-2.99974E-09,-6.07299E-09, 6.39775E-09,-2.53877E-08, 2.12637E-08,
-7.16975E-09,-2.52943E-09, 6.75406E-09,-2.45336E-08, 2.16536E-08,
-1.15976E-08, 1.72206E-09, 7.12389E-09,-2.32547E-08, 2.26250E-08,
-1.47959E-08, 4.39573E-09, 6.76682E-09,-2.31416E-08, 2.32461E-08,
-1.64845E-08, 4.76134E-09, 5.32128E-09,-2.49765E-08, 2.31222E-08,
-1.73292E-08, 3.63094E-09, 3.43585E-09,-2.77428E-08, 2.27200E-08,
-1.74856E-08, 3.03122E-09, 2.17844E-09,-2.97973E-08, 2.29439E-08,
-1.64809E-08, 4.08788E-09, 2.56232E-09,-3.01053E-08, 2.41896E-08,
-1.56460E-08, 6.33683E-09, 4.30349E-09,-2.87616E-08, 2.62638E-08,
-1.64540E-08, 7.89567E-09, 6.25483E-09,-2.71590E-08, 2.83033E-08,
-1.83150E-08, 6.86153E-09, 7.23939E-09,-2.69574E-08, 2.92122E-08,
-1.94025E-08, 2.85942E-09, 7.23034E-09,-2.86649E-08, 2.86809E-08,
-1.89138E-08,-2.47857E-09, 7.30529E-09,-3.10738E-08, 2.75772E-08,
-1.73992E-08,-6.47580E-09, 8.81325E-09,-3.23038E-08, 2.71279E-08,
-1.49959E-08,-7.83828E-09, 1.24207E-08,-3.13511E-08, 2.79264E-08,
-1.21837E-08,-7.39909E-09, 1.72532E-08,-2.90696E-08, 2.97280E-08,
-1.01292E-08,-7.71354E-09, 2.18583E-08,-2.73523E-08, 3.12730E-08,
-1.06443E-08,-1.05435E-08, 2.45319E-08,-2.77671E-08, 3.17517E-08,
-1.31299E-08,-1.58354E-08, 2.50141E-08,-3.03383E-08, 3.10454E-08,
-1.48042E-08,-2.14426E-08, 2.43738E-08,-3.36747E-08, 2.99527E-08,
-1.40655E-08,-2.48485E-08, 2.45139E-08,-3.58548E-08, 2.98592E-08,
-1.12804E-08,-2.49459E-08, 2.63636E-08,-3.57510E-08, 3.16833E-08,
-7.35309E-09,-2.29461E-08, 2.93313E-08,-3.41727E-08, 3.49378E-08,
-2.48867E-09,-2.14552E-08, 3.16130E-08,-3.32171E-08, 3.80580E-08,
 1.33864E-09,-2.27130E-08, 3.15882E-08,-3.42740E-08, 3.98444E-08,
 2.96379E-09,-2.67276E-08, 2.91527E-08,-3.71626E-08, 4.00206E-08,
 3.28959E-09,-3.13833E-08, 2.56256E-08,-4.02418E-08, 3.94603E-08,
 4.78127E-09,-3.41572E-08, 2.30671E-08,-4.15524E-08, 3.93450E-08,
 8.64608E-09,-3.39206E-08, 2.27085E-08,-4.03433E-08, 4.04721E-08,
 1.34260E-08,-3.19368E-08, 2.43794E-08,-3.75052E-08, 4.24731E-08,
 1.79948E-08,-3.06822E-08, 2.63112E-08,-3.49970E-08, 4.40486E-08,
 2.14827E-08,-3.20758E-08, 2.67536E-08,-3.43107E-08, 4.38492E-08,
 2.35687E-08,-3.56461E-08, 2.51126E-08,-3.53945E-08, 4.16122E-08,
 2.30546E-08,-3.94161E-08, 2.26282E-08,-3.64476E-08, 3.85070E-08,
 2.07451E-08,-4.08970E-08, 2.09765E-08,-3.58887E-08, 3.60860E-08,
 1.93371E-08,-3.94765E-08, 2.11120E-08,-3.33678E-08, 3.49485E-08,
 2.00846E-08,-3.62657E-08, 2.23090E-08,-3.01828E-08, 3.46899E-08,
 2.22118E-08,-3.34730E-08, 2.29545E-08,-2.79940E-08, 3.43425E-08,
 2.42357E-08,-3.24214E-08, 2.18320E-08,-2.77120E-08, 3.30064E-08,
 2.60105E-08,-3.24340E-08, 1.87948E-08,-2.89434E-08, 3.07305E-08,
 2.66029E-08,-3.18088E-08, 1.49466E-08,-2.99112E-08, 2.84347E-08,
 2.54186E-08,-2.88630E-08, 1.15514E-08,-2.93845E-08, 2.72621E-08,
 2.29585E-08,-2.39818E-08, 9.30182E-09,-2.72860E-08, 2.75086E-08,
 2.08992E-08,-1.87499E-08, 7.60081E-09,-2.50451E-08, 2.84527E-08,
 2.06291E-08,-1.51186E-08, 5.51208E-09,-2.40217E-08, 2.89201E-08,
 2.11730E-08,-1.33538E-08, 2.45882E-09,-2.45138E-08, 2.83522E-08,
 2.17143E-08,-1.24907E-08,-1.02061E-09,-2.52991E-08, 2.71208E-08,
 2.23049E-08,-1.07759E-08,-3.76795E-09,-2.49826E-08, 2.59998E-08,
 2.28202E-08,-7.42098E-09,-4.86946E-09,-2.29687E-08, 2.55672E-08,
 2.16106E-08,-3.35781E-09,-4.53007E-09,-1.96438E-08, 2.58430E-08,
 1.82503E-08,-3.01281E-10,-3.76850E-09,-1.67038E-08, 2.59516E-08,
 1.44967E-08, 2.41460E-10,-3.67171E-09,-1.54925E-08, 2.48199E-08,
 1.15710E-08,-1.32014E-09,-4.31557E-09,-1.60107E-08, 2.22499E-08,
 9.45654E-09,-3.05712E-09,-4.81094E-09,-1.67408E-08, 1.92199E-08,
 7.37249E-09,-2.71701E-09,-3.92896E-09,-1.61346E-08, 1.69115E-08,
 5.04196E-09, 1.29677E-10,-1.21586E-09,-1.38754E-08, 1.59621E-08,
 1.59759E-09, 4.04237E-09, 2.42715E-09,-1.12671E-08, 1.59446E-08,
-4.40810E-09, 6.53282E-09, 5.54382E-09,-1.00707E-08, 1.56525E-08,
-1.31441E-08, 6.34991E-09, 6.63104E-09,-1.12732E-08, 1.43765E-08,
-2.21599E-08, 4.30218E-09, 5.95834E-09,-1.44574E-08, 1.19057E-08,
-2.88042E-08, 2.72545E-09, 4.90072E-09,-1.78003E-08, 9.42735E-09,
-3.29642E-08, 3.74905E-09, 5.48420E-09,-1.94452E-08, 8.37682E-09,
-3.53508E-08, 7.55042E-09, 8.20976E-09,-1.89254E-08, 9.38926E-09,
-3.68383E-08, 1.21458E-08, 1.20544E-08,-1.76556E-08, 1.14957E-08,
-3.84603E-08, 1.46482E-08, 1.50879E-08,-1.75543E-08, 1.30838E-08,
-4.18750E-08, 1.34996E-08, 1.59875E-08,-1.93648E-08, 1.31017E-08,
-4.70798E-08, 9.52380E-09, 1.52068E-08,-2.21950E-08, 1.16091E-08,
-5.14637E-08, 5.37203E-09, 1.41999E-08,-2.42307E-08, 9.87850E-09,
-5.25305E-08, 3.21724E-09, 1.51304E-08,-2.38328E-08, 9.05773E-09,
-5.02560E-08, 3.37094E-09, 1.85980E-08,-2.08405E-08, 9.97833E-09,
-4.63303E-08, 3.98402E-09, 2.38067E-08,-1.66597E-08, 1.18052E-08,
-4.19669E-08, 2.64599E-09, 2.84105E-08,-1.32953E-08, 1.29746E-08,
-3.82184E-08,-1.71776E-09, 3.06995E-08,-1.18911E-08, 1.23081E-08,
-3.60335E-08,-7.98245E-09, 3.06072E-08,-1.18004E-08, 9.99194E-09,
-3.55063E-08,-1.36860E-08, 2.96427E-08,-1.13571E-08, 7.49152E-09,
-3.47967E-08,-1.65834E-08, 2.95782E-08,-9.50189E-09, 6.16715E-09,
-3.17930E-08,-1.64046E-08, 3.09807E-08,-6.36569E-09, 6.41989E-09,
-2.71611E-08,-1.45362E-08, 3.30444E-08,-3.35549E-09, 7.54421E-09,
-2.29083E-08,-1.30888E-08, 3.40224E-08,-1.88181E-09, 8.37790E-09,
-2.03275E-08,-1.29464E-08, 3.27481E-08,-2.59307E-09, 7.83801E-09,
-1.96948E-08,-1.32787E-08, 2.91352E-08,-4.77437E-09, 6.03327E-09,
-2.15168E-08,-1.23827E-08, 2.45824E-08,-6.75565E-09, 4.00483E-09,
-2.54874E-08,-9.15501E-09, 2.06222E-08,-7.39019E-09, 2.87704E-09,
-2.94814E-08,-4.29188E-09, 1.80604E-08,-6.81543E-09, 2.80380E-09,
-3.12726E-08, 6.93373E-10, 1.62818E-08,-6.17108E-09, 2.92346E-09,
-3.07918E-08, 4.08000E-09, 1.41940E-08,-6.20985E-09, 2.19208E-09,
-2.94647E-08, 5.82665E-09, 1.10372E-08,-6.98378E-09, 2.37483E-10,
-2.77522E-08, 6.53591E-09, 7.19191E-09,-7.31763E-09,-2.62175E-09,
-2.54096E-08, 7.61830E-09, 3.53401E-09,-6.30888E-09,-5.46885E-09,
-2.27323E-08, 9.49070E-09, 8.69035E-10,-3.42849E-09,-7.56989E-09,
-2.06112E-08, 1.14262E-08,-8.18035E-10, 8.11907E-10,-8.80908E-09,
-1.80078E-08, 1.21344E-08,-2.45930E-09, 4.95008E-09,-9.80647E-09,
-1.28669E-08, 1.07204E-08,-4.85779E-09, 8.03802E-09,-1.15009E-08,
-4.97957E-09, 8.17285E-09,-8.42998E-09, 1.01479E-08,-1.38163E-08,
 4.11011E-09, 6.05926E-09,-1.24584E-08, 1.25641E-08,-1.58756E-08,
 1.35799E-08, 6.02961E-09,-1.59769E-08, 1.60310E-08,-1.67530E-08,
 2.28188E-08, 7.73513E-09,-1.84889E-08, 2.04059E-08,-1.62014E-08,
 3.03130E-08, 9.90323E-09,-2.07050E-08, 2.44426E-08,-1.48073E-08,
 3.50577E-08, 1.08120E-08,-2.38087E-08, 2.68575E-08,-1.37040E-08,
 3.77878E-08, 1.00118E-08,-2.85521E-08, 2.70215E-08,-1.37110E-08,
 4.09572E-08, 8.55414E-09,-3.42695E-08, 2.56290E-08,-1.47483E-08,
 4.52114E-08, 8.32736E-09,-3.92422E-08, 2.43150E-08,-1.57889E-08,
 4.92535E-08, 1.06525E-08,-4.19248E-08, 2.43486E-08,-1.57093E-08,
 5.18998E-08, 1.47383E-08,-4.21458E-08, 2.57670E-08,-1.44779E-08,
 5.30403E-08, 1.84502E-08,-4.11757E-08, 2.69847E-08,-1.33325E-08,
 5.21647E-08, 1.95197E-08,-4.07677E-08, 2.66202E-08,-1.36536E-08,
 4.84369E-08, 1.74797E-08,-4.17085E-08, 2.45825E-08,-1.59608E-08,
 4.36588E-08, 1.38396E-08,-4.32694E-08, 2.19242E-08,-1.94425E-08,
 4.07678E-08, 1.09305E-08,-4.36040E-08, 2.03369E-08,-2.27747E-08,
 4.10057E-08, 1.00283E-08,-4.11594E-08, 2.09561E-08,-2.45750E-08,
 4.27504E-08, 1.07201E-08,-3.61949E-08, 2.34230E-08,-2.44950E-08,
 4.45310E-08, 1.09037E-08,-3.03898E-08, 2.62658E-08,-2.38172E-08,
 4.58093E-08, 8.84153E-09,-2.63672E-08, 2.76432E-08,-2.38839E-08,
 4.61470E-08, 4.11640E-09,-2.50320E-08, 2.71537E-08,-2.53681E-08,
 4.52809E-08,-1.55565E-09,-2.55757E-08, 2.58914E-08,-2.73178E-08,
 4.40954E-08,-5.81338E-09,-2.58819E-08, 2.55039E-08,-2.80909E-08,
 4.49786E-08,-7.15338E-09,-2.44331E-08, 2.67930E-08,-2.66646E-08,
 4.84586E-08,-6.03206E-09,-2.12272E-08, 2.91600E-08,-2.34209E-08,
 5.22992E-08,-4.45494E-09,-1.77741E-08, 3.11363E-08,-1.95645E-08,
 5.44617E-08,-4.17121E-09,-1.60864E-08, 3.13652E-08,-1.66499E-08,
 5.48916E-08,-5.65527E-09,-1.66875E-08, 2.95687E-08,-1.56656E-08,
 5.33978E-08,-7.33724E-09,-1.87145E-08, 2.67584E-08,-1.58157E-08,
 4.90067E-08,-7.64004E-09,-1.97377E-08, 2.48939E-08,-1.58272E-08,
 4.24205E-08,-5.57236E-09,-1.83965E-08, 2.45942E-08,-1.47241E-08,
 3.56033E-08,-2.12270E-09,-1.47806E-08, 2.51707E-08,-1.31203E-08,
 2.92001E-08, 8.98209E-10,-1.05274E-08, 2.53483E-08,-1.24302E-08,
 2.18396E-08, 2.26885E-09,-7.20474E-09, 2.41338E-08,-1.36330E-08,
 1.23434E-08, 2.06315E-09,-5.08983E-09, 2.19789E-08,-1.68078E-08,
 1.44385E-09, 1.65622E-09,-3.30387E-09, 2.00214E-08,-2.09167E-08,
-9.72175E-09, 2.49680E-09,-4.75205E-10, 1.93413E-08,-2.46849E-08,
-2.13712E-08, 4.96759E-09, 3.90679E-09, 2.03619E-08,-2.73085E-08,
-3.33475E-08, 8.03799E-09, 8.99599E-09, 2.22065E-08,-2.89786E-08,
-4.36566E-08, 1.02907E-08, 1.31235E-08, 2.33540E-08,-3.08367E-08,
-5.10570E-08, 1.11255E-08, 1.51047E-08, 2.31012E-08,-3.36964E-08,
-5.65444E-08, 1.15123E-08, 1.49348E-08, 2.21613E-08,-3.69676E-08,
-6.08486E-08, 1.30321E-08, 1.39083E-08, 2.19153E-08,-3.93810E-08,
-6.34864E-08, 1.66656E-08, 1.32751E-08, 2.31557E-08,-4.00168E-08,
-6.45068E-08, 2.18205E-08, 1.32154E-08, 2.54865E-08,-3.87228E-08,
-6.52740E-08, 2.70171E-08, 1.25620E-08, 2.77478E-08,-3.64730E-08,
-6.64016E-08, 3.06160E-08, 1.00702E-08, 2.88289E-08,-3.46555E-08,
-6.65095E-08, 3.24319E-08, 5.13723E-09, 2.82692E-08,-3.39348E-08,
-6.40641E-08, 3.34238E-08,-8.68377E-10, 2.72074E-08,-3.41851E-08,
-5.96073E-08, 3.54839E-08,-6.05149E-09, 2.71219E-08,-3.40186E-08,
-5.48587E-08, 3.93912E-08,-8.93395E-09, 2.89623E-08,-3.25301E-08,
-5.04547E-08, 4.39780E-08,-9.56570E-09, 3.21460E-08,-3.01996E-08,
-4.69027E-08, 4.72530E-08,-9.60447E-09, 3.46989E-08,-2.83920E-08,
-4.55719E-08, 4.74205E-08,-1.05227E-08, 3.56000E-08,-2.86167E-08,
-4.70730E-08, 4.49749E-08,-1.29666E-08, 3.49569E-08,-3.10665E-08,
-4.93810E-08, 4.16998E-08,-1.56147E-08, 3.39898E-08,-3.48631E-08,
-5.01463E-08, 3.97963E-08,-1.66358E-08, 3.41470E-08,-3.84473E-08,
-4.94294E-08, 3.99968E-08,-1.48259E-08, 3.60600E-08,-4.05384E-08,
-4.84037E-08, 4.14252E-08,-1.10957E-08, 3.88268E-08,-4.11280E-08,
-4.76340E-08, 4.20030E-08,-7.61859E-09, 4.07283E-08,-4.16626E-08,
-4.70738E-08, 4.02379E-08,-6.60274E-09, 4.04598E-08,-4.33716E-08,
-4.69555E-08, 3.64697E-08,-8.57545E-09, 3.82102E-08,-4.63063E-08,
-4.69344E-08, 3.25258E-08,-1.21050E-08, 3.56873E-08,-4.92836E-08,
-4.49993E-08, 3.05751E-08,-1.52742E-08, 3.43170E-08,-5.04253E-08,
-3.93231E-08, 3.11374E-08,-1.67402E-08, 3.45769E-08,-4.89896E-08,
-3.04130E-08, 3.29455E-08,-1.69316E-08, 3.56172E-08,-4.54504E-08,
-2.06247E-08, 3.38215E-08,-1.76743E-08, 3.59746E-08,-4.11553E-08,
-1.08513E-08, 3.22448E-08,-2.06284E-08, 3.49033E-08,-3.78779E-08,
-8.60326E-10, 2.85358E-08,-2.59338E-08, 3.26138E-08,-3.60983E-08,
 8.78529E-09, 2.43130E-08,-3.19512E-08, 3.06780E-08,-3.47653E-08,
 1.77684E-08, 2.10564E-08,-3.61504E-08, 3.06490E-08,-3.25122E-08,
 2.72434E-08, 1.92770E-08,-3.75005E-08, 3.24486E-08,-2.87170E-08,
 3.85702E-08, 1.76582E-08,-3.65112E-08, 3.50362E-08,-2.44140E-08,
 5.05804E-08, 1.47160E-08,-3.50862E-08, 3.69523E-08,-2.10711E-08,
 6.12100E-08, 9.60829E-09,-3.44779E-08, 3.75155E-08,-1.97728E-08,
 6.94101E-08, 3.15786E-09,-3.47455E-08, 3.72067E-08,-2.04718E-08,
 7.53186E-08,-2.85375E-09,-3.47143E-08, 3.70609E-08,-2.20023E-08,
 7.86933E-08,-6.96518E-09,-3.29992E-08, 3.77864E-08,-2.29337E-08,
 7.89034E-08,-9.13754E-09,-2.93149E-08, 3.92550E-08,-2.26429E-08,
 7.70217E-08,-1.06140E-08,-2.46759E-08, 4.02011E-08,-2.18301E-08,
 7.47217E-08,-1.24307E-08,-2.11232E-08, 3.92588E-08,-2.17101E-08,
 7.21982E-08,-1.49100E-08,-1.94754E-08, 3.64668E-08,-2.30711E-08,
 6.82857E-08,-1.68085E-08,-1.95962E-08, 3.27013E-08,-2.49489E-08,
 6.36380E-08,-1.69807E-08,-1.98545E-08, 2.93423E-08,-2.62120E-08,
 5.93533E-08,-1.47733E-08,-1.91570E-08, 2.69591E-08,-2.58743E-08,
 5.47935E-08,-1.10267E-08,-1.76271E-08, 2.52249E-08,-2.37855E-08,
 4.91801E-08,-7.50626E-09,-1.63412E-08, 2.33791E-08,-2.12203E-08,
 4.35650E-08,-5.57143E-09,-1.67465E-08, 2.04839E-08,-1.94646E-08,
 3.99706E-08,-5.30685E-09,-1.89807E-08, 1.67362E-08,-1.92355E-08,
 3.86567E-08,-5.38027E-09,-2.18233E-08, 1.35534E-08,-1.97048E-08,
 3.83962E-08,-4.15464E-09,-2.32937E-08, 1.22843E-08,-1.93636E-08,
 3.83443E-08,-1.35387E-09,-2.23705E-08, 1.34115E-08,-1.74120E-08,
 3.84773E-08, 1.70409E-09,-1.96883E-08, 1.58516E-08,-1.45584E-08,
 3.78693E-08, 3.13963E-09,-1.71207E-08, 1.79580E-08,-1.23154E-08,
 3.53072E-08, 1.89839E-09,-1.62946E-08, 1.89112E-08,-1.19113E-08,
 3.19347E-08,-1.09063E-09,-1.72745E-08, 1.89057E-08,-1.34440E-08,
 2.99271E-08,-3.68207E-09,-1.84602E-08, 1.89428E-08,-1.56014E-08,
 2.94768E-08,-3.82006E-09,-1.77855E-08, 2.01914E-08,-1.66762E-08,
 2.86690E-08,-1.25225E-09,-1.44537E-08, 2.28363E-08,-1.56518E-08,
 2.63878E-08, 2.80388E-09,-9.87324E-09, 2.53868E-08,-1.33786E-08,
 2.21178E-08, 6.05435E-09,-6.31671E-09, 2.62111E-08,-1.18543E-08,
 1.49031E-08, 7.57792E-09,-5.62636E-09, 2.43114E-08,-1.21187E-08,
 4.26437E-09, 8.09255E-09,-7.26069E-09, 2.05279E-08,-1.40168E-08,
-8.10550E-09, 9.66066E-09,-9.28377E-09, 1.64838E-08,-1.59582E-08,
-1.94775E-08, 1.39787E-08,-9.53011E-09, 1.33893E-08,-1.62863E-08,
-2.88666E-08, 2.06277E-08,-6.98602E-09, 1.16462E-08,-1.46268E-08,
-3.76766E-08, 2.78269E-08,-2.87472E-09, 1.02028E-08,-1.18289E-08,
-4.71229E-08, 3.29722E-08, 6.34857E-10, 7.99353E-09,-9.79636E-09,
-5.65285E-08, 3.51175E-08, 1.73369E-09, 4.32039E-09,-9.93690E-09,
-6.55347E-08, 3.48293E-08, 9.41626E-10,-1.30767E-11,-1.19339E-08,
-7.40356E-08, 3.39749E-08, 3.17448E-10,-3.27723E-09,-1.39240E-08,
-8.09937E-08, 3.40157E-08, 2.17468E-09,-4.30162E-09,-1.42760E-08,
-8.44376E-08, 3.50140E-08, 6.86361E-09,-3.28921E-09,-1.26370E-08,
-8.45748E-08, 3.55787E-08, 1.28794E-08,-1.48219E-09,-1.01972E-08,
-8.33743E-08, 3.39866E-08, 1.78622E-08,-1.97230E-10,-8.51851E-09,
-8.21644E-08, 2.99174E-08, 2.03212E-08,-2.22745E-10,-8.43619E-09,
-8.08707E-08, 2.45231E-08, 2.06311E-08,-9.39127E-10,-9.46536E-09,
-7.90994E-08, 1.99075E-08, 2.05080E-08,-1.32821E-09,-9.91983E-09,
-7.73652E-08, 1.73512E-08, 2.17129E-08,-6.62846E-10,-8.33970E-09,
-7.51922E-08, 1.64518E-08, 2.44791E-08, 7.50657E-10,-4.74179E-09,
-7.32704E-08, 1.61562E-08, 2.63127E-08, 1.33881E-09,-2.14116E-09,
